date,AAPL,ACN,AMD,AMZN,BAC,BLK,COST,CVS,DIS,DPZ,F,GILD,INTU,JD,JPM,KO,LUV,MA,MCD,MSFT,NAT,NVDA,PBI,PFE,SBUX,SPY,TGT,TM,TSLA,UL,UNH,WMT,XOM
2021-01-01,85.23105624369066,250.54924518850993,68.6376609199427,296.72173415012935,243.06119232416435,99.6789203835431,51.3805292809006,253.86535711370854,226.71433596190428,232.25179201024682,242.81758667148642,68.5111629335226,139.61643213606817,78.96726488128243,265.7758564688984,205.82453170688947,132.7245062131623,65.88958757150591,127.74558042891555,131.29583050668674,232.40154458451602,209.38936783880328,271.8031856440816,168.05373129048732,79.89856148457542,228.31119680574875,240.19626215422437,190.31929939237406,242.74179498864024,173.4488990910977,180.68320734549852,156.8852545896374,56.3547816860238
2021-01-04,82.69151479664338,256.34673245990905,69.88684535054726,296.89986815790473,241.72703634459526,97.03155179025488,50.78158523551322,256.07150231749324,226.0319485147378,231.37370709828645,245.37350629867115,69.56204742993219,140.3086961965305,79.31550470003411,271.71330992149024,206.4441215250732,132.27493028342235,66.86899968766843,127.14074891372532,130.2832650791959,238.67160959578527,208.37663202186596,257.0429178701077,168.7168402932777,79.54734266194737,227.75547104800575,241.71964304640912,189.92332683647422,243.4994786772355,166.61366782669083,178.38386472797677,159.80140079412794,56.34291891204512
2021-01-05,79.79137113330184,250.5579739832208,68.55834818224312,297.40728355337797,240.66172473888247,95.89195374568031,50.79012142401924,257.543183305253,225.1859880240085,230.16242590465185,243.21796282419135,69.89824821360172,140.34224217901232,80.14924306425826,266.7979978467218,203.87373259547502,133.5182860743224,65.72872616926726,130.59143391400366,134.250739329537,245.71395536956825,205.3060422172815,257.48340166377915,167.88801449321713,80.4521996943172,231.78974777478726,244.64293091852284,190.0051548790208,242.44183529155208,168.78188852417867,175.42797819228323,160.94774682827173,55.514881167771996
2021-01-06,80.86778387358184,249.77331187470423,68.0578550599132,294.03080145969307,239.79531268461153,96.86982380964334,51.59697774987763,259.1619328169177,230.12827911125726,236.11258799628038,241.5707601293306,69.75064521428622,136.84204297257267,81.45177881922008,272.4421943106742,201.0335900520515,134.52671926557605,67.49648629055561,131.1847896756145,136.70621412505818,246.66166293882262,201.1290552450261,263.26228962735144,170.3037495569194,81.18459912592331,229.68928677108676,242.210868230135,187.00468476018466,244.9417533004886,173.09747347608337,176.52981908301467,162.95558603591817,54.74094310911281
2021-01-07,81.13021996286423,242.5689893391243,67.05419548276036,297.58713345907114,239.2311415037638,99.01963937634078,52.02053746307716,267.1945397464796,230.53939418060824,232.95393032544357,241.39356125406013,68.93677781688365,139.29412250852792,81.51327771784598,271.8831748054074,200.65395339788716,135.73879253970128,66.84958119101454,133.18285853462643,139.79503860025568,244.97445604129936,198.0125219269712,260.457167750796,171.635527600193,81.29919550960595,231.2501306366936,248.1116036003458,187.68152263516058,242.49035098946555,176.78004755936774,176.71676634252884,164.8426268476991,55.704899953700156
2021-01-08,79.49124863322031,250.0098145004888,68.2766920438455,295.31150988773777,240.05904540884038,99.49057475026713,52.04488304405246,269.89640482622684,235.87088223030656,233.07108144957553,248.20112364928482,69.84313848708702,139.92296913565758,81.72139044444397,266.9529453100752,195.82109633704871,136.03685293842128,65.63266662840637,133.10611547510285,138.22518302322865,236.11468586851615,199.23949040309947,258.2167587423672,171.8304815320724,80.46320896720616,230.58169722318092,253.4595873690839,188.08429855676354,244.29694174957365,172.3707020200322,182.76528664291132,168.86781529871084,56.96090904344262
2021-01-11,80.92346026486067,250.17722673882494,68.89228887615488,299.5566017679423,238.50142821994973,98.70425359199696,50.76401313118857,267.74640281114665,242.17498354703275,232.40252474076053,246.55441561012427,70.16102941406167,136.01580275980973,82.77736937336736,272.456556317832,197.05898618920338,138.7432799088347,63.78385208216925,137.93170059146843,136.1037175245265,229.98647844412793,198.4596426414403,268.6268205840389,171.84467672191363,79.59836444394554,227.71414850048816,253.1459332085149,182.83244634440348,240.3279770331837,177.74650331419343,186.2325816342343,168.617037377394,56.5357288776564
2021-01-12,81.03442542232858,263.29193749017344,69.46282155527443,303.3049327941401,238.03468953050097,98.82251670789904,51.26460912523682,268.24678977276267,235.14652975058215,235.46357370268552,243.40120322969096,72.10541917887242,137.73956643831585,82.87200153585732,274.4177409876654,196.73709965172586,137.9851218866426,64.08238912467462,140.32326937987688,134.77636229701616,227.09137428903668,197.28678942835595,274.0932705002741,174.55219012971398,79.96719540182379,229.14959643472457,251.04215972875454,185.20209225429082,242.12518948104002,175.256887828763,181.70994680982514,165.99511855044804,55.92801853547391
2021-01-13,83.08482620331213,272.3724635808176,68.88636970234661,301.77039870479246,238.7492316552854,98.85380317609685,51.990893583538565,266.8378339313505,238.74897124504207,235.0087344315068,247.78264494056177,71.89357967440304,136.29537417488487,85.03561915088342,279.1750950795273,191.08710963411946,137.29522365765533,65.78855482195077,137.1589358878661,137.01750421815956,230.30448482445658,194.97964344475915,274.06772227779277,170.78967047755168,81.69765781201102,228.54613121222977,253.83811911782317,186.89619367229358,246.47942825789232,173.75623375592593,182.28949657629755,167.23535495558735,56.733659665207696
2021-01-14,85.17328270964873,269.6686505139792,68.01396526931369,307.3803195329375,233.65876229652505,101.70830860452392,51.76138559432895,266.9530393345141,236.28108745033367,234.9979895717062,254.45238765891145,72.63789325250563,137.5465902381492,85.1532199357487,272.83030110540693,188.49593887273718,136.7755228317368,66.45554914289097,137.36806785638285,139.9283756277745,232.6287174122684,195.18107416761782,287.5519525936703,171.57357463563517,81.30322653487511,232.95207430236863,258.04801062339266,191.88696753459126,246.21417662923952,177.16675411609063,178.6949453730366,168.97773669037232,56.59329529444171
2021-01-15,82.7481940256576,275.84956150121803,65.65863664397118,299.77122515344826,234.61272935222672,102.77376321347226,52.525879686843865,269.2677473086685,241.89445638110186,236.73173492248222,253.74657076530647,72.60644619486726,136.9082037178547,85.50696455863776,268.11969915378205,189.57483536977867,136.67051942311153,66.86507751414474,138.13131491217226,132.82334265323627,228.37586151091705,194.84269905876803,287.2426527175517,172.09391897663136,81.62189438901709,236.62664639689115,259.19085538678775,191.08444002095158,241.2841584009598,172.4123299330316,180.09584912313184,171.35241995219343,58.037280378112946
2021-01-18,81.30438784813424,274.1374762361845,65.99132265212337,308.14512560186176,234.94846066611922,105.70560468046183,52.665663638774205,272.83256937293174,245.89881508972923,237.22272955397997,248.38811044413094,72.3949252281018,140.6367409274622,86.53362751092989,266.30361596938207,188.5436034983371,133.94597115554703,69.00231119019794,140.52924236184788,132.44793684660183,229.3769317569595,187.81108956302083,284.33919281913256,174.5873979402988,82.60781184803834,237.52114035138854,259.1873496861081,193.3380508836408,240.49642469505727,166.80021701707278,180.14193217357092,172.2832695196191,59.11363417376437
2021-01-19,78.84395811061496,273.5036799408735,65.91334268369553,303.77471481784517,236.22332693072482,107.15320628487113,52.44232289185663,279.1972913811693,244.7467461492718,236.2795789646734,245.9274102388713,71.68447558826358,139.29614116611367,84.90589292532624,265.5265486953779,188.746717126902,130.42512641797774,68.86191447914663,140.6691124763352,133.9183730478049,235.22832481371628,190.56700006566822,280.67383225521246,173.28436819620683,83.2059872322112,236.33097962235976,254.9581705247541,200.09638766911186,239.6207816167267,164.7376354486826,174.77872716196245,174.2306941791425,58.17543808183407
2021-01-20,78.90158004405708,279.38587142081485,64.68617803677041,304.20144686281475,240.14778246653336,102.5103916126265,51.81449096500703,276.56961610133436,244.1067824712752,236.26972071976598,240.52842588780982,71.12650296884637,137.44339780681244,84.52475496731596,266.49333490643414,191.60187227174742,132.08938485275706,69.85600408636962,138.35216149650194,133.9206876701806,247.14768320547475,193.89992010146136,278.1073341225475,176.25550200468055,82.8475826925103,234.86160184405486,259.8734004763312,196.43086739866362,233.8739325133658,167.85416136423146,174.906083011257,174.55087960664463,57.839304372385804
2021-01-21,78.5090990633937,276.72768645529504,63.91492911357088,302.76697311334885,239.13835381917158,100.99681946395955,51.39826188667111,269.1980637176993,246.82020559244722,237.28482811870083,240.09898602085678,71.37722313278238,138.16535457349678,83.72630408010154,264.2695941247454,193.2893900742466,132.4456830463791,73.03041473122856,142.75190255048722,136.6188572230888,243.33211035971362,192.07087590622424,272.32409724543686,176.82808928141552,80.20962450501398,233.8924378997801,258.84388186043014,192.2396306570794,236.36991872930943,164.09684423376197,175.62039057915436,181.0105371409092,56.346639804455044
2021-01-22,78.26910232140446,274.395033381484,63.182671422479324,305.94719370859843,242.02978375320382,102.42484468370799,50.84934716452906,276.6267210325368,240.13539642726468,234.9768433525482,240.94955895497833,71.49428335765869,139.4222183096737,85.53133132627912,263.80087017596856,193.67553121791536,131.5543611983367,73.97993753879211,141.9072773358449,135.7060401223019,246.14388088361,195.49777380500626,259.97218492346315,177.55444186486574,79.9763950997648,236.23220574252915,258.01619382977884,195.92013852664127,234.4036896516385,156.97931464276647,178.27552818686993,179.07067248958836,54.91999734972109
2021-01-25,78.30523825247714,273.07351450225246,64.23106862035921,309.70417943071084,242.32632869884762,100.81005099831339,51.07416909282508,277.2627833223062,242.36434517104215,233.05450963294328,238.93837906379747,71.99480281532026,142.60446720135482,86.66034811470836,264.1851205649006,192.16596569623883,132.21457409728941,72.26364968752036,139.72280663791895,140.15024619292805,248.25937094624254,194.36870314568796,264.57686764216027,180.03673105657074,79.57823234985884,235.33096336955504,256.13919878909815,198.70753545677007,237.44191790792192,161.3698610460733,180.8623583724648,175.34616809286666,55.176936221771
2021-01-26,76.56031426213244,270.1551736611691,64.46565547672407,313.27059816587087,240.08059331374898,96.67243262441588,51.21819746452651,285.57123458513223,241.67016655682164,233.26299990190756,248.005450557138,72.5734042310637,143.2089157020374,87.19121068894323,265.2829141280608,188.64689035810008,130.17456094767329,75.29176925072575,140.24333422237072,140.4614500144991,247.8517452817592,196.98559482002682,279.1357974647976,181.08814999401125,79.0467926323255,235.1247316619445,259.93111630342634,197.11213777002123,240.14436723316788,154.0932679047491,180.34527139182083,176.8147339640917,56.3353638291252
2021-01-27,75.23964222781335,261.61041337865356,64.15547825181169,308.7283427073097,239.7475052408303,96.6701931240886,50.22053445614046,288.245162445007,241.1505465648486,235.86854464509946,238.6194851472352,71.67722961994248,144.5852952940278,86.28084351698841,264.6231154006985,188.67503192263857,130.45000591906896,74.20737233454953,140.6722548307914,138.15324417658243,251.3962274394505,196.62333685380113,280.07475014407703,186.1254044224263,78.03469974724979,238.5283199040953,250.7794676623056,191.3790474858222,236.42397243565628,150.52900471077083,180.9201635618291,177.51388749323277,56.107188491642894
2021-01-28,75.00751021557043,264.70238047420963,65.23297616037026,303.43999306932693,238.8712564882911,96.55808175321408,50.59284264379297,285.9463294484707,240.88885166326625,236.04005334313675,235.12821298437126,71.0525098226986,144.8932550339553,86.14718384183631,266.7888359584553,185.48180078263584,129.94476708833508,73.85247838368348,142.9158866388536,135.42711805428598,252.67888342085254,197.49075178251078,289.98469578955894,184.20877375574514,77.44971496410578,236.40739162929097,245.2156018936222,196.34469185650266,232.75863596196086,148.10749478316112,184.3331828441265,173.54904672916928,56.80781012551706
2021-01-29,72.78150883187956,272.0253884352483,62.530720039588566,296.5552179735791,237.53344662184523,98.27820211728785,50.57487729013898,285.0308814632931,246.10688644915885,241.22520034095237,238.45315362285734,70.5277030510247,143.87233975228173,84.6915492006708,267.2576643065526,180.63380917857506,130.82481743325627,77.145384905806,144.92696021579263,134.09317981778682,255.51103506547614,203.02337870473494,299.76564310008825,182.31829598391457,77.94622017366463,236.14177048482608,247.95600780469965,197.48737081996464,225.84742348606102,147.0886260255266,184.90752555562,170.37666328885624,57.35317484932643
2021-02-01,70.45399607524695,267.462474371481,64.21837360138672,293.19516668834825,239.0425365771932,95.22217750832407,52.1838102552171,284.215651598569,246.55256256877053,241.75644867509843,241.4982928278558,69.21379552199332,143.9119716717343,83.96475638594511,260.16617724953846,183.595726282535,130.3158377331921,77.56512188456732,145.45558941480107,133.15246291405714,266.24590586882397,202.8827177452587,290.1149851011353,181.601077602993,78.43603713384931,237.51438190553128,244.37405974911968,200.19833494484354,220.859369839231,150.47717965687772,181.59908493973052,169.90760409708966,58.36158239556657
2021-02-02,70.64292534296165,272.3190166207448,65.02243004780003,298.3528041343844,241.8188412126761,94.45381036683092,52.68717110637273,279.6233103423786,246.40603053542975,243.82480091361506,242.17209606822797,69.64279649409548,143.4199131547513,85.25895286028013,259.8686608349862,182.23004596528872,131.7165495481969,75.25237200579181,146.8898984201374,130.24173756133698,273.45283375950527,202.00751327090867,290.9679484850615,182.4468311001867,76.67635327479272,236.07978483874547,247.89959435123592,202.76690429386298,221.74295923119217,146.49471401905694,183.1504318032999,171.52045708557685,58.41163990676275
2021-02-03,72.52538420545488,268.41760095974354,64.39383537038808,288.7645500600301,244.25569392102815,95.00023517863092,51.38071782048935,274.404706402002,243.13211737049286,245.85052277974705,240.65334564195445,68.96874408792496,140.9270290786259,84.08507005140237,251.98698200302832,178.6953460558336,130.09861143183312,76.38667286189474,146.45001609732935,127.98416474567205,286.9246808878122,199.7647062954889,298.23717330586857,185.65167454736167,75.27819578140479,236.363446863502,246.21328932777342,201.09239403817287,223.41165335602855,144.69373668256293,181.95045966536227,171.17744407549742,58.06281498586034
2021-02-04,70.73465125669908,273.16869174757886,65.75270825342122,290.18683549529766,243.32486503788866,93.80644128404927,50.847022539050954,281.7402351055491,246.81312296397942,243.9228551540674,241.48048099035432,68.68620206754679,142.45155871309075,84.7149630011511,256.4308895542361,176.25372373533065,130.2917378333173,73.5597802893247,142.9807162616767,130.42686858012107,281.3910488978361,196.95386508852394,298.21276013297626,187.07313935872165,74.35535428909434,228.36757412426797,243.3727888033625,204.66202650088084,224.47899648732937,148.55727110048576,179.16280920351286,167.60148459763965,58.50722865878499
2021-02-05,71.1073693124811,275.0728952866034,66.98812872055522,291.91876447655966,244.43088764095518,95.03549953472026,51.237111489192536,284.5439525128559,250.82783507730068,247.74977901565418,238.22248702755985,69.14173584949638,141.56827148772743,83.79183089903717,253.65324511219941,177.70918240769544,130.96787433200413,74.21343515011628,142.38831327521103,130.44775484501085,286.2650173893279,192.05586617199543,298.39518998852157,187.30493421798457,75.04906760178683,225.40262903853895,248.39895904086538,205.35173239794455,225.32936039790792,147.37878626540777,180.5737523349179,167.73638825074525,59.67611925111917
2021-02-08,68.95508074998396,276.2130878080355,67.54758255241875,291.2980460227372,243.42629401350916,94.42341229260528,51.37706044153573,279.0759951865486,254.7339336843713,246.68322051444946,238.85696355644419,69.49999877233664,140.30171230240967,83.66125119474732,245.56068444933413,179.87224776830558,132.67771046960942,71.5406345541288,141.30666151367063,127.08823727541656,285.27716540118433,194.20435465117126,304.693870218045,189.5925355174984,76.25400293979342,225.00434883556295,244.61441811441037,205.07585523780867,227.25270038147738,143.82749269779578,184.86580222301723,169.73487026627322,59.48113995975844
2021-02-09,67.92185138317805,272.3401117808984,67.66610422690961,290.51250306954364,245.95990891541106,93.84914609841576,51.77361077481049,279.12176534048166,255.89418197782305,246.22901712177867,242.41426056027058,70.176418967814,141.5071908599682,84.36017485990041,241.91234976304742,180.84955143298134,134.67788799203552,72.31877085763422,138.5612611670532,126.96478343507309,287.5677061387716,191.74348009166414,296.1274522985902,189.0149198148353,75.60699806917523,225.0756055762378,239.44143814211483,206.8059057009309,225.4835845423839,146.70729086200367,184.2164525938965,169.70974504020296,59.319184367237845
2021-02-10,66.93663612509596,287.387628378367,67.03036337614168,294.59270238849166,243.15333618571552,94.49151132324631,52.15239332124762,279.1821057617458,253.69179458670502,245.69486664177103,240.37619793789545,72.38819746040436,141.50268383258197,84.97097357850787,248.9436150664921,178.30343519353212,134.7712988620985,71.91061175647785,138.3577361352157,126.49297832548191,283.3033484267878,192.40190860414097,289.59967521626226,191.05484197994585,76.19424896965006,224.06858904650468,238.0465305222928,207.6871250199909,223.2567727297711,152.09405414286755,185.20152647692095,170.6098285547567,59.986688813591286
2021-02-11,66.11936156107704,294.3333240106371,67.20116511354719,298.4391055803852,242.68916827695546,96.77704259167933,52.47291172548998,286.09516397258056,252.3045920623719,246.29804851936075,235.24503214399118,71.93901309698985,143.12226900059554,86.28097375007023,261.07641609334615,178.04670553403434,133.33137877425554,73.10643643364399,135.41671272868808,128.03264496191855,280.4334762405294,193.11566814461676,296.35955830429197,190.88644519767394,77.06988875591664,226.14132023718884,232.15245292863258,205.07955147016074,218.89151988316294,158.2748595508145,184.99287113794637,174.63382813960905,58.417722324577454
2021-02-12,65.32142529497052,299.5728638346615,67.45809540317744,300.6640905819616,239.50984613785164,99.22452409978719,53.09363699884927,287.498831327822,249.68378770881176,247.19385249563115,233.81307867436442,70.48108985223027,143.0468728531398,86.11691465411035,265.5904742269121,171.68815757092818,133.73464547815854,71.3111938817373,136.27512677298068,129.0680155161057,279.99265047604683,195.80285410764148,288.7108256064057,193.18894341312534,76.44579717145554,222.74586177935973,231.34029520474397,199.06679684485553,219.68564272129004,157.46380539651994,188.26712611714225,176.14397281582845,57.11348460474769
2021-02-15,64.1672696936814,303.06699192304825,68.60972255115806,305.6939985713911,242.68598782659993,99.07375975337791,53.3889597680251,291.77103256192606,248.57657252289374,248.23006891612093,232.21796892531054,70.02446908211138,143.22313831444922,85.34503439578823,265.072470707993,168.83289945016148,133.46904740587948,72.01968869727028,134.76709061847856,129.1048336660854,280.86592678010135,197.33500210779997,287.9262616448251,195.4740809354418,74.57840746353759,229.50490603036076,228.66855986398735,200.28213122978818,217.12480560795817,159.49766731673077,189.05926646937584,174.69325194172217,58.125741550817544
2021-02-16,63.950019204095575,306.7778866265628,67.40525034589332,305.67483353076466,247.98478458985423,100.82255780201605,53.64164073464819,290.47543284156325,248.918052292229,248.82230226469133,234.4062792791843,69.10751824607244,144.99065303431004,84.12642720820676,272.12078421630355,166.7408991911865,133.9696235859966,73.6178591107773,134.13996886932912,130.05560412390216,289.41018572813044,199.25731639392762,290.11752659330114,192.08110283538167,73.77582056801421,232.0315186251269,230.48392430888762,202.42647690687568,218.9841144261294,163.64539758962508,188.43590624331304,174.9986815324627,57.165283474118105
2021-02-17,62.23173492166758,296.17092097653887,66.26353777555661,312.1545182526888,243.956049594758,100.28081419000411,52.617281258308545,288.7028892231401,249.6599388202176,247.21310992221552,239.8044659869349,70.50347873325272,139.35359115032404,83.37746365012134,272.4172573221083,169.86028369456594,133.28807337257714,73.59872641374119,131.21567264484977,125.891813055639,298.2774313328223,193.20085733468866,304.7305037333132,193.61394401655363,74.39907523912018,233.48050783371826,229.73894335713356,203.62929367448987,218.52910636873057,165.45870760097338,188.41189535640459,172.8832516748712,56.365645812522644
2021-02-18,60.94158241507808,302.5555068188874,65.48446934472663,304.4296807395396,245.04196598804725,103.07307837124635,53.23657478204918,286.9337549707058,243.59819646613371,246.99162632561013,239.00471449423068,69.67535074746036,140.77899368654099,85.47913392992545,273.4268953784926,170.3296511518077,131.85776532505338,75.87401767473905,131.05061913684327,124.36076307445853,298.739014323149,194.77689088528984,305.65367472391466,196.15320497777913,74.76337729898229,232.92432270976062,231.0339844643932,205.15555777046222,214.9893372215942,169.28825493283543,187.6872561603851,172.29742526001888,57.064870442664095
2021-02-19,61.93131815415483,298.10876492218375,66.54465890053986,302.2762160314452,249.90109337208207,101.55191338259091,53.43390917764514,284.61614051317696,252.32126408503464,244.09375606164147,241.63622438159857,69.06228961065263,139.94645687104028,86.01590054472005,278.87728458763166,174.93157181847351,129.52466480061275,76.32854851775116,134.80278307563154,119.98913073811457,300.75974404640266,194.79134138755555,308.3627782977467,194.61541448230253,73.51771835425876,228.60740470646002,234.15391029125811,208.49326798828596,215.90403605157414,167.50238962094446,183.55015181629074,173.59430089430668,56.05607482546036
2021-02-22,61.00277636433279,294.4537479262358,66.3067051801079,299.34706241317605,250.04123362590462,100.42700624838288,54.00471397884587,287.99729956574123,252.83063090442764,245.31787140838205,252.5719681024176,68.07487860952116,136.95869216319466,86.83605214433263,287.74126984938476,174.21268038905626,132.21902901417656,76.50133635228094,133.0752688348259,117.49561739132494,304.77734886110073,191.80912415177409,308.9197183573979,197.95527420749903,73.27199852019253,231.74344100363936,230.37536746491517,206.96441516231886,212.1042518618187,167.74895968103615,185.62109345345044,173.79549189240115,57.192822262463075
2021-02-23,60.03945687406614,295.9926976126466,65.64299245759942,300.89365723149274,251.44112535552767,101.49929990640568,53.15049101638733,285.33318156393557,250.13106147944364,244.8448293073782,253.02972324170418,68.72480519131274,134.95709371438684,85.01259110873406,297.8824837660513,171.04557362363116,133.56121482678685,76.56634094339242,133.74418627098783,117.50201355979632,302.42489572696945,193.34757148912684,306.1073004979179,200.46706108874247,73.79284119459417,233.24700277097776,228.84054247846285,206.3256404977923,208.95999145605904,166.57839526583732,183.02009646024447,176.8171000051282,57.24515768124155
2021-02-24,60.266069441406046,294.65651869943434,65.9176510256323,311.01935771142587,250.68740579161684,100.32312557958674,53.58016143881497,277.6580030400689,250.46076020415535,244.05212274654306,247.83178990382783,69.20451071981336,135.1368655364559,83.00352040489801,294.85869915218416,163.1845958342937,134.05683294400617,77.05096926752026,131.74540697380297,118.87108413055518,294.5599064362967,190.22083647733086,308.8376543313627,199.0712618477723,73.76049810897437,232.0402006103895,227.61237353845203,205.30302878488357,207.1408748732918,167.58670652640242,181.48673279306428,176.88527215083147,56.57494475213457
2021-02-25,58.32595432840436,300.62830603249967,66.58704804987717,320.734062208245,247.95834912431755,99.95473680664097,53.482848528270736,280.82783267414544,248.55416157247885,241.3479622259869,254.166136782703,68.96120738268078,137.3173835620712,83.87030596813108,294.7597186680319,162.74296065258977,133.47333839254418,77.03885889222197,133.97334945049872,116.88309454219772,295.29193792746867,186.66185780130454,302.46596590896496,199.06352912400965,72.0795249321977,236.98930475091902,224.00458003412461,205.24646761065492,210.35197579993073,164.73803136909711,175.812227753778,175.89792763827035,55.779705822006264
2021-02-26,55.55879225040432,302.58874043680373,66.87814940477206,325.75252841995575,245.05779362158185,97.11721918012658,53.1634666928932,280.6905948696384,252.2519979587186,244.8412477335635,260.69873181031863,69.23879871738298,139.3366972151891,83.17089000547182,295.5971673125446,159.62824568117193,133.60528787149647,77.20022961910114,138.5064066930705,116.32495671936168,295.91046526815535,187.43504758721855,299.6098406769305,197.43994605589285,73.22654331131604,234.77957097297917,220.05156112369102,207.32138743398588,213.58426251901048,163.26863629774473,174.80631519777057,176.5767156941427,55.145398770869626
2021-03-01,54.643377261708004,308.50220870036264,67.70017918635106,331.592531220589,241.85059065878124,96.24879353423734,53.393907010449105,277.98448020764664,254.884145948391,247.92909773184536,257.5356467129925,69.30758799019591,143.046253650572,85.21335912549426,299.1885507314226,161.20554878475787,132.30161303291155,77.81673999961005,140.02220746933594,115.81535922649437,292.35182116433083,183.42081014859548,288.86824825980256,193.47435991868056,73.7567331917646,235.23538877536336,218.65456241702455,206.39972240376298,214.23861672302598,162.73819736029893,171.62785478406414,178.71559975359037,55.42429560123418
2021-03-02,54.961738232105226,314.2456299988344,66.64699009244676,337.1005702972367,241.5382457479402,97.81619511582956,53.99105514779574,274.96233222942317,256.98363041168676,248.83691902212993,257.6958170417384,69.25930583151046,142.8806777861349,86.16139380882197,302.0111306189502,161.30805596601263,130.0295761798171,78.66831954271618,142.00899326994121,121.63812377520499,299.0080522057009,177.6190147927577,289.37262249462435,197.2690199258014,74.32982457738284,236.11977763867884,221.37879024281577,204.62634946833884,215.63627881532943,161.9325560972773,171.63963946842256,180.68187171849513,54.599066852386464
2021-03-03,56.50466251267875,311.4933429757737,67.00879436081885,331.0007467197145,243.4517439900771,100.41634762505855,53.58186292778736,271.75971088964525,258.18779703610244,252.5489959960302,249.99927341196576,68.32662392141454,141.78296186314952,85.23756618101558,298.1302118951851,155.90424322517273,130.9675606064018,79.26136303329102,137.47367443989737,125.48111750635073,309.6783149510955,175.38764328456153,296.59852831237947,196.13500433624614,74.51341999881414,234.25858608848594,228.16282669888008,203.8202630546408,216.0631921350305,159.73492698168468,176.2129531256669,185.1977171795814,56.073897815464136
2021-03-04,57.68012902251558,307.4201138879057,68.1270256415793,331.08487399356835,246.93820611164793,102.47163454301209,53.06853843587861,274.73677834646054,261.0470612075152,245.8266154293252,254.21745728803796,67.98683966747092,139.6165504985204,84.2977991305782,297.52814282322873,157.1534122901686,128.91031804693984,79.60172439079818,139.03142460059465,130.56517689133807,302.91384949126905,174.36854055502968,298.2653558180413,198.58405502884662,74.26663501901912,237.19781835092286,222.29342265898453,200.248200069072,217.11081915742372,155.3177713532392,173.41003798357352,183.96594654371083,56.78805601164261
2021-03-05,55.39279749817051,308.659376177007,69.54341966887007,330.34324486895173,246.01744342779477,103.22829016622819,52.92165904027644,279.1005700277535,256.6155435382544,245.80699846874145,255.30989053519076,67.6946226992054,132.7108205927595,84.13281287937302,301.887795962548,159.18582021592164,129.48244835000236,77.74411317867026,140.11745240711645,128.99246142852812,305.2100155803206,174.74784933094693,292.2209043498931,196.77728221069842,74.60454384923922,236.7817795910715,219.81803032788767,197.67381226285465,216.3395117588244,160.24151486244992,172.20157223711638,183.96587961791414,56.88735295287759
2021-03-08,54.074305248680986,297.22127644577205,68.17585139152132,331.54476671870253,246.297069095975,104.55698529277763,53.00426861633551,278.89918807499964,254.27524616715826,248.0720531117046,250.44772883019823,66.77953909737819,134.1064995941994,82.66176424991376,313.8257447439421,159.41594563003284,130.04659107986782,76.40748063152327,139.29701588593082,127.83720081481039,301.87053345978205,176.65568734211465,289.4934978860976,198.96112084417038,77.03426285373165,236.1902801893476,220.31305199777955,198.8124412067571,221.51930814460704,159.98135817856163,170.28072166615493,180.9976596923354,56.838862979911084
2021-03-09,53.564149579505674,310.5252416104355,70.6074714733946,327.13304577351937,244.4842825758129,104.70661486270077,54.13236346758923,279.2084252818837,251.785484242241,248.03451562321305,247.17572487601294,67.32666769544969,132.4740282755485,82.11515709645411,319.76071030121375,157.44902437131648,127.88225787189535,76.5780581425917,138.36114001867645,129.24771768611862,303.93189683425015,176.57930665697262,289.1482537223367,197.4773334273507,77.13460539913922,238.39455061961775,217.46702418112304,198.85661023905416,224.57780788943447,161.60083770840143,173.47780568994065,179.69958488364574,55.174186156196704
2021-03-10,53.801035209906324,313.07544900282113,72.5517173855956,332.45397057128525,245.93974382233634,106.175106399465,53.98277410176293,275.6264047273862,252.33010004324439,250.56255921378838,250.58773932975612,68.07813982705777,131.51811820213595,81.83980947878355,322.2897357593613,156.07102552139477,127.13958997532374,77.08727813934524,140.4249414152419,128.71120709605356,296.76052889387495,174.40571817577055,290.4182497693128,197.93427583579987,77.38055547971489,239.75311221462005,217.5245728039958,199.67400744171604,224.52645556425801,165.33883769242937,177.0379686104104,176.97786641903613,54.95032851029455
2021-03-11,53.84508445851783,311.38090788317993,75.17343897553985,333.560677058071,243.8830380726527,107.33601431578607,54.20847017835319,276.6823739215829,259.67051205262436,251.5409445500152,248.9990273604967,66.44059487431555,131.18014886588526,83.29812613367999,321.86578954731937,150.4834651945816,126.42707468609548,78.77664427520428,141.93172608718848,126.4416818317268,293.3709001946281,173.212513367506,286.41891244109075,193.79124642415223,78.1120690628052,242.90341170099896,213.13503264187096,203.32993195238924,224.3076550373093,169.42055596051858,177.19231736135265,177.32193712180026,55.289714485868544
2021-03-12,52.94843713423062,319.6356728545991,73.55820222895478,331.8988585293738,245.3022261566489,106.36327106405757,54.850149820067244,281.0318822004458,263.9110294476906,246.88013610742075,249.65199855630246,67.34877700117157,128.18941212056401,84.12455506430574,325.3682036695105,147.55323503582008,127.70731974578051,79.25705680470722,143.74319702753547,123.87834636824776,294.3517333930977,168.2879776352966,273.031250666908,194.1356688878184,79.1678404413012,243.63174341023938,212.99149522191817,202.84439313965987,221.6812513671891,168.67778418871117,178.2982740657988,176.35442641531748,55.97487261678452
2021-03-15,53.17727641453437,321.9432832409073,74.87507589861877,329.6986468291352,247.08595877836768,105.63332357847251,55.13610783957506,279.1795266672909,260.2490445658656,247.21078278267282,240.00146011356995,67.12938558458411,124.62286415212827,85.02241949273781,330.9287877806685,145.5052816994407,128.38525638853295,80.82998152366947,146.28465187089162,124.45599244204377,298.932806972111,166.460714238227,273.53501137302953,193.23571168010798,78.50270266285874,243.83187582168586,214.0364686859994,206.3204203555582,222.51693665559958,170.84854615285266,179.9914536345355,182.65235951496845,54.353853127592515
2021-03-16,52.40618643266414,332.4797945139574,74.38139172742974,333.717996610492,247.74401343518497,109.73969909795552,54.229451816793734,283.0887106453877,267.5750093533049,244.85031104686573,243.95879568492063,66.344010532709,124.73596769398034,84.74747855571063,318.49234477458714,146.53742411582326,128.63431336143216,83.47638443937504,148.04002140787154,130.6866736815148,299.6645076462104,166.18087438213274,272.5000804844866,192.39584113987786,76.48761754201337,243.4064409297077,208.1621253465108,207.72494672035617,219.07126614396387,167.8394770062055,178.38025718714746,182.19992830467243,54.364913206297324
2021-03-17,53.643202684404834,328.46749848389135,75.10815265398115,346.16956853884744,248.79500528396073,109.39299577757944,53.60542081516385,282.62107458483496,263.9635502118263,245.60698157444853,244.48453166817532,64.57810606917299,124.74097420646018,85.99284233443744,316.5099420765895,145.0026778453909,126.59547163112717,80.19673827113004,150.45170444531365,130.19420276837974,304.5662220116483,170.5777539043646,277.8652376820856,191.3517370099825,76.64342383524142,242.0230772480963,206.21251995574886,208.81160306651242,216.81360459980337,160.62726314028632,176.24510979285085,181.50811776900423,55.73390871422669
2021-03-18,53.08873401601726,332.2358724588523,74.88253555271025,351.97901101623796,251.93975317042768,111.75365963132136,52.23532576434738,283.4001980507736,267.2089579188033,246.64096340006853,247.7570057266408,64.65850033286671,123.14413728165377,84.07896258613616,313.30188456487986,151.50858222099782,125.90485392779877,76.87687785172021,152.61296962709255,132.59822557139006,312.871354702817,171.9663695709792,282.88492412661975,195.16422070463886,75.98891143974456,239.85546589719735,203.21485661974108,208.0793023705099,220.92730340152,162.3263764027529,177.51093214212636,177.30154538300874,55.113284934291606
2021-03-19,51.04932891803109,340.87084487208693,77.27336695894729,355.7674418266521,249.34930313256777,114.7979527105518,52.04301639908684,279.77870973883836,263.2793212698801,245.70049334808698,248.01096883376553,64.5584824828474,120.13137236724093,85.47118371884588,312.59232279241763,149.7727893781077,127.59401728609917,74.94383353857017,147.93772543722721,136.2507452914211,325.4515454539213,170.6408776894746,282.63728458432,192.86992083590027,76.01732383746415,238.8248083251325,202.97160192445892,209.3672848914908,217.9038058546594,161.16545439527627,173.1611996211403,176.5180058800778,55.03452344843755
2021-03-22,51.30619482241252,342.75782894544324,78.68032147155856,348.68453340983467,245.47254157072322,115.9117108360344,50.48147461971772,280.4778073369665,258.5303973612415,249.65675174333808,249.30994013862667,64.41127542919622,122.830451750025,84.28029688032093,308.2979441159485,146.73800919823535,126.33217944053476,75.0560350909214,149.37618336750415,139.07993825380447,313.44582865770803,170.16222118937142,276.14191730277275,192.50753891545736,78.18585956245907,239.6343464044244,205.49830881300716,215.4045035398373,221.16544092159774,159.7390298825042,170.16615026212008,176.48097615699206,54.53301968905115
2021-03-23,49.66491289458471,344.6653046826978,79.11556414345594,357.1019631416502,244.5757025671823,116.51121555318701,49.98569401474757,283.3179003200284,258.1064773174859,246.88670932763534,249.23676020809634,64.76430219179355,123.43543582435437,85.48419914827947,301.27948304441026,144.75151636725022,127.3195436386063,73.89862205500913,150.09578873502076,132.10939977154902,331.6682653212312,169.40316297487672,283.2008861475123,191.87887594465417,78.59748205511741,243.3550365228581,208.80856811248722,214.83797394988736,220.85829720356182,162.96274525783187,175.85360361247086,176.9544385960975,56.304338129001515
2021-03-24,49.41477458311269,351.9511722831071,80.86861578955745,355.2855950281107,242.68143998099836,118.95929386408514,49.59427739445697,280.68287165811137,255.43202094404288,245.68912093794728,253.73726340262553,65.2224015902096,125.06386918669668,85.9840031281411,298.4727523597594,146.42962161181126,129.13738161644676,74.85322941831338,151.42629037643064,129.98129087970537,333.2027689462658,167.07816151761355,283.0837758481517,188.63699678873476,77.10674593260948,243.00138473531803,207.30135715221007,215.23181839175487,220.55295858926715,163.06373789254175,177.4130141562022,175.92483435478243,56.108607397986276
2021-03-25,50.98393743762502,352.09505850179755,80.60843843530031,355.799012834304,242.31283950684428,117.45516794529999,48.86295415590745,278.47260529800747,259.03530130126467,244.26961858805726,252.9137762854203,65.83894195329734,124.4919029574191,86.7323129477386,291.2454601281635,146.1330825578734,129.2897276481077,74.9036423194653,146.71964289267646,133.36464138879754,327.427426148153,168.0498886715762,283.157461242142,190.702707756681,79.16784444557007,239.99039018045374,205.52507148375648,215.88113619609643,217.51440896385932,165.62363841602527,179.573127135384,177.24004328148422,56.330374855494135
2021-03-26,52.506962442958844,343.52658503694624,80.73570775873196,352.4459641193728,244.6764980504275,113.63890942565479,48.84770837093382,279.634842836372,255.29359210486595,242.8672343592937,252.99208207138255,66.67651237237132,122.26979301250758,85.75863994661181,296.58085763685665,145.50287869177373,128.1431141237311,76.10859841722244,145.37667720363982,136.32528794282024,323.0279099661427,167.61341725568892,288.87676731404656,190.3022283803619,79.90907495143315,239.943137051973,211.1569391856009,220.86092529041483,213.90374899091486,167.35621321383888,177.60128169468857,177.7137515461742,56.39830046314348
2021-03-29,51.34021213693167,351.59700663351157,81.08262812969421,351.23744334450936,243.5838784135528,113.93735032439635,49.152767216783054,279.3857195476369,244.27441633078777,243.01238689410076,245.47899681931403,66.53268042419377,119.295623115712,84.16528544750153,302.5437975852095,144.7639185110259,127.57769996757781,76.92161906602128,144.3718862522214,142.58128359410435,321.27821651292714,168.67442091883595,294.87284971503226,193.6064910547551,79.22994895126507,239.05035583106834,214.8748034945063,223.5094999262863,216.95977917573077,162.86469276194185,181.53860025092925,175.99687958437323,56.5803864041192
2021-03-30,51.183628664294524,345.10177832523914,78.8881639394638,343.3120731607049,243.94327700967287,110.85065388459734,48.329453541461895,278.8515693797963,234.4422216844817,244.99581853519064,233.41537762496,66.50069743679634,119.37171982405265,84.78961215338619,302.3851835710214,149.63643735352295,127.93510790926523,78.71117705642025,142.40519582672616,142.96074460540936,331.82378597077985,168.01334359554343,296.096647617776,195.67936871194075,78.55638551723517,234.03660155947404,215.660175728789,226.77014382578665,213.29423059861998,165.05349087259722,183.32308047018213,170.9068320402362,55.729252550345926
2021-03-31,50.7578053317991,343.88211176052357,77.76851627836398,339.81382308755934,248.38746882482053,110.64615754785076,47.83360292246661,278.8597860205732,236.50014353143172,245.22640779564844,232.4108782841314,65.98672759144944,118.017080596106,84.13055201216922,304.0723549602864,147.24596360912062,128.56117954686772,81.17191275220677,143.3257660258349,141.85290457770475,323.08958317656425,172.59577456614912,288.9153078404171,197.4982376473652,79.18089527428032,233.58946580332764,214.93313427979794,220.9422611071451,214.27719728121914,167.10445842002565,180.62200109181427,170.59228311811094,55.76873613624417
2021-04-01,51.40294887458269,344.02804531866275,75.34682018362494,337.5468688841109,249.0346707050891,112.35241697681252,47.39782146676301,285.78100994692727,229.64684767387794,243.9691465800232,232.00502651048535,65.85166741940367,115.50021866315399,84.65242271787133,305.92691499910535,147.38168236097025,129.09688325783821,80.44391655599814,138.96580874481538,139.71769267386554,324.216255196869,173.0924055342505,289.19398483239684,198.70359007904736,78.65861558842202,233.75937432082026,216.64574356365875,220.73947228160958,210.95025977039356,163.9422010699228,182.78927127750578,173.73728984787715,56.851704855590995
2021-04-02,51.66510337747002,335.31139235879704,75.35973830162357,344.7465743503435,250.73601995622818,111.94285602690773,47.851919865885826,281.9588669843371,227.22553257508125,241.47307000425934,234.29095014992822,66.48545039998727,115.22714047321325,83.68588865073471,305.8738509482702,146.23489243817582,127.9239046629302,81.05082512971873,136.9818474128252,135.14800578534704,315.3815960215186,168.46174366729238,290.73252786465133,199.07688310434665,78.77719585303002,235.24805487907605,220.21358207577765,218.93744965357055,212.13090148935956,158.87441754616705,186.40107712256952,170.98186561536616,56.203167570697936
2021-04-05,51.0143621452795,324.54086599373437,75.43028751282064,345.8480099517581,250.28020121640026,108.88081785044066,49.30178032395543,283.8021058019754,236.88670434356672,239.66260799256605,239.02705864829994,67.1809546778833,114.67529412346607,85.29690957419075,303.9393577186489,145.39527039270544,122.8296785427506,81.78631080753189,133.56177875741957,133.58466589253678,308.815370285188,167.43562254248144,293.49069417348954,199.15766394839812,79.47079730677476,238.35962316052277,219.15678181683933,217.50462674042708,214.83667505007327,162.18865588238802,188.40042260509813,168.91097580972402,56.5965634434725
2021-04-06,51.14006709950342,332.1225019111063,74.60871157002546,338.3913436943392,252.18322079910055,103.97205275053051,48.7692772467792,280.7648468057494,233.16317291902794,237.9975772629405,245.18538368611073,67.91936018127618,114.20501098216698,86.61691548956195,298.85919787210213,142.5962780818759,124.11641344776804,82.83408764398747,132.4103015379341,130.40615560372362,318.37181443575884,162.63327577115734,289.8412650878469,199.69665151231234,81.2212303617678,239.38631007026336,220.62851555017338,215.79984245293818,216.48989663853388,162.53183023497033,184.33646292053447,170.69060882844406,57.5034026803536
2021-04-07,52.033172051104565,332.47555580017365,73.24279476168964,328.2806538566391,252.65791700008958,106.03502879544655,49.508140846507224,283.4299948640882,232.9649971339238,240.6726657460189,249.96544628834218,67.58947134001282,115.63126556173354,86.01478374334972,301.49583883487105,139.62097975212276,122.37308386944268,84.76963511354744,134.8422739150395,132.18839630442343,319.02497371993496,156.17839492916087,289.41127016063456,200.71489425303906,80.73013689239518,237.7928661401893,225.03030554367805,215.67787780220135,217.8369387170043,165.05694627443154,181.84254194082737,171.1505925957888,58.75804245306216
2021-04-08,54.10561496595445,332.87653023487894,72.92301123111018,329.5707635258254,253.3676830274797,108.73620105068078,48.779285950063056,282.6959882502582,228.9896197912386,238.38009738241902,251.93804718354122,68.32307712247383,114.34499319800774,86.92452124945487,306.95020042656915,144.12435825199861,122.50424810390608,83.61718369822009,132.2942492412191,129.13561941781504,327.469503399089,152.22797333534027,296.95822477254626,198.93919750041243,80.09823758972496,237.54126675964665,222.93671157473375,218.64638105189636,223.05786660258698,162.91573533046275,180.8117465978347,170.81895552507544,59.2835300306036
2021-04-09,53.934523074686055,343.12650323547376,74.60541961583922,324.5331521363531,254.83309181060315,111.77565851778967,48.424011677286394,281.919302614834,227.17186757848833,237.29068387213042,243.29908944653366,67.21308803349996,114.54517213304145,88.719501635896,303.9956711799473,142.63851092599754,125.01529700333064,81.64747678495603,128.1617642607359,126.88930417421783,323.0756876728203,147.79314784535603,296.1857977468523,201.00034655026735,78.90431164531782,237.85912902347144,224.1774430505061,218.4504176190407,223.66991920040772,163.5595303633784,178.8354666696276,174.20807295157726,60.506127866526874
2021-04-12,55.332340106125386,350.8475515382892,72.35511931726565,328.66529205684225,256.6757691203012,108.72550986387446,48.273481271983535,282.9142028959282,233.254504749761,239.09918213426465,238.93831309099934,68.71159415203206,114.67691817233371,88.43348866017595,302.45172314925287,138.92402943042805,124.88496287299773,82.54641729307953,127.23978455098474,128.04120736816785,317.41194648288354,147.4560242679749,298.19479495335685,201.46148209870762,77.43275538027811,236.92414774722906,229.37308076658888,216.9775763221355,223.79389262333828,163.28064484922314,182.85174393948674,177.18460445035592,61.31276471144977
2021-04-13,54.19801580987549,353.7030070274373,73.18813331135927,325.7418858823213,254.35225984249203,112.13825113432607,48.06147944239139,288.1175755938159,237.00617890571317,240.16827055769343,241.20660766847317,67.53337660469529,115.14232248883171,90.14310235593483,305.81078761219084,139.2939400147493,127.46044693490845,82.23030275742143,125.75730608049292,128.47238803329878,322.5668325306559,143.23234224399263,300.0172044871675,203.25202213789476,77.2081172727653,239.67658043976243,231.41727188257562,223.81366087162084,221.72050778345044,166.0041033370449,180.3379566482414,173.53730791590334,59.318907911141196
2021-04-14,54.832579440082235,355.2359375594689,72.52445135337506,318.2663669900145,252.53512690503743,112.15743049526542,48.64180005674374,288.2040548661466,238.01992067428495,239.3802496287409,250.18741046662745,66.69854248142637,113.76053029187712,89.56868085640018,308.5219890239349,136.9686754220263,127.69624788398738,82.53880807513313,124.11358133282152,129.38924715489838,315.971505438421,140.55622222380995,300.67513175488364,199.77685401922625,75.28272128404863,241.07031379752524,234.7731330368423,222.38645442593352,219.8997434507534,169.36088659168334,177.54103770358458,170.52230313142817,60.01200273171411
2021-04-15,54.84965850734124,363.63168370592456,69.56057866276123,312.5066582925785,252.62513606478024,113.01807769548076,49.26887765285719,288.8972806716911,238.71045633203835,238.5635292320231,258.6451276541899,65.8030921697718,114.53210598547423,88.41005405674524,311.21775441479764,134.68628049468927,128.8520527088699,82.7537455071919,128.36854045617238,128.62883699238168,318.8386099902342,138.72271188740564,298.884979906867,200.05776458753442,73.94763472661478,237.7798835572068,236.7328663554032,221.98736483412264,218.30491663026103,166.89954044507581,175.88044825471175,170.8028041727276,60.4540903820103
2021-04-16,52.45389462300651,375.03594960428217,71.43850782093024,303.0828921589997,255.6239309469047,115.20489828697292,49.27457957554049,284.94649860951796,242.61889632505302,238.09798111273832,261.62693890918484,67.71949862489375,115.0891788009236,87.34924399152962,309.5944563738884,132.9786766390314,129.54396451760542,81.33512859880784,127.23105773530959,125.17070962891978,318.03909640258723,139.15498003761988,282.4777890870247,200.66488569927225,73.93016318186979,236.07293243767774,243.37461307543992,225.12826933229778,215.3221370089228,169.70876664761218,179.02040420382386,171.12703744270263,60.81657987131772
2021-04-19,52.841375732494605,358.6256894789373,71.197962331183,302.2273767280345,259.6109657055363,115.91297200142253,49.060529599566415,284.80167183574713,246.62288873521743,237.76640600183987,257.8328602063087,67.51654424125175,117.0754293327844,87.9478869110195,309.8579997054527,133.4138181966728,128.72488085698814,81.008016349647,125.64301794352315,124.3986518457948,327.11032482783054,136.64597980801685,278.43524856498186,198.08056613676695,72.66781658517763,235.73996181937602,241.39158504155148,230.9596591802564,214.61512696503542,174.12079050572058,181.51526362285315,170.69424363538323,62.94873380098066
2021-04-20,53.15223620250737,370.67470303732404,73.1989493959561,304.00274227811076,261.75510361791635,117.23886934968944,48.231205857446426,285.1183219680573,250.89306892114195,241.48360922664256,253.97460852553905,68.00602787740569,117.43367676842303,87.82629447290897,311.6725740542826,133.90825252302406,129.5807103693309,83.59255745083422,127.57402910849669,125.2347443036842,340.0743896258386,139.26127266045538,277.91957947778576,195.60633949932574,71.83944814635568,238.0639000177716,239.38351268265535,227.71186525644725,212.60630948658928,171.75964115165905,183.74396236636136,170.37804870537576,61.563006874081665
2021-04-21,53.19384190164123,372.5872399927402,72.53476232844186,308.81504525987674,260.63400894786406,119.6221220870292,48.67004491073386,288.1745372268849,246.68369522000586,241.8224310262176,253.69124658172763,66.82157332483752,119.81032864019947,86.88803600314625,308.6913247007484,131.72785254094563,130.68793810115002,80.8881716859041,129.12157634863692,128.06149353757525,343.9591023207969,140.9722720715219,282.4278455811898,193.71004590753577,73.10097193113928,237.07806095266454,239.2127647636664,226.69571168979792,214.03036789485054,169.9345594419882,183.9784489195742,167.6965647054358,62.74764233446755
2021-04-22,53.96939432419301,370.3676328012954,71.89098064506489,311.57975622670205,258.72527893883364,119.90504728194821,49.53043844741034,285.7550889186189,248.19217535643918,242.68259031928827,253.17251975535837,66.42846371587561,122.47402340536867,86.21294153137427,299.91205992943236,133.1318806266826,128.8840406071758,82.12389253155683,132.5009235664602,129.80102026609453,351.76100387201836,145.90812649888414,288.2646837310748,194.44368988245353,74.5614679544932,241.393943327555,245.0598298085579,225.1682561292958,210.40734654452046,168.0781983530355,185.85602921195036,168.07413437998554,62.54271526715818
2021-04-23,54.62718228570287,358.9010918841568,72.1118702455596,316.3546414229987,260.3004664240889,121.42514338809137,50.73663676371838,285.68511238156344,245.73941912431965,245.65796043569884,259.4443020669831,66.93511641600007,122.17022637473282,86.23119182405524,293.8888830852907,135.59333017393243,130.56295356631244,79.83673270588251,134.75337624526617,130.93377814437645,344.46766584745615,142.96595142689068,290.568320077949,193.6842494416904,76.21992102248731,243.82092178969882,246.6834169110359,226.9322652174602,214.11674898400938,170.9354168710435,187.21978710513102,165.97791091027437,65.74670694013818
2021-04-26,53.35870403756584,356.60664091167695,69.82736183302342,318.7383418353253,260.77388997775546,123.12785615844258,49.436097294892335,289.3390207527587,242.72248456572953,245.4021278048885,264.5433264190676,67.19150478473611,122.93958456560838,87.1747945047474,295.95443936709125,134.8583873789312,130.33976428466403,80.21784301481983,132.4789132320446,133.75099862795554,346.6128532229653,143.1632976800877,297.9869063743812,193.49436025671568,76.07784466947828,242.7515207844804,247.87869934507793,228.0069641315091,212.36330824886716,170.33557605778682,185.56926275119235,164.49517204225316,63.92607330597961
2021-04-27,53.10189945369935,343.8419767487923,69.21621606644017,316.26403644197086,263.7735299187752,120.90206668285799,48.880390192617426,288.26759300095506,240.5989641617686,248.85247325479472,258.31785331829474,66.90189812128007,123.71405785724606,88.22544571156573,294.20114082184375,130.71599189555948,130.14203858023575,82.61648794292068,133.2238631531756,134.43752703040965,339.1376805200483,140.37257330372037,298.12774664169666,190.6554889190812,76.81331054163887,240.8117938967032,247.84197179376514,221.9878295655089,211.36402308592972,166.3680449339472,179.7188403211614,165.68703796206927,65.66378526582685
2021-04-28,54.407709672320834,349.0652813883871,68.67604666901934,319.7798845905036,267.2981047922106,121.21310949014526,48.02522716247333,286.8284813756218,247.18990326675126,248.7758171095339,240.97020382409485,65.69748780655682,122.82858666841057,89.47364785198336,292.959947730183,133.00556597193432,129.37033036855803,79.18804770714468,131.99589534560292,135.44009492020956,341.06088837136565,137.42736609876744,295.9578692635985,196.19655806832085,75.71587793610584,242.5226789614188,240.94571982340545,224.82314565622383,209.02426141019274,167.70712128115133,176.57172511324086,166.3443741369529,64.70512980218989
2021-04-29,53.58766914784629,352.53663025533837,68.11833690807137,321.5119420546813,266.8081094594389,121.37280932635824,48.352084670904404,285.86528302649765,243.43378940170658,247.57714154055205,247.06372535553794,65.82763363151624,121.04038754661704,89.97292143411424,295.2056196546163,134.15877038013838,127.92086463867764,78.03937657316798,130.31451261940288,134.41610369634765,344.96931399336967,138.13547393687296,298.3338163269014,199.08042213643242,76.36363802720795,242.28975124127413,237.15606113416206,222.5969558261678,208.3946152436217,170.49905333677543,176.56487018399199,164.96261552057607,63.94324360526982
2021-04-30,53.51423618708769,359.506993603723,70.3006182158949,320.745626803017,266.7348686987261,118.75095087451227,49.784098585714084,281.6344955325018,248.027503620328,246.79114100937923,243.9844083459205,64.93811443192772,126.39149003152275,90.2573200509651,295.3482560114435,136.1351652477377,126.97574244563901,78.05591964921366,130.47981814922392,132.97036801118497,353.7328307692914,137.63858440936903,288.7585714036242,198.50451544301325,76.61438005553097,240.2409291044875,234.59678836545157,220.9255372824194,211.76957660541953,168.85816422962347,180.18028407037076,163.67999774318284,64.2885019965872
2021-05-03,53.01178973714906,365.53979981591146,68.79427861309189,324.0398046881641,267.11373678984205,117.39696900551863,49.66558614356837,286.558820212385,248.642472205633,245.18875524302663,237.91362866857654,65.38943265750603,126.87975580463038,91.11794087406062,288.5591694950692,133.57121245174883,128.73472055446675,78.63177539170444,131.84842998607746,130.28473080011622,346.69295374279716,139.9904728018785,295.171179947996,196.29189707721733,75.47830648073813,240.0900611191923,232.11307335324426,218.4067247068478,208.45996705634127,167.2953609757396,177.36316395278357,161.39702842457558,64.60760580427986
2021-05-04,52.95544247524639,369.5174118500854,66.62232048183229,324.19505286928563,273.1565184651161,116.62122849027884,50.289082934639154,289.27875756603913,252.11943684610014,245.69868283447659,240.74302047655848,66.00610678741317,128.37025374740264,89.7834813648978,280.8223436739107,130.24165239928018,128.35780031608653,79.663787004392,129.10384786542315,132.88406772805908,343.1808043996571,138.8391407120289,290.0451239852918,192.4776245002495,75.70821539190723,244.357665225208,231.9592110491799,212.74823472803135,210.6375770296875,161.97829088320373,174.4578526788035,160.92741196254104,64.74292484423127
2021-05-05,51.83053412736824,367.4347573865434,67.58440592009495,328.00073758201313,276.88808269021996,120.72688944502565,50.90906254033318,288.7298149379878,255.6214226900329,246.9408274137037,243.30211968203048,66.18819659275762,126.35028365214252,88.57433052618661,280.42624849357105,130.57686781393357,127.36652663632088,80.41161848937527,134.395098464879,128.05184752330314,347.4253104754009,138.6988725843181,292.83855780551505,191.65901513694126,75.59984782688048,244.78744169969198,231.05618710308386,208.22003410265455,210.07818080668548,157.4815287347977,176.11434116480024,157.1034338057884,65.84273832989365
2021-05-06,52.31545091435058,371.01983137882814,64.79182508742228,326.6853578400285,280.37734564651515,119.61244407641867,50.098195120106524,286.8554021901818,255.4279330251069,244.97734853422497,249.6563957257946,66.16706244046088,125.15356496627298,87.06266438214203,282.64879125206176,131.58355784305616,126.21515947131941,76.62176532597996,135.48513270772466,127.55484665875946,349.93259914576237,143.40193193185965,292.70017409319615,190.6763766516411,74.59612444939488,244.13465078076544,231.60243857673407,208.44176436861466,214.86451054358298,159.0556485127507,175.84380041676658,155.69655177657833,66.13538301355388
2021-05-07,51.31567072472067,372.59223921089165,65.43422539658127,325.86045203289336,278.55301719546384,114.99244386934122,50.97041159067889,288.2681039781356,257.2279250712999,241.33028167343372,256.9598370258029,65.81005794542922,124.55812407058104,85.8428455284446,274.72046807836875,134.11362611663512,128.17435272072285,76.36061291271318,133.75273604891717,126.54629857204063,347.4851833917912,140.52494599636725,290.9307702372007,191.0400313845491,75.53012564191366,244.28178921565302,226.75086710394498,209.56443494762948,214.23318975957395,163.45388816622307,179.44530207420925,158.71526419231876,65.53925220882631
2021-05-10,53.554771863376594,375.557769107153,67.57741810512114,323.8040939490263,277.72260516052046,115.57446664610002,51.09219133941327,292.4105834462912,256.3733728626669,244.22896686243465,260.92044862028905,65.66480710979884,126.0644846688264,85.31761351298637,285.2891186467401,128.41894226333196,129.22656929493564,73.50912151530295,133.1987125140671,126.32695797033365,358.5940696277817,138.8980914255036,299.0854524879343,188.73010071590966,76.77583384510356,243.23542556192865,227.0187632189608,208.61806592561945,217.87401504177126,167.03198883491984,180.620259955023,156.38680079645295,64.78639811361462
2021-05-11,52.3947964670395,357.8668276591812,69.29236218456099,322.5088688581998,276.77671207676605,118.75305153636063,50.73436549601835,289.86252047922056,255.55125933153886,241.61445309923454,262.8024338994618,65.38655269647056,124.97784713147102,84.6588715142687,284.8452281530339,128.61191785632968,128.46965132934673,72.95252614211171,133.01486060110506,125.84839836934808,358.90635308835215,137.32616982859687,305.50990807639334,188.977667213092,76.33971538005675,244.18837680441843,226.83230718125958,203.5539880392892,218.90875473953656,163.68210673192695,183.05168782304463,155.92485339301712,65.62074274607662
2021-05-12,51.69887875723551,358.5307826205371,70.97961338538491,321.4699108247035,275.0917438971021,120.17866922527001,51.22583429751808,288.25906564052207,247.7919507147206,240.26569641306875,266.54714447169755,64.77818584992964,124.99981334589225,83.93380056698717,276.21270207901165,127.21796551019473,129.52458013446324,69.31282763781041,133.68568788943202,122.72169353083235,363.5426647734138,139.01738481130195,304.43355907329936,188.69358646992558,75.63289034055686,241.02929190967038,232.15435158926513,201.10366783362625,223.4482345595793,160.9107012677022,184.46024894832047,153.66538937825914,66.1885634562511
2021-05-13,51.34590646556296,356.2389036718803,71.85613620263018,319.58338545153464,270.98292356775005,121.8551593189039,50.35867029407326,290.03922822477665,251.68228397307706,239.47886688623748,273.2144003944534,65.20881369066679,123.50714583577948,85.53858400655363,271.251240628677,126.45486705229153,129.24249753919327,70.2397204368517,136.60718557402006,125.51383198126996,365.3149520104606,138.37246291351573,292.97389363876607,186.14571960499404,77.26608255348515,236.74480956637643,229.74273577042058,204.49440399940147,224.13062488749776,163.911659146303,185.9253696237103,156.65515490944475,66.51388694082775
2021-05-14,52.08638496080893,350.8255606317697,72.70965566585811,318.016303485634,269.7296293952513,123.8532639739888,51.04967873303259,295.612148253515,258.2548184946223,241.7637434044544,263.5592421352552,66.77481316849068,125.58786882668548,84.68312799210844,274.4726321128566,124.34716615470732,130.22015395576148,68.27675032166648,134.52700412663947,127.43605833540055,373.6126838545226,139.1545492484027,291.24017131028893,182.08549450932006,77.09761022029926,238.1230494653813,228.8014324138349,204.48942820434888,223.67436137623324,162.86926852984575,186.18590424507752,156.12964900802743,68.10212407663236
2021-05-17,49.68959202177769,346.82934193573703,71.4990207913148,319.05440999253045,270.0068319970068,127.5498171198145,52.571004280375305,293.2532202455934,258.33792340848976,242.33752791545157,259.1967845989986,67.34407146716158,125.10004296723764,83.49849348731615,273.2864815138329,122.35370857199533,131.85277774852565,71.16051074481015,135.1863691693266,127.7494313102034,374.87964795858284,141.99209488885697,298.47593302085926,181.9155477951887,77.35390712122471,239.7954262445693,225.3437767110211,208.14020366686592,228.80392352490023,166.69063822402435,183.04273645373144,152.2130247032469,68.89905827927105
2021-05-18,48.89339992717036,349.1079876431682,73.70870785079444,316.3915313255416,268.97499030502064,128.2016421935825,51.56371557021247,290.9617888628327,258.5198201121874,241.72309996779975,262.5114427108572,69.78865347835547,125.3673758772976,82.57961082562672,279.5991404624586,119.23511430195578,129.74579590494008,70.26102630878155,134.47844444077208,126.08809499494973,374.7197833790666,142.67176067301932,305.30094098990526,182.14332288557935,76.8612643237181,242.35694610842253,222.9025521453596,203.3828541637653,232.46370427795443,170.5230331468103,181.09365167857166,151.45355809721897,67.88401774089246
2021-05-19,49.24222262561539,362.5496750974065,74.75510012358552,320.8872221516114,271.3952169096771,128.21380992882285,52.41388010589905,293.4945641455627,264.507057434971,240.7314479434795,253.1410111632764,70.75749869566751,126.19689757501469,82.26913583829277,278.5664721533765,124.33393668059342,128.80029394967139,68.98593460149831,134.72394876202998,129.3078282067112,392.9255047453391,144.28918584484427,297.26709962173425,186.02891072782916,76.86713192548179,240.44189965176528,219.70749133738266,205.89940285082227,233.26100413522295,171.7007336051128,184.43467127295264,149.91102212870504,69.41771021364178
2021-05-20,48.70381671308795,380.04073689665427,75.66148133326504,317.09782749089425,265.64176009487755,130.114300198577,52.12631132849358,293.13456000795753,267.7896342843463,243.2519728212693,259.6973706170058,69.74386676824254,129.4881200356223,81.65015708062971,268.7270558464908,121.97993091869186,129.16372565011528,67.55005376230427,134.52113335656412,130.2535848025843,391.5400088093243,143.09861351142473,289.564873144627,186.1256355282706,75.02159724960424,238.9048412751411,217.00349006297964,205.25501617161837,232.70315796978687,175.01397497841077,188.61676606537984,147.77714046704577,71.71427180551001
2021-05-21,47.90382587624019,381.5911248752378,76.44684036938226,327.6804593275475,264.16146820264487,125.97002111184517,53.31013131654996,290.6028475934817,266.35849055272115,240.6834014440179,257.7541397804152,69.03758855073683,131.10487399201233,81.75423788625646,265.85231344264736,123.9978030521777,129.58459873087605,64.91292085986885,136.9448791911941,130.77858234109365,403.07964570599034,143.41577520276783,284.80239426986736,185.77787177197433,75.7672187217783,237.17616220859105,215.75299689420385,204.66457438757976,229.36726095270092,172.40414848493415,189.13585252360193,150.13058890966704,72.09225186056484
2021-05-24,47.86247223711882,374.92420970934427,78.13156053032911,329.6879386640173,262.22848357107193,128.0446795991382,53.765178783623725,288.15581490598487,266.0187009592275,239.61732832197626,272.3395407931572,69.540674544545,131.5900754846825,82.28866278364005,271.82322671059,123.84606817985,128.71951512324097,66.12254943279497,136.51058814357123,127.84513718860498,392.7419286399099,147.20525896694917,285.61964247210824,184.67758487676613,75.57920910120191,239.2125990439142,214.93702341175108,200.5129097872022,230.41177573603107,176.6013201612407,192.23607411833365,149.0709475594863,73.60467049573438
2021-05-25,48.086798584685695,385.25031469856424,79.0399932792305,323.20183038679295,267.2204790824379,128.17698923022078,54.23811060722036,284.06883663794247,268.2201091752485,242.34765468165298,283.58061712575085,70.82504257880558,132.94360833781045,80.62175261801218,272.4379932890993,122.66993768370183,129.1084955254741,64.4139631254876,135.98560914705863,126.4565168369826,388.3937462049018,145.88187370833919,284.82983016047604,185.29013250981828,73.38443809811677,233.69181038785044,213.99280521200387,200.00472897607537,231.0541707488064,174.06699138267174,192.32726716046983,149.343262866363,72.73602185104326
2021-05-26,49.147088636958415,386.85924380737254,79.91704199186881,323.61011427465377,273.34750636880835,129.5783575189461,53.848558341914405,286.7807672078714,261.4992721162692,242.73875476794134,285.47564095079105,70.97873883939063,132.2052279442111,79.55282240915491,269.05692229856714,122.89159897267407,127.45811344128185,66.9437423831809,129.28118747675526,125.59988662968087,389.37142900322476,147.16049262324316,279.4132070280671,187.57777887972787,72.19770237986661,232.47693143970008,215.84015022041294,203.07251082368097,226.99693265545335,183.47338931903576,190.00042306477053,146.84620443564697,73.34070582926829
2021-05-27,48.787821956288624,382.8643911810744,80.8810950696046,317.21955718642585,268.4780003536555,128.19949574866607,54.731930961912,285.1777344736581,268.22671517548605,245.7427391866865,287.16584043522687,71.32169862199854,132.91959783752367,79.73836821901638,267.52289337911554,122.40718615458088,125.89339999689196,63.824976167529464,132.0775915087594,126.0320380288001,389.5097621227655,148.17585716352383,274.6053998839024,185.65801298949538,71.97620395241621,235.79379513906235,212.48895078738502,195.62016406292094,225.55813573536912,187.69479836984965,185.52884550236374,144.6384764557025,73.66292557806929
2021-05-28,51.55271405494109,371.9149805957271,78.71619413741823,318.7611558573132,272.00971747465155,126.77418499940859,53.42315766246903,286.6780606542764,270.9114334192319,250.2081316588289,291.1334465804555,72.1124995084956,132.34996324123412,82.40139690546839,265.8618673845212,121.20627446533447,128.63743592708735,61.829315099488,127.49499016221905,126.36422801519987,389.5839734878742,147.61970202855179,280.4410202931731,183.93823744263315,72.05348531267084,235.05266636935636,209.97778456373638,195.50525403775845,228.1263549900916,195.78455363591254,187.09788896319057,140.02303952152585,73.62392671265667
2021-05-31,51.61378611523507,379.64759961023356,79.02573850783092,324.2255603134927,273.2054291097759,130.4084448662518,53.07863956001943,287.271418362751,274.53369408830724,248.90443557926727,286.3612748952608,71.5739525839167,130.6454186106333,82.99543009819944,258.2065926446841,118.18033033485194,131.52371711874176,60.87609389954789,128.00963617751378,122.43231811820576,390.4330287798232,145.84418553069312,271.3831320542496,186.60820801741488,73.098744788096,234.90797061048355,212.87978801153233,200.97719288061916,230.43150532089533,197.66522372315106,187.68187002194375,141.23493908324258,73.19555650042687
2021-06-01,51.31513232029192,383.4968922077106,78.3170944548581,322.7657456011725,273.26152141545504,133.16108084458568,52.190468527155815,289.817114789507,278.05235015156757,250.95290084541446,281.5688106343923,70.08583645795409,132.0020973723954,83.21996926274905,262.42726031832007,116.85159892339996,132.73965056084128,62.2934369038681,127.79908648984849,123.53449665376272,393.6248860166568,143.83952299488038,274.4614801663116,189.88893767970137,73.14064256842472,231.6011545795586,210.9461817125667,195.9703426601764,234.37143272036917,200.69614946497288,186.4381693895956,138.68260713799194,72.21551486728244
2021-06-02,50.624822301390736,384.53639215195307,78.45690517803556,328.6843839616989,271.3024358643197,129.5937011993232,51.29845318451959,289.8834366385658,274.97824372962236,250.33752400650792,278.9055337860335,71.00914191249338,130.67881297171374,82.81697927312591,265.4944646495012,115.79395600226451,133.43628499457384,62.75320054343822,128.17142426960817,120.59785242447788,403.87658240626564,149.38387803697998,274.53791664670194,187.85561302032409,73.18858178387669,234.01702371321988,209.23424618240563,195.66689915522159,235.48361822947263,205.5604178979713,188.52945959856433,140.18732777403477,71.72247201676059
2021-06-03,51.06823308592406,378.71173497078246,79.79386822593608,333.86669565164516,272.96599658020335,128.74867704138927,51.14756338277272,295.83688532715064,273.55536123482557,253.05759063095618,280.8851555005645,70.74376998860366,127.63611709784035,83.0677671389816,265.91967051468936,119.27878635819056,132.12421198362446,65.96320537633682,129.1316760114325,121.5822842813023,399.03362004419256,150.20082836802783,277.3127854071232,189.77963521294302,72.3624769183199,237.447867115544,210.30034273607504,197.44082763280437,234.89744602290932,201.80422937271356,188.78534383842964,140.55431698590522,70.12869292116528
2021-06-04,51.948874660833475,387.0899951823968,78.68217176741635,329.475675877912,272.1395548608987,128.8167818709802,50.95091830919125,295.78142031604295,274.5936598471913,249.76636027610948,273.6180652626341,68.37234306685761,129.8431798289733,83.10074267691638,270.4544932883829,117.09832862705787,132.19521525009293,66.28232163443788,127.76891308229209,117.63809662023594,413.82850268895646,153.82958199816343,275.11623495412,190.8602778634281,71.96777127384883,235.19971925870658,215.61148847552462,192.86502753833025,234.1181554456361,202.1468312221861,193.24859011681963,142.2265390304181,68.25076425794657
2021-06-07,51.951945411620926,387.3987421555071,78.35341465789362,332.31574858825235,268.1293495505698,127.88152581263604,51.32364082202895,298.1416700494547,275.3244878763754,249.16279745841243,272.9295885175653,69.05346704672759,129.96966949236963,81.96651275573717,265.2064994745646,114.298736150364,134.5146927353049,67.46362955997236,127.53136432609482,116.51745488910102,409.02842611168927,156.72932051455396,286.40316295676797,189.69817332088735,72.97337907568372,235.37393980188597,215.03182401684307,197.13122259555374,234.16964310699163,203.34582688202207,193.985139694809,139.2803316073246,68.57838691161076
2021-06-08,51.33605389253694,375.80802957277007,77.58485502337513,330.1187672883403,271.1498470435745,125.4590012814266,50.72491185020931,299.0577458756102,269.74188718471146,247.65199256381925,263.5927330913436,69.90075470572764,129.32238784888673,81.96489718001611,269.1607309900575,112.97352959399468,134.0547922470308,65.94859267291503,124.98685030899661,114.26648296910686,404.9668978675814,155.72556237192293,288.17635198740254,187.97470685297822,73.27449108807929,236.62922719332724,213.71298188654055,194.92689969268244,234.50837700036135,202.53061729079192,194.6486973437392,142.17528545599126,68.661379625468
2021-06-09,50.64442872974785,368.7666328617096,76.3200961927001,323.87725079221116,273.9200554811673,120.50865095225612,51.103096156274155,296.3619025986735,267.6662687728465,245.56970194040474,271.6786079631293,69.950394502908,131.20283379222255,83.41936897424911,269.90389916551095,110.80349985640228,133.74027231954904,64.9077418823404,123.80639098577888,114.04653851850338,403.93409437734937,156.83640114622932,291.6061193274885,187.76258136012999,73.65039902046546,235.4386291395762,217.5942902810492,193.40982217421228,238.2325172868209,196.67464257592994,193.68523735684286,141.59112501369896,68.98039040949872
2021-06-10,51.59338593338983,359.0639470455729,74.69986850813214,318.01078670947203,277.8659261804177,121.17020563934524,50.284381024355554,295.0648030875776,272.7604722344539,245.00115194973148,269.76703787807566,69.29404940510699,128.87900232308738,84.76665386692606,277.27039926214974,109.04939770841646,136.00571799604793,64.2370222499983,125.10559888884305,117.53209032195912,402.81275257694017,155.9824832647216,296.59576983454804,185.62727012902013,74.68721387308678,235.88416979819522,215.9378967302985,191.798158122989,234.11109444940232,194.59203792324374,193.03952412715853,139.67811044724195,68.93564632268726
2021-06-11,52.124430356940096,357.533259029275,75.70062413271157,314.7279553333456,280.91659385420553,121.44900009257337,51.46870400388566,303.1418786335426,270.8407068683038,244.06957038863,268.3786933085643,69.85576427865462,132.00522417584205,84.04591702013822,279.0068039856367,108.82249480608134,137.03369395433927,66.38384159645759,124.55227539062814,113.43778834863485,409.1631988264516,153.80911727771843,295.73037219260766,187.2309605603632,74.97552386401232,235.7522710226797,214.29953776586333,184.03782291750633,236.30712062364344,193.61913795459745,197.2237505107105,140.4276068925471,68.33704488383195
2021-06-14,53.334689618088085,366.66625647895535,75.3981005747155,319.8704782267649,279.312324844326,121.81168164182569,51.917242876931326,305.91425254688824,273.58025897497265,243.3732887474173,274.58238545179313,69.7804397678796,130.72363298424054,83.44114224442981,287.84471522313464,107.52614383339748,139.16907700216967,64.78188859070272,125.74873669688458,114.16738157816893,423.2390176754912,152.12596482315303,290.0163983318717,187.05451830063527,76.50159800109826,233.780593472474,206.9532744935163,184.25087769654527,239.29600142377495,189.7575551542142,199.6377634792147,138.57599098914616,68.18036978565019
2021-06-15,54.20728469670033,357.497062480005,75.68969709045116,325.189170499099,280.7867134193662,120.24746969110116,53.11888168426655,308.2836034982067,265.794293366574,245.56649543812284,271.31881224491616,69.9901474847368,133.13908948017462,82.84596452585302,280.40415886659207,110.21884313641202,141.12639264050387,64.67066241386071,127.8514901016606,113.28314817622616,424.18643625941985,151.7702976414029,288.0405341456625,187.81994945229866,75.43117159210328,233.2993220444612,207.8755221346789,189.23076155731482,235.8104749308454,191.73614520630355,201.46858950353078,135.2634980932665,68.64404595860584
2021-06-16,55.244835056798394,362.1986834177583,75.58745763723488,326.74580142288926,281.35368287911615,116.64335646444185,53.27889253714149,307.19080104652744,262.9541012017309,251.78000615377914,278.5142271700841,69.0091413905341,134.01256160573874,84.49389073672481,273.8096946297423,110.37275184223621,141.3680833152885,62.9202520097122,128.81117591482297,116.01713901567415,437.7511699397743,151.14551756139062,303.65356344385043,183.83367283756562,75.77545753395042,230.12724782823585,208.16834624628737,187.8755047388242,237.4368063909776,191.25651402478871,199.2297000316659,133.9586758950514,70.84531838289826
2021-06-17,55.778360319345474,349.23449151197536,76.43193837526047,326.0150550733106,281.424715447093,118.39579248482968,54.238511391922394,304.4525855132761,262.91395585919116,250.53268949950163,282.0078452149669,68.8402810525283,134.13201448833365,84.2052390366052,273.38411144539,113.50534641731305,145.44170833513485,63.4473006878543,128.587793281492,112.15267885347048,431.00473830945606,150.8370952769654,299.14192650815437,182.7056508758775,77.23546468630717,230.29950589591502,208.5407587799734,186.12289420081842,241.14649545822633,190.45316874447158,197.85568651681115,131.26017548879648,70.78133643020622
2021-06-18,55.12965319764758,362.3091113345667,79.27317712249506,320.8193644223378,278.1287255129947,117.81755089817942,53.584730697982096,305.3277598903607,261.65235231486594,251.3364037323133,288.0588694157936,67.94957830468618,136.57935219810756,83.40461780893521,282.98644083090056,116.56739352921811,145.28441324072705,62.147204989810504,125.78907601892747,114.26774883037233,430.83084569077033,153.2468454885702,313.38727048217623,181.27696460027533,76.13484138224241,230.85035999756295,211.83961586162067,183.6836377575454,241.33858522246615,195.7181941876333,193.4679189091367,131.68590714519104,70.16787620986022
2021-06-21,55.282873458820696,368.036369307789,79.64118127145191,316.6519539260528,276.7000878915158,120.90587214498821,53.85554581962189,308.3081881962795,262.7642367819543,253.46324959356585,285.67971558122366,67.32380099776876,138.499542711615,84.68825992096853,278.9163148478368,115.49163647104777,145.04159796187454,64.37793026591373,127.18113007297633,111.10189039503757,430.0988927553673,152.6250203218759,305.7656302040818,181.12855448857172,75.89551748907007,230.12124941140797,210.71282292684847,187.6583605384156,240.29600525487143,195.91538232362367,193.3756345018419,130.8487252553933,70.26522805929937
2021-06-22,55.366786598752654,368.7975219606181,78.33208599850067,315.89572847751117,279.0127513211879,120.5253572874386,53.99223660326278,309.02335321599185,264.57349641979425,254.97619729751722,284.6381341474317,66.5819691218808,135.57825897464164,85.86558228702773,282.4154978498078,116.73945122927604,146.47060637370552,64.16403036569466,125.68648447729316,108.81688410612263,420.59366121066535,155.81640920813405,302.6339457678277,183.21101291658505,75.750014837195,228.67251955271212,207.65036354452792,186.13737846890953,244.8074107535729,191.73931168340732,199.23645434772266,129.45137677394374,71.13522706007045
2021-06-23,55.20143330012389,366.376310717605,76.4235134232339,315.592730465598,275.63862428619797,116.92956385666639,54.09504746053622,307.0214025408749,271.7429616396176,257.61941011855464,294.91652539835644,66.04145850285869,135.95747443832903,82.9237409328555,281.1849696121097,116.94356302416516,146.77325882655057,64.11618626923482,125.870722594046,102.71937098104986,422.9285864847403,157.11810336565833,311.3134117228932,183.97905383877125,75.65540247443603,231.3244018909707,201.16082142742871,184.82272478134848,242.4918860022542,191.61134705665543,193.28707672590613,131.71325254359715,70.85289036997311
2021-06-24,55.58594607867943,368.2732374888606,78.36475195693522,307.987975950613,276.0255751828606,119.38813455686771,54.02151659142273,303.9757648834008,269.2652203809999,256.7314784294558,290.500855752568,65.94645296329324,139.70785313362998,82.27967224604545,279.0390700459188,117.8415159040296,146.5079476042656,62.3069128391708,125.7461076283747,102.51234024160486,431.6645117112916,154.56246369360122,317.85137004329204,183.8419502714803,74.68598676162246,228.4159515263512,206.5406924710997,184.45444799317255,245.5178601260132,185.2142467641461,200.59706732281552,133.27450068855055,70.56520330905876
2021-06-25,55.22938887498253,374.2954736497319,79.43714921084216,308.8431965319181,276.11377357058524,120.61638757264542,52.63469335561818,302.88424191805404,262.48006727081156,258.38121556270016,286.42203608635543,64.67480805282362,137.79920158791947,82.46014837147436,278.16387544713353,115.62041076759367,143.6312736790556,62.41752486356767,124.37369300688361,101.95965528426939,430.33589266039155,155.71248093723455,323.60258093293976,184.1797426118173,74.42422503322024,228.5777055715883,205.63183929112537,180.21274372556474,249.07930372181602,188.5761456463396,206.30701793108227,137.3061403957965,69.23285780505475
2021-06-28,54.84079286037841,395.31161673545915,79.39743826668996,309.95471325207234,271.719733382638,120.95612532845885,54.18764980022793,307.3441652304519,260.061919228107,257.48207185102297,279.72652545465684,64.01109910823395,133.24287931485057,82.38256003934282,285.00786544188986,116.3097561654383,145.9976961951575,63.8968273964427,123.09655603807867,100.33333753718216,424.048367678429,151.25418424955333,323.85298338332836,178.66585681850464,74.97378435715375,228.84757972453426,206.98788655411238,183.02112311890772,249.80486900944823,194.7999708675909,208.17519343939898,135.98720236926596,68.97166098625999
2021-06-29,52.25584427726883,387.81004682596193,78.82906513551393,312.3212107539872,269.60578488019894,118.27416946942346,52.68124149368094,305.48397713800495,268.2282065726728,258.28402104008893,285.2719238028761,63.31484662668437,129.611658511571,81.0635548508395,284.60580786925493,112.59716936370815,144.31305647379628,63.101108317968645,120.03373941526702,95.90723362914036,426.6979875983444,151.3886424695987,329.24144721680744,176.6331147451809,75.67923683537151,232.48785146280287,207.76312407585843,181.4810074761992,250.35944470598528,192.2715582615037,205.86665618294325,137.2243359445242,68.8219460933025
2021-06-30,53.62758140770721,384.25053877350024,78.32597677743316,310.0869427347552,266.4538211705684,120.03925588628366,54.44234039101554,304.3504132871659,265.46329420032623,256.4990189024086,281.24347739749606,64.68893673966541,128.01237986361912,80.44695158676062,279.0525987798692,113.15421964610574,144.23485258482202,61.57608914341088,118.01390736722136,99.09692244033839,427.08402146083154,151.66690645738888,330.0055003751149,179.30631828588943,74.76538948199088,231.67286619912326,207.32660630089052,177.10780470805966,247.51214632234445,196.32007625058648,208.13173014203582,138.92996380767642,68.17105752488817
2021-07-01,53.10195653413394,369.80947784548414,79.79597099453511,314.747747256914,269.6109946383114,123.5815458914812,54.79399039249583,309.7502747161568,264.71280422543174,252.16740158718335,286.34651811394656,63.25450296282761,128.44827669808487,81.49730010372588,280.5442351002534,117.46132093696114,140.96869527717502,61.47622083497786,118.07536356768563,96.31033895660136,417.08856930726114,149.5221226085538,322.4793996429714,179.15345999821218,74.2529231580294,232.51883151438358,209.19768066119474,178.64567522848319,246.29572473506846,197.43781776210614,211.22989620679598,139.7617123732629,70.27301212949547
2021-07-02,54.23650767064776,383.93500397634,76.00769511610444,315.2619072834603,268.7345168917851,123.31474010893865,54.14250726806145,311.2514453112563,257.38945488221736,253.2838086174605,281.7605942042969,62.8850984668101,129.5025184636641,81.59898787120456,285.3561695623233,115.63145795618448,140.869942752846,62.68219560118241,118.9197283706182,97.19528287600043,426.8731617060236,148.510423408747,318.3460698844402,180.29864481147365,74.14365925451835,235.25600135937754,210.28740083686824,177.10829235278612,247.4572670930051,193.92816854472377,214.11069479108787,137.27327672145964,71.69224083360021
2021-07-05,54.6167304176237,382.7026746376567,77.17827457247287,317.52145412526755,272.63537886356846,126.30607349719337,54.4352031493523,308.4331212242304,255.29230016113397,253.21353781292535,288.2014509442708,62.55282168840261,128.69352919156043,83.65775798653975,284.9209417159697,114.45436291719327,142.19996028587096,62.6167792074118,115.80792087378939,99.38152090890398,420.41091952510834,148.63667264025173,317.91889669473505,180.78950537302677,72.25482624868582,234.5753255925681,213.55623921170414,180.40692611064702,244.40651938147786,197.51563870882885,211.9219876422379,136.63194214562643,71.3238054095803
2021-07-06,54.75053047632553,391.210166839936,77.60322477653067,317.1000042332717,275.5224603014998,124.49945955300008,54.3781417723481,311.9762652346446,257.5017940615587,252.15791352413382,279.2252222660497,62.83201338898048,125.17464936107343,83.43641924015127,290.38831880191117,115.59158551889072,138.8854238594652,62.90011408566791,115.12118664325071,96.73174975708407,423.43571604833096,147.41677795436354,314.7131852891907,181.07871208984008,71.73996881771114,234.90841742677014,211.88587189375815,179.07233136419077,247.63612229700882,201.86720140948805,207.0034397883034,137.98926365926766,72.97375232963113
2021-07-07,56.613022719621405,395.77068951882376,76.03123286451938,319.87662754976145,273.0320327347501,123.74230009439499,54.69735980908869,309.3790683909739,252.9915624909901,253.4303516005149,290.33689906200675,63.86478073556263,126.80690737886196,84.55278276378046,293.4085411542577,116.46035719643449,140.39825473170566,61.07329680181978,115.58470847751745,96.57366477054308,424.2247123412447,146.28230880319597,318.21191879490397,179.57253187304178,71.30694898641687,233.48185241722584,214.42034516324244,179.09586035124892,246.25836149187592,200.37718139652515,207.0855117779907,140.95311519762558,71.52541979413665
2021-07-08,57.444289326138815,399.96471335543276,74.74663889256563,326.2856626899373,274.6648853954506,122.62411253295548,53.19920699564903,310.3083931555795,252.8934055896205,250.9700774128291,284.06775382101785,64.60610093455128,122.5148385447046,84.92539286726291,292.57155664203765,117.42627644130683,139.94738092893695,61.4731455540414,113.96786943159493,96.48100618199345,428.6432613489414,146.67364965640255,320.80091286338114,177.87207756124886,70.82856211181581,232.2512844448944,213.65837082762664,182.675430719006,245.2245804052065,195.87464330932792,208.72689703921603,143.46627631969935,70.07764628738664
2021-07-09,59.92893878758124,403.70823167840626,76.30204640158362,332.8239861167259,277.5891890818982,122.39131379233378,54.185390472597575,311.3275576967163,257.3377005815499,254.07306701723786,277.65938623233075,65.29441458144366,122.16414383934794,85.09896142472411,293.20894408109615,117.60943702207203,142.5168808730643,59.69024890423404,110.2783005962592,92.59935685543228,438.34542969979583,144.77562799234443,321.7251320828737,177.70782136103765,70.10587901172758,234.3487975367337,213.32938143503665,182.10801534015332,246.04678282360842,198.70677231542766,206.02493747604225,145.12851731030327,71.75865071329982
2021-07-12,58.13412472151248,406.28297897229425,75.86906820589402,336.0473527977129,274.0613724422788,126.0595966880781,52.90039309349894,310.6427534861064,259.178304754129,252.464292311785,272.8034267737885,65.51201228974155,122.37863473577802,85.12216616174673,297.3078685668223,116.87003628341229,143.09008807954692,59.04885949421838,108.51328810785458,92.04783182684193,433.93636329082227,143.69215004668578,329.75042834808636,177.28247983977792,69.57562777342795,234.5225425185283,213.6705423889702,179.08715583818864,245.1897917999854,197.37643841385182,205.60136290637575,146.5292357963598,71.9251443054665
2021-07-13,59.68934423049538,406.3195622740936,78.58468527553083,334.11241943879077,271.87344907902957,127.32481313229486,53.99943355332973,306.11991412862085,258.45970890679433,251.05308590826806,273.61606934350533,65.55328834561548,125.39048503420143,85.01524810252012,303.9639612640961,116.28597524719821,144.69619812714853,59.352314637359406,112.20161299641133,89.20673295221185,423.69163199200364,148.2481034064339,324.7265250494382,176.08319387824542,68.87447162796535,237.34569452283486,210.11173877421948,179.19851883679465,244.4388837727023,201.4917265639261,204.06153329144664,147.34849425985894,70.57264302467492
2021-07-14,62.67375641858465,404.359063814446,78.62148741219508,341.65851927927145,270.23029123314546,131.23209318661756,53.673145431294685,308.5359579138054,256.22850024424145,247.81788174930549,275.99459146313,66.12181459960706,122.53362718252997,84.6831408576875,309.90489427376224,117.44784421125908,144.0602011709279,58.5990131649063,116.50309503115258,86.50870254281068,423.2680369614401,144.62199670675292,333.87632763113317,176.1206580259766,69.0421710173044,244.134382705953,208.46789582364246,183.80563172164898,243.2982764848801,200.5618627124085,211.78042530952837,147.06723880098315,69.01684204814796
2021-07-15,63.06052325840732,402.9899557669179,79.21365729601786,341.1711860128615,276.7567874991136,132.57181963608565,52.820705602032206,309.1073185979585,253.11378397711601,247.3184290902035,270.787976011498,67.9506381019439,121.08005531208279,85.48208455231799,308.34888738238664,115.26191807102279,144.4320252632018,59.12008449201442,117.78218019876039,81.81959172900419,412.66766038204423,147.00904765670518,327.4739900472691,176.54948684754854,68.03568808121216,246.04353159919742,211.15398732676385,185.8014051580629,246.6389672188804,206.90258920309674,208.41291138689766,145.59487133770338,70.03954103862975
2021-07-16,64.61225443873052,397.29450767350426,78.08823730227809,338.34503305209324,272.1084004818739,129.57341783233437,51.847658000698324,308.25863339414593,254.27130858982198,248.48711513100503,267.92108176550784,67.56788945477294,121.39176353542062,83.8046826852964,313.1639275386675,117.72415137480372,143.4075591029365,58.62203578196209,120.6522307843854,81.61270306829103,417.82354537289,146.79487186777254,338.4182743456674,177.51700699142935,68.5023374836541,247.55729747321737,209.61089302008494,184.62603329162562,249.17981739633728,207.42742370935483,205.08882949486159,149.2075900957339,71.17067502089047
2021-07-19,64.67194023343872,395.0878760366381,78.4166572021248,340.7980651030039,266.3182571202946,134.62782329718345,51.242787643790386,308.4007251638062,254.49030009557032,253.5485092089334,267.42476044148145,68.9805390521015,122.31890296141445,82.74930654519488,313.88442005850095,117.5126341146322,141.62350686361125,59.08828015618604,120.72584087098889,82.59227738006457,419.5960747014232,145.19661136018001,343.97158092038114,176.40072654346113,66.03821224459469,247.99059574996284,208.08200734724775,185.6965605244155,255.76180451204706,215.96853869292715,204.68721826069995,147.64120668246758,71.8582104236764
2021-07-20,64.16905619796157,398.58409771255003,77.4286753767453,342.0540424915113,264.0725126095525,137.55312365438968,50.797010056854376,310.79858781627195,249.56895771928944,255.6234778537761,262.0731344729128,69.24468311332598,124.61275695634669,82.54419228033521,308.8016958660959,118.48661827850466,140.26266315953458,58.58312564421089,121.36569259424968,85.02680368853245,419.9221244687721,145.2688993859223,349.38911641180437,176.54545645019073,66.56083455426649,250.80014069169476,207.19865049933233,177.22679891275723,253.1728242695431,221.22775413502347,204.66091327988423,147.01902044365247,73.24348148940662
2021-07-21,64.03759457096963,381.0881169657259,75.19601917696153,344.0816474438519,263.9375860743348,141.2303677841897,50.247034671153756,309.89281470762927,246.2071589663481,254.421269125698,251.90713852142017,68.94072402197577,124.54390655624576,82.40972261811915,319.6535056587419,122.10623378683745,139.06236121164827,56.05522297999021,121.1570130441902,85.71846475436254,412.5940019819651,143.29767862910225,361.265488621164,176.11648170785963,67.1089607023695,248.58765269094408,207.0773613991617,176.42656498065804,251.07018044269017,226.37455497112143,200.80426311772084,147.61994078107958,72.827759135633
2021-07-22,64.61633109185759,378.4142702349134,76.50995538951062,339.9304240097332,267.27503881309485,141.17058422740553,49.26137624137711,312.3678648714995,245.5173661957737,250.2710463778234,253.66106487393054,69.86346636554444,127.46549994632416,82.00954847283552,320.44333012615346,122.22392226176962,141.55937496266012,55.089012292915235,120.10233571311444,84.21626770390432,400.47846243444354,143.91770129858716,373.69306650189014,175.7982106553486,66.42777527374307,249.1680190809928,208.77552531779318,176.08399304566072,255.73547430739484,222.75041423122858,200.07083199537084,148.21548399326753,73.30206442825374
2021-07-23,64.68931395808944,368.2266578246945,80.1276856845856,338.9841534544546,267.64437851281434,142.7665366442547,48.798778771515636,312.7139134749752,242.99915991442873,251.40915311829136,252.19854736774855,70.13771382757865,125.15986547839731,81.12093452358724,313.5641265589267,120.82999941899256,137.3672370593481,54.73311987937823,118.89776840312102,84.4946136629467,400.9396356357198,147.0391457945085,394.7185153307949,177.97476641345781,66.09039233884828,248.0533891691092,211.28629436967935,171.9341313762076,254.78966205774995,221.7019796291865,201.7761173674417,149.42911805630962,72.42518767401945
2021-07-26,64.12567246245099,371.9136272012734,78.90397419191989,344.5801166699611,269.44606434593373,143.22357344314736,49.09102829170354,311.2638593814437,240.69890070520984,250.46395220294343,254.84531803098162,70.35247533469655,124.26788125742762,81.95422859169346,312.7371480971106,119.48558185847644,137.81377726455648,53.554186161995496,115.12626332087278,84.49282114674617,395.6040625491362,146.4219304688844,386.79795879604393,180.31421141218752,65.59161785707825,247.09568118689117,212.41023068816702,168.6224392036705,250.1657481003009,223.39250082050893,200.59677283984908,147.71648070115054,73.14710412859398
2021-07-27,63.02833821538901,369.8398800490911,77.55079539462155,346.0924938157395,273.3622018342437,138.50073080297423,49.17938767618599,314.35841741740313,239.18770873366574,247.7866750761067,257.0948976161871,71.28963533471456,126.29971759726992,82.37225169526796,313.27216560424836,117.75971947680618,139.26018559857266,54.511595010314466,112.6569141326959,85.15832870847704,401.0831451803671,148.64812993445273,386.2231986331787,178.73952681379478,65.22037554499121,244.72714059077163,212.30280196511686,168.07660945385388,257.2571769250029,227.40775428390316,203.39669636770574,148.65061439121803,72.71748354696659
2021-07-28,62.66530728716565,368.49896781917107,77.86098952499567,348.00770550664487,273.4198504719484,137.78874134289137,48.74853550874711,309.7343605502078,244.12877945135156,253.355745454057,263.61930383119363,70.19320224353324,128.12854549014529,83.5241809119022,311.30070625188785,118.72045680797127,138.54836086609916,56.35715656038882,113.47162547435934,83.51926889237998,406.78125897259923,151.36160314080507,387.87429872414316,179.69885317071743,65.1862761998755,242.07301888793214,211.9062098405308,169.3932565179584,256.9238039342893,231.0631658384649,202.35671076915358,148.04828487711762,73.71523049612878
2021-07-29,62.97101091246978,365.35908127160934,79.48107046256007,344.9574840277371,271.36051586981466,130.93376660749973,48.350555556866304,314.3714409368666,236.39405789169857,251.0916342548358,266.04701164280647,68.25311136249121,127.01636930039555,84.82496723501734,321.6915177825093,119.30116956557868,137.07897776520375,55.20647646608706,113.80909178431898,84.02759922011649,422.84416846036737,153.89451869373917,388.59800686626716,179.11521776365944,67.59185305371459,243.70951825727522,210.03401047556946,168.89886545627274,254.12832709592294,220.27640120823648,203.31039677264852,151.54334690729803,71.78999092717827
2021-07-30,63.052977715460145,359.94204531779957,80.32285386344023,344.2882177136988,267.5018876856535,128.64548818940617,47.75753258295049,319.202772800502,241.31481829458923,250.4280512217023,272.9609926163054,68.13727941556557,126.32690622265244,84.90620370879971,323.2070697665052,118.23977645194717,137.14853809769684,56.165875346953655,114.11385887694912,84.1115092893104,427.2934626927423,155.66386376526108,388.1217177176213,178.27156147836186,67.76533656175496,239.95874668452618,209.47532017032617,163.06399229626922,248.79427202700518,212.42286155183692,206.37196386384636,151.59841765639183,70.33590313016498
2021-08-02,63.72672475190483,367.842482611931,81.15280933263053,343.54547291155944,268.2214108914695,130.77093996009543,47.42785605758357,319.4614054549855,240.41858233540572,246.5729406965161,278.23838688757047,69.97750106105829,124.42377678688088,86.02323848808044,318.9271493616229,118.5128823172856,139.64113331802258,55.54570366354853,114.10279223847645,80.95428581603646,421.5478572477712,150.72188665609988,391.68249587774517,179.89645561793893,67.60741533624636,240.7577160146546,208.59171918088828,164.8549733283814,249.29649593868518,204.20056363195434,209.16624464743788,150.86074121241353,68.9019187197914
2021-08-03,63.1382692677349,353.1467814057351,79.20898778772262,344.3183081489432,268.92628309956365,131.50982200292182,47.43531109093561,317.19159249243,240.288684652636,245.61561524939023,268.93738501635664,69.32872711631455,126.45595452489344,87.88737707678807,322.31409825094727,121.55645696764566,139.81656209509885,57.69244607598929,118.71927414475641,78.02848677352416,423.58312782192667,150.95981191947726,388.23502418279753,180.8858258693578,67.66142207694841,239.10014853375344,208.55530906143196,167.77886027893186,249.97039835497947,206.76687907714793,208.43109026671274,151.77672935930542,67.56444131726285
2021-08-04,62.47391167963582,352.4845122866857,77.27159201670435,340.6594354256973,269.88191932149476,131.8315031558812,48.017571228182355,315.25762458005954,240.58142563516438,244.09529384214204,272.9336145483482,70.42128729904654,127.59558361579636,89.16104739219905,322.52772969559703,123.18380163271719,139.9757718950568,56.43521973993321,119.30552001422087,76.39947633237979,444.7221726744909,150.1222201201647,393.58231614263184,180.91420217016076,66.69446868653647,234.70306039851823,210.72157466225266,171.60120292496438,247.70484929460787,200.06834273028818,207.5592360115009,149.96778278766456,66.85874459759803
2021-08-05,63.30291871942088,352.22071375725073,76.04581641201887,343.4530091289785,271.8661359302969,131.04374105754022,48.122221032408035,317.2184052078188,242.27103996025122,244.29844769985453,281.22794882722536,70.98039196645786,126.62320959433895,88.64941552644775,319.7059039995569,124.47965316614832,138.9875519234333,55.92771605299367,121.77834791026379,76.71845553795401,456.00934042739163,152.18729176747172,383.9827977029793,180.77116651767847,67.50683590376111,231.9532996183018,211.9625868363124,171.55602360943894,242.25923490607616,200.548899942568,205.21979802810597,147.73736125016612,66.87482417542724
2021-08-06,60.74723342408031,347.24318148751064,79.9756171368541,346.5535793831081,269.3737370856645,134.424270762726,47.4168609235292,315.4464818285033,238.01842769871794,245.02294584575154,289.3871631226384,70.12009390183897,122.10952067799556,89.96995227278171,327.80108535969885,120.5044112424731,139.7776162366827,56.212503737328134,119.97178044624337,74.48143666588162,465.58361541378974,152.66751998686127,386.08185433037323,179.6394118141958,66.88534402737456,226.42180851070157,211.34806239560876,175.1864497834844,239.58385333710947,194.57077412349187,206.5409481950264,148.95910175834746,66.24578609091037
2021-08-09,60.30256139664344,349.349086886538,79.75535529825595,351.31165831186706,276.5335090037797,130.34882042434003,48.30458594522357,315.9636797391748,243.33515970160076,246.88947397631873,289.7539234032112,70.83628664906215,121.30090905267933,89.06012225491406,332.12932563629926,118.86998082969845,140.87435431400527,56.2596355894353,114.74150933490564,73.58279517825015,468.93164372659317,151.63516095376824,365.9506443226975,182.2158530508103,67.041169255733,227.53527003358275,210.03629355859385,176.58019710859392,245.39379799428602,191.75034576380676,211.47048480943278,149.75944159153687,65.32034144303434
2021-08-10,63.23427279133524,352.43951751148353,80.8456666036899,350.1783511927986,274.24744947284756,130.75737084785015,49.469129279167795,315.0423032762935,243.30942365083288,250.5762580761064,287.9369723176912,71.33301388313114,123.25533905856878,88.84317019316015,333.8276335775915,120.17734012710636,140.2457398495607,57.272617325792126,113.56289248535235,72.53933559692335,454.4276966981861,150.36071649027184,359.75150378296007,181.49809318752406,67.55277587284223,223.73798661902907,204.52978164301157,174.7451171079464,246.9411336967689,192.8589063904781,209.29816510692473,152.07912364257726,64.62956342861389
2021-08-11,63.87082986649451,349.8062752202444,79.50187496273412,347.4951999757766,276.4618880553539,131.62594210195797,50.19794527914715,316.44667168193786,237.31117349564337,255.9774317093302,290.20070133284594,71.8372371225971,122.47688070253335,90.19338645771603,328.0861205240423,121.39734586163188,136.88647153191997,58.129084691951576,111.25207783897305,72.97467277424158,467.4971767414565,152.492909216747,369.1842935069777,183.71282414188772,67.15269038526262,225.18675701372584,199.8426865716186,173.08334285232212,251.49448961581794,191.3911871147429,203.98677030730568,156.13760510668305,65.23007283965582
2021-08-12,64.9321959546984,342.5880816292464,79.9701869218376,348.80775520181453,274.1027644320276,131.23539342590033,49.08651522566009,315.3954781932941,241.04017162866975,254.204539940305,302.0020424817937,70.57342012648697,121.9562740340866,89.42217638676972,327.1882008869816,124.16515337368608,135.34224449309002,57.573445780645265,112.68091386617554,73.12591518204022,469.30361756391017,150.030019483564,368.6621552977677,185.975659863243,65.89711500311492,223.72186452022999,195.02341135879826,174.4740892463891,255.58138280061647,190.69788140800034,201.2155409563632,154.19829476654073,64.92119832067141
2021-08-13,64.52299762569226,349.5267360424227,78.95020647677262,350.95200153093066,273.2655596828077,129.49369311596362,48.84927682073523,316.7163400529101,244.6015976289239,253.68153730669974,294.49232668943625,71.51176125962319,120.0668952544391,89.7520412173507,327.1048398751702,123.86097198551387,134.601809621863,58.362220754129496,105.20558717243243,74.922992146722,460.6168814452228,151.08957598283243,371.46375345079514,188.55178232793526,66.07297802782266,221.97319355965578,190.86463190235165,173.65522887197739,249.30927739620262,188.33244337817175,200.46478323844545,152.85046970536817,64.97133338792351
2021-08-16,64.20532366528899,347.17855387489584,75.30283755174268,345.08631459545836,275.20347252786445,131.40206968762502,47.52600613449746,314.0453192670968,248.8278723989271,251.99628134618385,293.8032253138258,72.87087144103067,119.34098017602027,89.16536706753243,326.3304358917436,127.68632676146534,135.34485943549097,58.39639409822863,104.17020164586563,75.79386420182222,467.0629323585443,148.37721730486473,376.91009416155697,188.30517104467197,66.1128933359215,220.1164673399432,189.86843918043044,171.15901809100495,245.9604199165872,189.75393626520827,199.54289112289578,150.31926072001102,67.3224786418983
2021-08-17,62.68561842162327,355.5930719924952,73.17289957121316,347.3065334691388,274.5238440277413,129.92951214678016,47.67161550461609,314.4116491034773,245.75362880560073,249.97687265005507,284.29001133898333,73.19119107958018,116.750867341174,89.18733849231249,329.48586946160924,128.13871978140088,134.23053535430316,59.56780762314473,103.37593641584353,73.67814792647071,464.4300012611173,149.8796038590014,371.62808009023746,190.11497529638743,65.52889608454602,218.82284417455296,187.23136920294098,172.89787670005455,245.87818296287,186.09541234906246,198.51145839640407,144.4673248641735,68.18715406366853
2021-08-18,62.46431124134913,337.68666020920523,71.13082886706975,345.48658167298265,270.75287777142466,131.818329552005,47.976988907365545,315.8081746842139,235.98944216296206,248.7892605315557,280.1706675293776,72.34541761378964,115.93436566758962,87.87078588737172,330.66964808754494,129.77138543528852,135.34432909284394,59.400310087695985,107.44429759992437,75.49442758736622,463.5585805754312,148.67340473316372,382.2862947536405,192.20473123974654,64.45644560745794,221.31809975348804,186.87492835210503,170.82677958429872,239.779302645275,185.10620540706486,198.54556333795938,147.5035402356701,69.26486117240908
2021-08-19,61.69712127054614,340.6570019534989,72.31557521592869,346.00167492503175,269.1151089401582,130.56949049817865,48.260360148233566,317.39721696546604,234.98111869092205,242.53677205937507,272.709743606631,72.95410481979162,111.66172527651881,89.29098830262822,336.24575183682316,129.87643055154336,136.3349010603389,60.095032030272876,107.22313786382993,73.32503660826373,473.0513456449049,152.2858063769358,372.7116204553798,189.41504110145092,64.37128976190662,220.03502487126494,187.27707272806387,173.86506213482278,233.03131042964634,191.02429718130614,197.49048453707476,148.51428898004724,69.97277009206623
2021-08-20,62.683261514101886,341.2298607998096,72.75798768832561,347.45373638476053,267.3640707741418,126.49910314132369,47.3912906549442,317.18671090875404,232.17138626520568,240.76737583832283,283.1594803004445,73.79191265932823,111.20311746176101,90.11468365664216,334.03974215647713,130.1294986026155,137.08013437040333,59.56402741623378,105.84018620017297,75.26699926602618,479.2184825968594,146.5814079867983,367.53704569348065,187.91227184147328,63.91622268526701,222.04651346904276,187.36063117072612,170.4843420054117,231.96637006237302,193.09744307198093,196.9539625871816,147.30267699444224,70.35769458117099
2021-08-23,64.90003287568477,344.76811919090284,74.66246368978062,344.91725059973095,267.3945500618801,126.44612823645218,47.48087742077334,318.87915557821924,228.920130696341,242.4168982403803,273.68193510461276,72.58621035415709,115.55361776338295,89.51917107735322,338.0101129033014,133.80892302613987,133.42715310394541,61.04575185456062,107.18805962485037,77.94833246186694,467.73343464067204,150.2552716769782,361.8905676717856,190.07256039146745,63.90849326136655,223.87076731822938,187.51957098353972,166.09418364895154,222.91457193412484,193.90905288462255,196.29818058731698,148.09345706212136,70.07576920065641
2021-08-24,67.77279933211987,346.60894844364566,74.03206111725257,346.58730313407654,266.22730590172256,126.6709309347949,46.6270372855827,319.00273165723877,227.28179493527097,239.84532406155353,285.2193017091512,71.62927321920837,115.61075378404398,88.580116432132,339.66892462828304,131.06992118826315,134.7880054237974,63.80990036293847,105.49234985379775,80.00088198601617,464.151683828687,154.1639263019461,378.9984504285577,189.65848900789405,62.78032357954188,226.11134126943912,188.1255339149973,167.34428179529033,222.019733236768,190.53111700195413,199.56834544372933,148.73688618552848,68.45374569408527
2021-08-25,68.78465897416999,350.3903341565767,73.58251956145735,354.25065247519086,264.52926619539807,126.29698575948721,47.17268979892784,319.4257376229038,222.46861645234964,240.38484707814746,282.7557389254134,72.45011843256869,115.9652378003108,88.70930494584555,334.066641663696,130.59628188298447,136.37097157114798,62.756168461285874,105.44591872020179,78.4288780902727,453.0059550098459,153.95879404629648,380.42365208639177,193.7514625601784,62.459714375206964,226.10165465820356,185.00067844586917,168.87115278474386,223.23824704845677,196.2597549286883,202.755184764646,149.44446834890317,67.93790209261432
2021-08-26,69.09479673966293,349.67015740596224,74.9950867882405,358.28561221198976,263.7468052914555,123.01613490514335,48.1305762061067,321.6292352561283,221.42586933894643,241.78202695845673,283.1952203328899,73.71156615707838,112.09181261104675,88.25629745020046,342.77356835850276,131.82159697168078,139.28282147030794,61.12730910069109,107.66079897573103,80.1440414067492,437.58961127441046,153.20491920711498,379.6060939163746,190.51962390429802,62.27483217841227,228.19324880740263,184.05767984754618,169.50954257822016,224.0342911054618,196.2160919438334,200.84001550918936,150.75615217902939,66.21046661310682
2021-08-27,69.11565237367581,360.4234438969469,74.36125448922604,354.9632771993303,265.85236568483083,123.39193304656385,48.676886977928504,321.9203608284615,213.3501707083911,244.7231337567788,295.715967610291,74.96202774302043,105.2891940130593,88.80759328119557,340.2715781189659,129.524999431055,139.51915195709302,60.94085416675978,108.73835030197762,80.24763739474118,427.6399281333378,151.72870974902784,373.7856612421474,187.14996498486204,61.28395811113797,227.8159287732139,187.6772858814553,168.26257402810273,221.93917868269443,191.66317579278225,200.99433629037776,153.11086218957215,68.41189626085257
2021-08-30,69.54735385080018,361.6394084522945,73.59378973912071,353.31451843789944,267.6991605641399,122.70377448742805,48.56387857363132,321.9858134240147,211.44817669162134,244.64718122873407,283.4882987755049,75.52468936375664,109.82998453224296,88.17126052587119,342.36194696287595,131.3576644464918,141.67420850521663,60.60329747842866,105.05449887778312,80.71246109937874,428.87847393243385,150.85718721635297,372.770440403696,187.4882326949026,61.567741666759275,228.65216589244102,187.15939210086668,169.24343610818414,221.20422408360693,194.13010993555278,199.31173204778463,153.28407488971354,66.63256443657318
2021-08-31,69.00702441519688,366.2279353862076,72.13652281209329,351.9373631508992,260.96381958212464,119.71926804816746,47.77000888438547,322.5013009345874,212.62377243327828,244.6169940331516,281.2265619207422,75.19945462714837,111.27969411429956,88.43970493475295,340.58593218141465,134.18108400702843,145.0018961081847,58.999714258124655,106.13421029187015,86.20695296447681,431.47378642753466,151.16978721717152,372.367523985271,188.51590187081186,62.143331596427245,225.92215686539828,187.127031003491,163.8709972146291,220.6866079710008,190.67930042769805,200.32515013822567,150.04880988081533,66.08496028758516
2021-09-01,70.4578133601504,361.03651271056026,69.50892621810148,353.2665009843816,259.3869960174731,119.32940115887294,47.25521504467363,329.7322476744307,207.5548230694658,251.67181139183833,278.93596388381854,75.41287476892022,110.18800640836872,87.73017880786958,336.38342924447323,135.5242734054399,142.64800884647562,59.47719032684715,101.7903090466175,86.71791741642035,439.23295829141244,147.9492613860161,377.7643640623141,188.67259186974172,63.35807438526883,224.09768627269054,194.44011736186246,158.3932651393705,219.82996350249113,184.34833004979916,205.6333603831748,149.56682046812503,65.90647261106399
2021-09-02,71.13782255774383,361.12252685789593,68.72365259406351,347.53782581494727,259.90705946370815,120.16072142520034,47.75572263661939,336.89698234778007,200.65918201834765,251.61175887586876,285.9692075534653,75.33146705026459,105.7362814006001,86.24480569351948,338.20484891143536,136.1915210798237,143.81832604637646,58.48933936118487,102.3188317280863,84.9968853346321,441.70555686134816,148.09924261347183,371.32319697429875,191.85921758935174,62.10226778426307,223.8828597859971,192.2680554817612,162.66517813962784,221.6069065380361,181.9862569192552,204.90301665098593,153.25451318271803,64.90448950328968
2021-09-03,68.50940124303635,363.5255129640557,69.16863933734992,350.74895504977036,261.83402702958216,124.0795957367863,46.54619760911276,332.63446914710727,202.8182459703999,248.98474438006645,277.389191003009,77.17798870122384,102.76962307547967,85.85710296409702,337.93188720794865,139.15483932329641,140.7224890181381,59.02833781529406,100.60183279124008,86.14752102367058,433.5808686583131,152.12354662750056,364.3764858696464,186.98744433934425,61.540110373936805,223.40020924951153,195.14444075270498,159.80276497783512,218.17929803730362,185.5002660807289,201.08007802716887,152.9264394452408,64.74293203346667
2021-09-06,68.83731837865231,357.8033883955051,67.94123495419396,352.43568387863587,259.39323192471636,121.07935652233478,47.416232225057215,334.5841808547724,208.58617791144246,251.02929512387797,270.12868642726437,77.31141584676769,100.96621744945509,83.99733760795314,335.57017719281674,141.42369654509469,141.21414661899612,57.28599932378677,99.69221209708819,85.89345336349142,418.76150211448584,153.9939975146281,362.65869161967845,184.3137015529405,60.506435852768305,225.98126343551021,194.1763310673272,162.60381821170554,222.71614416805372,189.31495856973044,199.65831063807482,148.0715089248558,65.07976914330133
2021-09-07,71.99754195415936,357.6521137418853,65.35744244542336,349.4109793936725,258.9373829307464,118.71230648609354,45.63287627051321,334.3857403289934,206.09829823707136,255.57568730399868,270.6966107912369,77.81329016682147,100.7897946204134,84.11897112415816,326.86087646201344,139.05991125048135,143.072151535906,57.556447395112855,98.95008359055728,86.79452483447888,423.27028946345746,159.3068885906846,363.94014716714696,182.30896497069827,60.441696504904655,227.4656059753785,196.849922255727,158.92732555766327,223.52279876368752,185.96983996431445,198.154841822017,149.73443456951975,65.88159197192286
2021-09-08,70.96840766851133,356.5559242166344,64.69229140099343,363.2234645161491,259.76109335210896,116.93648272158737,46.5516627522771,339.573687150936,212.03989028556305,261.0164624706444,274.7280919127595,77.50700789564755,100.46422692429027,83.80715986187046,324.80225070544554,141.92510155149634,143.10910802401293,58.79070249342148,100.26331814059627,84.79574434072372,408.5656491919305,156.01327385244895,360.71708052640787,182.62043924662603,59.994984212636886,229.17887230860288,195.4839888944522,159.56205462247158,223.93977201585264,192.50108802014336,195.54538400698328,154.11964079551583,65.25292216961098
2021-09-09,68.96990746043146,355.00950814222995,68.96195370167857,367.69744627807967,261.4923656482319,118.64035647621122,46.02257736694476,340.95649375642375,212.11478604445895,265.8392768518039,274.1012998625243,77.1740460154084,98.43960506463863,83.98049179469463,326.37489564922146,139.18539826727866,143.9109207996953,59.09861339152303,102.25383971958139,87.02007885293892,409.4573883649891,153.30833834235438,354.49368612851913,186.10537217876356,60.131971924054284,233.3307979062645,196.84554705230295,161.34510084823535,226.74071622565154,187.87790998114093,196.4513537933674,151.6907777519055,64.95678641194456
2021-09-10,69.92969759002891,347.3469471157944,69.74411918775944,360.5748243478023,264.75865054212954,117.23583886515539,45.32415022194533,335.7836028303319,210.2616502305097,260.9870392769891,270.9735635070424,78.29937325390466,98.14591284297607,82.68406490765948,327.60537868889986,139.51852572720023,147.30265572940505,60.13007837582639,102.87509555925104,88.7205271999922,408.4112247067585,153.12890584629133,367.1337979708045,182.97009939732897,60.848445895235336,233.1791331761768,196.10617182493718,160.1183593794687,227.26921819579033,187.71888683640256,195.38551469414483,150.3399876400653,62.97783111681002
2021-09-13,68.86280117350226,343.6394444013522,69.97223424248966,370.2322431215541,263.07620679697,115.09826439962315,44.84605082856123,336.5118751297293,212.27889972114394,262.98554948753855,275.6998992709858,79.3097048493818,97.6961967957386,85.00274355734736,325.7973420075599,139.78722360859797,149.60544514150763,60.88297645364729,98.55780497460613,88.73892993363647,415.86614953772096,149.6912630039968,373.0196793394175,183.77870333925077,61.73215378267689,231.6747307157439,198.80696611158115,160.53349233722443,232.5746310470494,198.41876073251305,199.69017409170738,151.30872500441725,65.41000785334266
2021-09-14,69.76628868483213,337.0764886306944,69.93900879904206,374.1281733543999,265.46100621402695,112.79253604863469,44.12151768475705,335.41392538145766,214.1337160723507,264.8271462811493,276.5122336811858,78.51250560152344,100.80055398643728,83.80867915336167,332.7053606940023,141.5041923616054,151.91650713687005,60.309946761544005,98.30622591021474,88.85072777545099,411.8740559368794,150.28144362420818,385.6711438105091,181.33035994668953,61.269396325852014,230.00987056343658,198.58973073356677,160.26968190499502,234.97987112535998,198.55567620882735,200.60396909140357,152.12145985089882,65.67797499349872
2021-09-15,70.83282852481327,336.301453204892,72.25810008831805,387.1128926261555,267.5251466165658,113.26916123685811,44.54152694530147,331.54066881640205,214.80701261513252,263.03331061809723,279.47265006106977,77.83014599452777,100.22108054519474,81.75195589945409,326.5641218306057,142.34656263453695,150.4073886192061,61.72662676260887,96.5386766585524,89.71993796101727,405.51418361642084,151.28499272845744,373.4370132836164,180.51630845771862,60.67328289551658,232.16099220609794,199.8744857107384,157.50779679826255,234.44853030998863,195.5325782599282,203.34928724717793,154.68275374811085,64.15974371896293
2021-09-16,72.10585545601774,330.48277140590613,71.92146895891558,387.4135107665424,272.8214658725888,111.24386825723762,45.10746043147783,327.4585085672411,210.73296838047645,263.2206174144799,279.59629571341804,75.11604686178384,102.34866293712707,79.46125221475221,325.84886459562847,145.4877195758336,154.41089806112902,61.25356070899094,93.93424437892817,92.2267908865045,412.9435398599753,150.0503586070692,368.65903283222787,179.2050320235982,60.44325241734887,233.00444394039332,198.38452071037167,156.56453961028163,236.47408561344903,189.85497539187165,202.3553781157955,151.3795030131186,64.2790155116451
2021-09-17,69.18210983716978,337.0172496623833,70.10957782999569,378.527332890934,271.8193358588243,114.74829046178662,45.59603132699979,320.76967600298985,206.40392655323885,262.30648901127694,292.9871211603013,74.26228116915394,100.70440175919468,81.11712338445702,326.9132977168148,148.0325675927634,153.13244177798646,61.12934552395217,96.3569876024338,91.95092990492978,422.76237582179516,151.05697558780906,360.70711866409584,179.22575290107463,61.17323222808742,234.68029845879744,198.31322101471986,152.4184016948439,231.15278459607381,183.97267238333495,200.9890124590176,150.66720478178726,62.75860053467139
2021-09-20,70.72124937151914,328.0479904638975,68.26833570782023,379.1031634807846,274.7171208186466,119.10059697301908,46.00107212570795,326.54316990630235,202.57992657884952,268.0805576535115,281.80110018548135,73.825351461913,101.75188394011889,79.40929457376787,322.14555551833365,145.449553135037,152.61206224021848,63.05215338594087,96.40599810177866,91.05701694023415,398.3238055072006,152.27575763393403,366.7936486788637,176.08646725770626,61.14327545391873,235.24268676661745,200.95919912812403,150.88703354508124,228.64387295285374,182.31326227485613,204.6911870832976,152.75162484824875,62.742534116905325
2021-09-21,72.29039719880966,311.7815831224258,69.358277723378,373.63939778742514,280.0075153081055,116.84345316907681,45.421565116317346,328.72551200492325,204.74922059219145,267.0156496838603,283.9942359542108,74.32896525785637,102.50418702503084,78.99599730770828,324.8066502330774,148.85057475697022,150.46267808397397,61.925652408356314,96.47436717232861,89.04045851781962,383.79940585427875,155.14590534627857,350.00433702533917,175.3900559834395,61.717872517604754,235.98058540038485,199.94480678830828,148.57459462316007,229.73837907115123,178.76749981844586,205.52194819881015,153.05927757835107,62.90281925078431
2021-09-22,71.31480350927407,325.9133503400767,69.86848271962735,372.3877636898935,280.8559941302201,115.2308894440817,45.164148234340075,337.6412892627187,202.36263930997748,266.9254096335069,281.29583710184573,73.39017656131091,103.3134650994115,79.04981778322133,329.62323705401104,150.85560405812393,152.10535996642642,60.716400547584556,97.68798164083913,90.31820595665526,375.84888668557863,154.32562993473806,339.46370573926094,176.68602406615176,62.22817307768003,239.49679409034295,199.36304340556447,149.58480645379473,232.75859725985296,176.11021878788713,203.01148215167902,151.65645188535467,62.55172453320389
2021-09-23,70.00653575890448,321.26913463858574,71.10848374368861,372.0406956702832,281.8347185358891,114.10095839278479,44.753539505020925,338.8654547887057,202.82689158258506,269.1013750312009,289.051650732715,72.78465630035723,104.94788005668288,77.93129899238001,340.79328969658627,148.95064326068305,153.3859828731335,59.313151032940084,97.4209564627807,93.34744375966282,369.617421882841,160.22927997663427,339.4573854898444,178.5680420899137,62.54702104743593,240.70662800778413,195.58450703822643,148.61804084323384,236.4512682973555,174.91155594422918,203.47449622779368,148.6657848358211,62.012141423561815
2021-09-24,71.71816431999281,312.59153157128725,72.13806794932817,373.05022714354595,281.18256794916437,113.53629672682472,44.43008499837865,337.53479666562544,205.871522777097,268.0702613735356,300.17990706116916,73.09899284704206,103.91559918025261,78.96785770008786,344.26159809357347,144.99923079161874,151.56631108504803,59.17519626561025,94.51870425847375,97.60359128387837,376.05446424479544,160.21055932804768,337.04696294425173,177.49152434257533,61.11877655789533,236.67245900108318,200.72475568278148,152.0567700199139,234.7882055039174,178.1026006182646,204.9865524716544,149.90339589875106,60.59489970136167
2021-09-27,69.00368342740055,320.7946187892289,69.40900176826769,372.4458813347484,280.13749214386655,112.60711240943328,44.644937128593355,335.19280921606236,207.21862529014467,268.5600740195359,313.63975099462203,71.85925064170067,104.00825735817301,79.44015088290598,342.9009342276113,141.885779774032,153.8655607986863,59.618983143231596,92.262678061155,98.52783299651884,389.6394487885386,160.12933059539085,337.06243304089963,180.50803240276122,60.43462520487577,240.91523897499644,203.42580859905854,150.09894000219143,232.85953517401046,176.25647574088563,199.88053205895406,150.43873732912587,59.73913967328957
2021-09-28,69.45126127179813,312.0737470690434,70.69926054665669,376.2448761613375,278.0901306172303,113.35230005138536,44.70535567022069,340.860465200491,203.95329422643906,268.2716608919456,309.46323767762595,71.93633560836292,105.03891333134081,78.76575790673009,340.9575339261184,144.16267238895168,156.38417994523743,60.270206467798374,92.03546356116304,98.04875829015585,394.17976762373775,160.7675134412762,325.5862010734995,181.65512241042438,59.83639442408826,237.62856223374297,198.9164100106093,149.67915204839892,229.91408738279543,168.2897788245253,198.95206386213346,149.51038635406752,59.598932258420724
2021-09-29,68.53073339814006,324.77168976820855,71.4421930867127,373.88549901176344,277.9577311591504,116.29845887522931,45.35618016678117,335.83342950556505,200.92274565927323,266.32149135581096,306.6279833255083,71.42989945214477,105.14144231916377,79.56010710767768,345.9673011830239,143.41480734479106,153.4403569363922,58.93703448566424,91.13772158514811,95.49280608360104,403.70137791956654,157.59650173735307,329.8761724418957,178.50748759055026,60.325514765853505,237.40635961489744,203.0723175340149,147.31309306216468,228.33126794535147,167.05755860358525,198.59742194400866,148.86707644724595,59.288113009013514
2021-09-30,68.03738888115382,310.65908088030983,72.87078947295608,388.5076631006962,278.9012533680836,113.94709494315525,44.662895853127246,338.26641641709256,202.20489849954606,265.6886932682821,311.49197263701865,69.61557111492431,106.60136119181024,79.82896247992059,340.5460278775075,140.11488484874877,153.6981662356638,60.771994446918896,90.75596664354072,93.78344705938713,405.3966525275651,162.56363034698887,332.91746147017847,179.57928188089699,61.2299930356785,238.64273173996293,200.97239184149706,143.715014632655,225.71848352716003,163.42990742597456,200.50021237826672,150.44610592313944,59.463333406446516
2021-10-01,66.22250444090037,323.0009804322664,72.29913396551558,391.77158628920785,279.10494514034707,114.38864238323208,45.04994541655319,335.8513495993359,206.45330535794946,261.6863395506157,304.7982614266865,70.804095329723,107.76645862928295,82.60420833691914,340.9672859890676,144.08168165663216,150.4097155177316,58.94929185000821,92.34825745253143,90.38071243104152,403.8334113726825,165.83619920371515,336.4816411580436,179.65206309308508,60.92191369651055,239.23670842177654,202.58791024343773,142.40151862464262,226.88033118098224,166.97656289008592,199.9476149461307,150.60664937182503,59.939188001431916
2021-10-04,67.01651318167309,329.3052560106424,70.8944458457656,389.1632629304631,277.6990730182883,112.54638955211296,43.856128840307406,324.211023964784,210.42770056627015,257.80952381186415,314.9414644260296,71.50853769112635,107.03085824908804,83.30422661172162,343.3436319706355,141.53094880597342,150.42075198090365,57.721033602809165,93.5336284565723,89.02296388625544,403.1168601704196,165.46109079985013,337.3756472642845,182.88787230445098,60.76594271764309,242.28521143053004,203.94752666989578,145.37238401784577,225.97367063975122,169.3078745759864,199.85083714889234,144.89731282329,58.890067653649965
2021-10-05,67.86511921121155,333.1144947851612,69.13510939873554,390.4401364345913,279.2523920798009,112.48683058478596,44.34286432516415,326.4858435870456,210.37774543394815,256.6218082096625,321.87706283810394,71.96687266550761,104.4703667444908,83.56688196462734,337.1258757815015,139.33735347987803,149.30749856637456,57.78711208913825,94.22654527829181,88.25913371480104,400.1683581075991,164.07105318859203,344.93429168787253,177.50924811492746,60.56147415583508,246.17790736296095,205.4198614774342,148.08291572896732,220.2124836716607,165.17891524753765,201.3573794066932,147.8720662886473,57.81090198759161
2021-10-06,67.31213533474862,336.1326779253723,67.21124302840121,393.2926590449852,271.4407506986602,113.50283351225677,43.69090827311986,325.0408207030829,212.6069584310551,257.8695690304432,321.81951987943404,72.89531713225661,101.39434696297066,83.81188412693679,332.93761559122316,141.46235401145367,150.55824616716293,58.70993068820405,97.27119932105911,90.40862824587268,398.9553969635314,164.0854992284234,349.3605179532663,177.8159907548218,61.091440290960946,240.848684141027,210.7605767513912,148.25702809493612,215.73829644540373,162.20690353189153,195.53370194697422,145.81936585425225,57.68240893502811
2021-10-07,69.5384183803705,339.2457386816145,67.53923288579335,387.54025079241507,269.11585016051583,111.99207927947327,43.23546129736393,323.943897351416,211.75482071397107,257.1176024325894,317.3307492523121,73.0572501180098,100.86594687903401,82.05791139914369,333.16832120307834,141.21221085945345,147.81993298909273,57.97259926591673,98.41181132356213,88.25558952553169,388.90480345210926,163.20058835207666,354.0075054531094,181.301533193141,61.592092799680046,243.59267737641557,211.7922154924876,146.85098282013055,217.63141404948308,161.93402097737058,196.63167679758953,144.06474345147433,58.127600349514594
2021-10-08,69.36746868310273,341.06239454026024,67.44648535182077,386.24977880939605,270.5674956370708,111.18408909479854,42.22229768700056,317.49544540963393,212.4350041557295,256.0940014396618,306.0611841689909,73.19300920436667,100.7348856547575,81.52709864247117,334.53438121671314,144.29881488459785,150.11094165972042,58.163444949320834,98.26995601459443,88.56014917922867,391.49181079673696,162.4765034788943,355.34428303838524,178.3638788879697,61.670852128139515,244.87170851434794,210.43045742288479,146.69392474022334,214.61612400633433,157.95955089499972,197.2780518971835,142.7319744454098,56.47477276473005
2021-10-11,67.74424688792818,334.12637680074175,68.5003392255263,387.3047410316822,268.11512706014383,110.02016094821963,43.06590308456439,320.93219881258693,208.80694540030822,259.16722829559427,305.5420794387796,73.97780064740081,100.47976074517278,82.84659833853058,328.43097800948846,143.71766264968355,152.3151834513811,55.234835024595604,98.20120585695787,87.82906735759671,397.1758940645725,165.47368531499004,360.88598152515743,178.87006563523116,61.71970425638658,244.14459316592738,211.06914714859425,149.84299241526367,212.4092448274312,156.7042918521666,197.13791450349453,144.62598046041566,56.685726485507324
2021-10-12,69.1935678341323,341.79583657843995,69.32176081090921,382.0006737092588,272.969397071057,112.87509989077428,43.11165457782816,316.2492402258508,203.82123374002123,259.931289765264,301.0887724092643,72.4171456110151,97.73113181730463,82.34331434902005,329.5039639213188,147.07660828359218,153.2246143649746,54.78972993809648,98.93908811050896,88.38169509280695,403.40105367540036,165.3796037912139,368.8834218741718,180.4867136216492,61.799621916561485,243.96528638125142,213.75538855775784,148.36153616344762,208.40405071815348,152.06371772169138,195.02765584355214,145.8969607157811,56.30189289970208
2021-10-13,69.50532252054883,338.27185486219446,68.68193779277145,376.96217833345014,272.7570774931334,112.52932010569508,43.38397455766625,317.4033144050324,203.25562073515533,256.2014803000104,307.89972972016807,72.37527652134604,97.90600459403893,84.14143936359058,334.3751982856771,148.17366319618478,153.25872974761145,54.78532893508666,99.41503614647401,89.15831479939004,418.0591366782743,172.4925245580192,371.179998751187,176.4783006038345,61.121425968935235,248.5477533461484,215.88684801598563,149.31583101915325,208.03006652435815,148.51244352679703,199.71241247494473,144.3715295149165,56.97984746066683
2021-10-14,67.60494678367645,336.81614140617853,70.05481957621332,375.8442793645961,271.74114737039554,112.56187424564455,42.52816046743931,312.28297982759267,205.61038983205955,255.24459906786353,312.4772405527314,73.44807996482544,100.0539410755677,82.35253995400646,330.70939918910847,149.50132680438145,154.29874194762434,57.53122620315141,97.71439738937214,91.41104492235709,421.3921999471883,167.77253120431268,366.95551973524107,177.01938927143215,59.91085776357,243.5485950974561,210.83570394011699,149.91685371540777,206.80922129381463,146.6951651717262,198.15605934075376,141.751352207757,56.563057162644874
2021-10-15,65.02913703934902,345.6926436103583,72.44309437603789,364.53277745080055,270.4380627382672,111.75397272415252,42.42166462029739,315.8903017108589,204.1761626886531,255.13191559105834,332.5526682569404,73.38113047074636,103.28705390142983,82.92339664927898,327.8389535187115,147.77167851415302,154.32406836191691,56.15384173029746,96.12361844870988,90.59949302606664,424.0576470722505,173.07545175146402,363.2597861250853,177.9357887976242,58.77781030382759,246.262796002397,206.01312649116835,151.68925342052202,206.66644457370222,146.3463318119861,197.3957033582493,139.40102089037157,55.42982421097026
2021-10-18,66.21176982366389,345.9001526789598,72.02828807643817,366.8142371690233,270.78586864127465,110.17487283809842,44.02112671401956,318.6251130069271,204.64780596358818,253.9495424787845,339.23877183339454,72.68680116898544,101.7346793923105,84.83947119585832,328.04666859726905,145.96038755607103,154.3729580828157,57.20756409656129,97.29597205449224,92.50603609027048,413.3114833823557,175.90702850809197,361.9257638339468,178.1546520715119,59.64962445306325,248.1167985039332,207.0337416705449,147.4768516871752,206.61792490949364,144.08272514392067,199.43079984115946,141.2325277985898,55.16288669900964
2021-10-19,65.28086065757643,357.8563220195576,71.20142955385023,361.1637935253723,268.44310830561994,109.08607811815718,43.46095708075312,321.7532720537663,197.77381970493138,251.85269514082384,338.89804379906315,72.91792248254394,104.88313326648496,86.6280507623359,319.7963746644287,141.50021043974604,154.45694366415088,56.38897845115969,95.11038618313347,92.54587628275169,415.3862085578806,173.4375978136137,357.2322497155904,176.77712951286892,59.37611029364297,249.58114289040248,204.0702526384125,146.1713463235242,205.6311734891394,144.0661174075459,200.26827906411052,145.05534674216025,55.68439123942181
2021-10-20,66.12667047554781,355.921722556291,69.86538992194744,358.76262690306,266.4685402289751,109.87263196079518,42.40269330737736,324.0107700629889,197.4723796538815,253.7938067229388,333.80391032920596,72.12358411379935,104.16539679633715,86.14710789866045,323.9955151172494,143.3739653719728,158.00120072135783,55.79649130113841,89.20174924141149,91.75088023206249,417.4710075615246,175.5741677583168,359.5573329458685,175.9034204518183,60.62032271687295,247.12319239353013,203.35014147473268,143.96737883757493,205.7551277749143,148.69497450647728,199.94355668690434,144.82791519161265,54.1723319883143
2021-10-21,65.72946890620646,365.0084861735481,69.54356583472898,357.37520577600816,269.6886504097819,109.26245948791785,43.23691478918148,319.62379128269646,199.6461658614268,258.0678009147428,340.90761325627096,70.46750192879959,103.02699822680815,85.88534307571986,329.3209712574104,140.30792038878644,156.15534587186974,53.89877683351191,87.81376114813203,89.34660230960223,431.6239822588291,173.67355421866952,364.8621267769957,175.98749164080127,60.64188204140571,245.77614412725418,205.52082823197955,144.32973791499347,206.08369025280956,146.95300228869505,198.8169786089429,145.9664906695633,54.38066608351646
2021-10-22,65.91118357410329,359.2304496690495,72.27079300073719,355.2281017574194,269.6563460583331,108.90438578182648,44.52779602465995,318.7577321810311,198.51455851945374,258.48097719676656,335.996510267324,70.60299317501534,107.50816330970349,86.24699515545234,330.7582369181779,138.69104477121084,159.3705898249244,56.22088872211677,89.28089967158934,90.60668012127704,429.62652165680475,174.85073354795105,358.5329608290102,173.9563899470216,59.594745035792485,246.90297607215413,201.75602984991826,143.34184996943705,205.99361452759726,149.8940042943654,197.2879640623064,148.11938539122576,55.22390083280257
2021-10-25,64.42462154243482,368.1814833433496,71.89080693713133,353.0036236722357,268.90771500097554,108.9080572469703,44.25636826766289,315.982785731702,196.2502880387217,258.9476063420128,334.8672783425461,71.11347778770485,107.64825724278468,86.35257205433895,333.9582710168673,141.9631316064748,162.17345586344942,57.88740817163678,90.80354755778846,94.72754060931064,433.6404513330757,175.83932178474592,375.92070916837366,169.06706344992458,59.461348427793666,250.13578445661065,204.4913269380854,148.76066018860024,206.35107838708893,148.61787033012777,196.4437593286464,148.75960025440074,56.70703711308015
2021-10-26,66.72574918291917,367.86179191788204,72.2702161814483,350.2684104533095,267.50938746301233,110.99737616889108,45.33741812504888,313.72245872550974,197.06155888178682,258.43756222353767,340.9657307392835,70.79876762766756,104.05879029375879,87.53664208282551,332.38782781291064,141.5208160005847,163.04832679153324,58.34162979405497,91.61984401804717,91.50578815305863,438.76789195992046,170.24877007219317,382.09932415483075,171.12564460430457,58.51741963642591,251.07564139042142,207.47979976794383,147.8497976895429,208.2205595170757,140.61069929635482,199.5433432514725,148.84461261001394,56.474589550367604
2021-10-27,68.15409663997656,382.0027694375096,72.98433016185146,357.96035792439056,263.16189465105464,112.35203106724191,45.25270328235061,311.1672656006071,191.248451951948,260.1167563498367,347.25812843399626,72.05289307104637,106.29979724709912,86.65442322315414,339.37239731760764,144.80625950757403,162.59042631566007,58.3876129289431,90.00664046725541,94.44440446447834,425.3313308922972,171.82132636712947,377.36077698393603,169.18328850107713,57.24208305454429,250.64959244021188,203.99335130699177,148.01384858926622,213.0903099286538,141.17247277403735,205.24890266602654,146.98437872770512,55.3136897454561
2021-10-28,66.68013334390746,381.59612783659384,77.0152282376423,350.2634644196288,264.96308209532185,110.95070636599716,45.106016264072956,307.04396812987557,193.96524277808223,260.11584048960896,355.2387792406767,72.24985175008537,102.74584199589499,87.95180211972716,328.6619883813945,140.46885965876942,160.88361762807602,57.26524772994899,92.47081026119334,94.10918091498813,436.5680977144357,170.19083535486087,379.9292267743488,170.08162326975477,57.73673391318416,249.59950657516814,202.98947722631917,147.4263065524028,208.68039712493416,140.93975959503715,204.22364248873794,148.12290255024902,55.401075440423696
2021-10-29,68.62307694190727,382.30542369048436,76.19234414690273,350.653987991978,267.07450490402226,107.46249037109006,44.62971431724233,304.8579894977854,195.28116523344482,261.5874054844855,355.9870864407051,70.04449775870657,99.80627601610871,87.68809545678963,326.0817726448973,140.5005360370118,160.03658011855592,59.20751831250923,88.4998148872195,94.72563719434132,444.22430303182847,172.2494004222465,386.3177919789716,171.8123295835993,57.340293896573826,246.97368209533522,197.50706901114356,146.70534358137607,206.6754022478289,144.23678010308856,203.47605255374154,146.18027218145141,54.34396661135094
2021-11-01,71.61578057930461,382.2536949375342,75.05439363870181,351.3545340403111,272.5955245922047,106.71882065460647,45.096755864405864,309.00673450666415,189.63138275592365,260.05418471941243,363.9676662691837,69.45961501576348,100.58269067920573,86.8197109800967,323.81141594010546,139.2234250078802,161.28144362999765,59.47688086757707,88.68451043386419,99.92759555641803,460.6357725556798,166.5686665306586,382.76185644315075,176.32413228595027,56.9665264876302,252.31001412521675,196.40609392987778,146.2574981680713,209.0581449330965,143.98095725445162,204.9544061296453,149.22849233103352,55.02476551537145
2021-11-02,71.84153352874709,396.469754683781,76.38009207168251,348.0676939750071,278.4779657483597,107.97523595842063,44.9574001041513,302.367401046184,185.63547046856982,264.57425035817437,377.4437759890985,69.56989632114797,97.49948751927415,85.5830442986456,315.5513259261591,135.51691945474977,165.2191073500498,62.20200378740377,86.81101632038663,99.9177541374096,448.63492378547073,166.54381676543753,396.24599394466776,178.3963140493181,57.535955604782906,251.93544286844516,199.830056801104,147.66488635966778,210.2212666511479,143.65355991489042,205.9367649315464,149.81547015449456,54.546686874149835
2021-11-03,70.66811449517752,388.1507359872223,75.01607541827842,347.31959791567306,277.48744235142436,106.78126925571657,44.496321015327005,303.484761890163,189.75056227713765,264.65963974125924,376.8374585998099,68.78272356667527,97.14918081861687,86.9734320332611,320.8791829372753,137.69595682877602,167.09207655142325,62.80413256210512,87.49904561996492,100.4484345873913,444.87658207400966,166.79898273858387,398.08638644915914,179.64530068534157,57.622511779123755,257.42389539495696,196.61800078946473,149.31657145873666,210.1834286672857,143.66242719679693,203.6862997048609,151.83977644748745,55.13479703469343
2021-11-04,71.94885928606718,389.7065673526467,74.56115026292404,347.1332447376439,278.83166387845085,102.99078871377569,45.08748702060103,311.8333499940634,191.24582748433093,264.03956664622325,375.5649076433072,69.43892556460452,96.73948144192148,88.00693054680949,320.0319171346474,141.62609139185463,170.48709903399975,62.36721950337543,87.37910996778024,100.40939817312825,444.89468206437493,164.15478257216625,389.1091420698991,182.08521739347805,58.3938198831084,260.32462947775764,196.4697959435131,153.4709097898375,210.19637254438584,146.1521388956643,199.84872583577038,151.41488661496732,55.000092908861085
2021-11-05,71.8565566104205,378.82924862611765,75.62112751432232,352.03247443666885,276.68159617961686,100.88735205045815,44.57547848134152,313.68665091507955,189.52371958736464,263.8035367012101,367.2262602453066,71.24365327352228,96.90146661195438,89.38811386858572,322.6133864358308,141.5487207027854,170.34167115842317,61.40550994259768,86.64210183896785,98.28697205832329,434.8144556689202,170.09380220860277,391.43805896753975,184.9798047257219,57.861636746988786,257.1988469506908,193.92039786291022,152.59015009243592,210.36888446081224,145.71679801142724,197.77337237686834,151.6150410145336,55.16247342312851
2021-11-08,72.95343234004233,391.196872688502,75.10500284933244,357.88835619627037,276.9327955460064,98.15064839317928,45.7884656462171,321.772219110676,191.43346694365283,264.1514196920861,365.1442138140717,70.86040077810597,99.04861802352545,89.38473143866523,331.4186917280218,141.64887225555975,169.55873552904853,60.621191493405696,85.4285769672214,99.37721599790814,423.4012317160231,167.76474587556797,402.54955699021144,183.17661189692942,58.47766593154779,252.0531947938902,197.80451561748228,149.8796160887592,208.08279244292038,147.7048755563724,198.58844953631046,153.41566552105823,54.03090232779073
2021-11-09,72.5155145138435,386.14576130438195,73.50738732592127,360.8586784523746,279.79288470213555,97.56448421566263,46.851057221677316,319.1602949946374,196.04844601203587,265.7375888795964,355.9182942818295,72.70414065149906,98.30464180956533,90.85484371694159,332.23934655986807,142.5376619972479,171.41090687478723,61.7529429287848,84.88450626694899,100.51703127475763,427.52331412344824,168.3927307480319,400.86637070290345,183.63934424970978,59.883615833756835,251.42484068641713,201.10191833051087,148.59770495477778,205.80851104835958,157.6541244084141,200.15796047073158,154.57878701983074,54.56223038795711
2021-11-10,74.74185733137061,389.6978835982277,74.71700556882368,355.9424425882774,282.80593002251777,97.15740719494703,47.33050763483577,313.35346290431625,198.05837342607444,260.02678263061256,353.866991633322,71.18088242105992,99.4551942006146,90.95663871777464,328.2135734430423,145.93742689779506,169.65253432500154,57.83786161867941,85.7422948247534,96.81591120319317,420.02314935960953,166.9380788325839,389.05711148816414,182.73664158781978,58.907168674115596,251.950038070934,197.8186709098042,148.7065257505236,208.982257380776,160.12970630937733,199.99848440839952,152.63407291053397,54.70887383062726
2021-11-11,73.64580002153765,391.5296038259727,72.26399530107547,359.9059434358407,282.96379080187467,101.12289642395275,48.27181585238287,315.46069846750464,197.73554937958147,258.2698533255351,360.9035274433191,71.00926622855269,101.58236759354409,91.46328534093658,330.41042205710716,147.38209081699566,167.86679729846722,56.580888545673254,84.03445620281597,99.00748790008763,411.96493974940023,164.64434203692295,393.5234732573011,182.30321994071048,58.65921462512529,250.89040978905246,191.71871736028874,146.70201784102812,212.25835058925605,158.42391359249805,194.83480841670186,150.6761329658204,55.035490900074834
2021-11-12,74.19250785386751,389.18015166069927,71.31383512759867,353.3855313603929,284.13637931952843,102.67551212588553,49.21916294089864,311.7851259844725,202.0805571398701,258.2365649785729,361.0997539256455,71.85641988811582,100.64641118038787,88.871114390293,334.205765338811,148.24418608784237,167.197744733053,57.35902582007563,85.396210861345,95.88013626721438,412.2505412197447,158.41525464766536,392.5358203376742,181.63908810082717,59.022324084148295,248.32172252900128,190.66251101379743,140.12929059248793,213.86152295809444,158.148612831198,195.13874651638002,147.8084151049174,55.39852033391489
2021-11-15,76.87313865871486,387.7603728305747,72.25129930190701,349.4426587466573,283.96097895047427,99.88304354933936,49.80969203399937,312.48364889435607,198.3141615466574,256.30864190737117,361.55686924262886,72.74166238981486,103.36988967664529,88.72895532490335,327.0336876162832,148.8433442125178,170.7925128859052,55.38704799531341,83.85964558892748,97.14367474061594,413.6585118676953,156.97300679193916,394.3964801815455,183.57741907577523,58.971372749868124,247.9733741647214,192.22581806646818,139.62835258668014,217.10501481901912,164.65732853660154,192.7901180766088,145.45440187315126,55.740024990032474
2021-11-16,74.79564185314705,377.1241739772444,69.42259731075015,347.7932677711615,283.9186639275356,98.96323669306514,50.86453874150497,317.1868765275276,204.47088135214292,256.5369542508919,370.6120031933099,73.06446750683473,103.79237482849081,88.19299968822486,315.4475168215974,150.42183106707836,173.17328004870197,53.59552868059081,83.85954960135885,99.22464245495573,410.6812748636245,160.20346324898108,393.26918726475253,182.6143760372125,59.87516060866763,245.7773324211213,190.38260791607445,137.88725391592388,214.01138393641898,165.1624328683988,191.4816852358084,146.40704992710474,54.192306818786136
2021-11-17,73.02856280886138,377.6740278201454,71.47617776671513,349.6683257340831,282.1945158781586,96.34448964149432,50.3783190337645,317.1916413500498,197.10815374216847,253.58835962800714,364.93702630849185,72.86243295368615,103.73047268302601,87.49220036762516,318.0566520794263,150.74936691314804,172.46319772395788,54.3576214785983,84.78564088229685,96.20956062921351,410.5017598564853,162.6616995127757,402.1645791496503,183.38412104051417,59.72733055313119,246.93050593113924,192.51330600658514,138.1579567069094,214.7171428240893,164.34696376643603,188.00989840987745,146.1024002676421,53.60287930478172
2021-11-18,71.99121045514171,389.6955432040112,72.84567751856562,342.0070813003293,279.0005522848869,95.72292563981362,49.90214466109179,318.4531222838267,193.36071266022583,256.11215356313835,364.59710175850296,72.58425324444235,103.74246109152024,87.02175527901221,307.9320166070506,150.7995111993797,171.85582175607993,53.25431046692342,86.60853626388597,97.5988414016367,431.8795956404229,165.00225914306677,396.78748248237054,181.69004756117278,59.39480826725491,245.39958604622691,192.83307803683175,135.1819501714564,216.58896817825004,164.6484799526339,189.4758291647842,143.9734156574865,53.82360198506672
2021-11-19,74.02993327082099,382.6451459411362,71.6080295872698,345.37778400572415,276.18416789568596,95.32952077373866,51.02424523065084,315.5630072444799,198.16502598022745,255.37363127784934,356.14634644090086,73.18008134430025,103.98008454926277,87.05391703618504,304.2108495002311,151.06799880900672,167.76312048796422,53.5165096081481,88.8109601255784,94.00751269173844,428.3513523765872,162.58739228324347,384.3928367914605,177.84343844157522,58.58283151046051,244.91697952886145,195.8950762400574,132.30057010172524,217.48726412180483,165.37250441284766,194.01146184770414,145.07157941650303,54.38244067977327
2021-11-22,75.15519770958035,375.2051388602389,70.8281540613606,350.66321005936595,270.25591958474945,94.17054764513047,50.02161064961455,316.528633059445,196.9204723756465,257.0689473124313,355.3315148530759,71.79220085039417,101.27888769887741,87.06369414973598,300.523028762276,149.77979097585987,169.67001831357697,54.41318001290778,91.94940669760288,93.3848122144714,422.793493814486,163.76408587802092,379.914100790007,176.90505122938012,58.45991737093118,249.12078474844583,197.80907872887005,133.88473942750483,222.11172701379795,168.3712139443644,191.04011918293097,146.77999238160987,55.293287818833896
2021-11-23,76.22014010341941,373.75127206083715,71.61319707075633,350.69083713068505,267.50198894709797,92.9461523784931,50.55774504978442,313.54520900603836,194.49032104286113,259.1015606801687,356.3224871731039,72.35714320840505,99.12450004720526,87.72285889184714,297.4081941477944,147.33236937931144,168.7052791890957,56.05240982014379,91.32465313821282,97.87334773081288,405.19810493065495,159.53728575321878,390.6960283326894,179.92603620228508,57.879241991099825,249.40744863107176,199.7640384172157,133.48488178289475,222.61853380809532,168.41103760138853,187.19835354494757,146.15093560877403,55.30949035921717
2021-11-24,76.39757257021644,360.15260130273765,72.70233560027127,351.4169118264959,264.55763461004335,96.02665575247305,50.301169470226945,312.7271159499212,196.51981643393634,264.08448317481384,361.4275836417891,73.1576059816284,97.40933634090602,87.84192785799674,294.9279892492005,149.05750529877952,170.33886474189825,58.0812323361035,87.63090518042992,96.57688468906306,416.3588409063685,155.80208796266297,397.4194535220386,182.14688958428357,57.87754086366309,245.99375663728597,199.47250408907396,136.34848769002437,227.15080896719596,169.1120419854678,184.7280359800877,149.5156229523332,56.05907377171026
2021-11-25,74.930347966709,362.9530314756226,73.14882021015889,348.57728959826727,265.59699117211534,97.9748949385172,50.08368260982083,317.05890756395775,191.2419918738996,270.05384218669616,361.85685910637545,74.19940425557708,97.82526643593418,86.89638648818466,294.79838762645295,144.4993286846305,171.7684621009397,58.335592587713485,87.32512333518129,98.14525644499473,416.77710951899326,157.43320289692466,405.59481606248863,181.14528510463347,57.321807976444774,241.89597102462778,199.84113351279817,137.27680601733178,223.39306847048448,173.9611802745189,182.68447586592788,145.51238365522678,57.44586174640998
2021-11-26,71.84037595665077,370.72337783397325,74.21383377784431,350.1821917528872,264.17197860018894,98.87868513828278,50.882844407726125,313.7945935196232,194.254782120616,272.6669701579146,364.07618673449457,73.7308498324592,99.50429293999308,87.50614401813873,290.08602169155614,143.6544995663546,173.47683579505917,58.490640022465016,89.18299963140423,97.44263493953834,408.32252113039914,163.42635645116223,391.521885190596,180.24320410476835,57.53098228773788,244.4099798862652,201.63650944867507,141.9473518926116,223.13351953212472,170.96987572041644,182.18804778408796,144.93522106779386,57.387257700042355
2021-11-29,70.35370939483649,377.18869056407493,74.77828819097215,344.47042342722,266.9714718552768,97.44884543417483,49.99380633814023,314.2471697519536,189.03040751568432,274.3781897986339,343.09381213808746,72.80911945855507,102.37090062459986,86.72283760765599,287.7620702914525,146.69516629560817,171.90731533682248,59.47632849357786,91.23490172119233,98.44885067584133,396.36734438544056,161.7764089254767,414.5910519036387,179.36326630076033,59.63387927203066,248.74514032734473,203.09722195880397,142.59663588015252,221.88068754690562,170.67103286873865,180.50856924075063,144.84181358181812,56.13326439762948
2021-11-30,68.26180587819078,388.07903227518284,72.46963827142532,348.67140769303046,261.67773722839144,98.57345051915044,49.84387113041009,318.9959665480505,188.10748693473798,269.0988977039441,341.74368226010444,72.99368588217496,102.16858127760331,87.40944001930909,285.21565104769587,143.7181720346774,169.93760258743418,58.82555691242187,90.33702900813775,103.63141683821053,406.9040084380732,163.6919685529025,418.54305625842954,179.98400087020644,59.86950661904845,249.26699492816235,203.24541603601358,138.42236611356088,220.90674633296067,169.8604669825863,178.69438888419234,143.82554049838657,56.414054379795935
2021-12-01,69.40076085358983,390.73089060363174,73.55555369018805,352.3331321039458,260.89454357280397,99.52323512361127,48.56089530001547,317.8049381168657,186.69093798350892,273.319832596468,344.15633616756105,71.80221466092904,103.29364770518107,88.49676827889162,284.8473333344057,145.36803617543234,165.05628212596946,55.4936323251278,88.33043130551863,103.96979113052703,420.12598884958925,160.60807236066518,411.12229376695456,180.20444233377927,59.537602581812905,248.01323019558683,202.1257394618123,141.10032212621576,224.1809498889219,169.94301288679188,182.9273392070994,144.8059127094179,57.48952450621746
2021-12-02,68.14220106184325,385.38080769385283,72.62379605348613,352.0497717048531,261.11460970589513,100.11764671302386,50.024524353596654,320.4877333882933,185.24744711160645,273.4286915063351,355.1519081995176,72.55574063008616,106.11189955307665,87.94421816681411,281.66216619217545,143.7418268651944,164.3176888767367,54.239233460651576,88.8493281610526,104.67258114483505,432.04271613017846,155.89519583058942,403.06444730692925,181.79690448441758,59.68633743234353,248.23869563783225,205.65467006078532,139.11235610470047,222.1665020677335,167.10876503873044,177.9252927292453,145.0822974710287,57.00727802241879
2021-12-03,67.0895114670582,377.975890584771,72.61999810276093,348.45537215769633,261.7864232133753,100.96159936661441,49.80948204119538,319.3678194827392,185.84561797213436,273.4684672791272,365.16206887741004,72.88643974756877,108.24116604991295,88.6824773532764,275.82164147534115,142.45642787908756,164.26565575288254,55.278889561274504,92.21934076030556,103.60848616322558,432.63569432009285,158.04464908864864,402.6110322046769,185.03526134205833,58.753353374067515,250.0456735726964,207.56346694473106,141.47296299542015,222.42195622716335,170.10169751381835,177.36896353433295,143.60607577952368,56.13974239104986
2021-12-06,65.05896422697028,374.51525988269253,73.08712559577124,347.61392147535435,262.39381911046377,103.24978154431733,49.42987280770382,327.8437995809956,188.1196661647849,273.0543318208502,363.48515449319564,71.99469116329946,108.23172073866675,86.17166131231194,281.4601661736837,136.06856554499657,164.38750848271877,53.9349584845868,91.00205031716614,102.36327774494573,450.3508865606252,155.12819123328973,410.4774727301968,187.37142998517044,57.15612715324761,248.6231323149591,211.81946252259695,138.87114297375024,225.9573244897379,170.0444959159748,177.27859217666636,143.76187593387974,56.459008440192186
2021-12-07,63.74925820212389,372.54047015897453,73.64267535640658,348.5530385334429,263.4278221584708,101.92749844055686,49.90618865859772,328.45787594797014,183.56972089997393,271.74120149613054,356.7394105246068,71.20406749559324,107.35760829693274,86.89848220330533,278.6910865484464,136.5885926046263,164.54706784820144,53.04140618339235,90.41784732488652,104.27424306619979,451.8534660530461,156.59792814980472,421.66744478678584,188.28854106971906,55.879841056984176,249.4127422573149,210.0921178096485,142.56764934989658,227.20088312045976,168.03898354933992,178.74568977200687,143.957665062994,54.90624283594451
2021-12-08,64.94549823466217,369.4155036318093,75.74808703848468,348.09826722780696,267.56268623364724,102.72305452734733,50.64601573376533,326.8452869056288,184.64707817984535,267.2598555400069,355.78900340534767,69.90833772436507,105.23492661427863,85.88576596313841,281.6919573530743,136.27893157664624,164.6491073977431,52.85024935675188,92.33218578380034,104.2923336565315,454.29240286313825,155.10574652720084,432.040874623154,190.79471093492015,55.872505525167725,248.07098083584464,205.58074961110316,140.84434127438666,221.03026228598122,165.0258535023617,179.6991149245154,143.88960462177536,57.02880012261594
2021-12-09,64.43934069157375,365.97175646377434,77.36818949492168,339.4170346018627,263.4154384921832,103.97276690744768,50.5033322064081,326.3836588292621,182.009415255801,268.0092478585248,349.8252773571116,70.00817227795099,103.12575284822316,85.69303280526134,291.00990680867915,135.35477768672774,164.43486170127318,52.62792085137376,92.65951083844898,105.34600645117253,456.824023932084,155.8602885896736,430.4381731621968,191.0519719059171,55.74740160043787,243.71922332275892,213.07922694043813,142.36600533978464,218.33894768491785,165.78589010618975,176.4179444146727,142.99492458805986,55.67391312368348
2021-12-10,64.37637670834991,353.7948956473848,77.98356722876275,342.6268107639751,261.15231554838647,104.28560817093694,49.84677132000444,328.38199369058293,180.110300651362,270.2233777771916,336.8203499127923,69.15441069841143,101.14821600020761,85.94304914671548,293.6480791496691,135.9955050400343,163.49289620188725,49.544138360126034,92.7456197746742,107.1373693734274,483.02702110350225,154.75798948214035,424.48736401287675,191.75464534136623,55.594607416085644,246.9669461699584,210.79807393348293,141.90117271747266,220.89208816359528,166.80902698133048,179.3590705525446,142.21222800370458,56.83644179523584
2021-12-13,62.131429403822686,341.7095102151698,79.99042085173215,342.7794363045096,263.7867795510425,104.48336071323773,49.84694424215741,323.7814744581798,180.09100197018356,274.0020003872053,337.21559814958056,69.79156802369938,102.37091430913958,84.8030730270207,297.74571875745835,135.31889617784648,163.03438379650345,51.85658487399971,93.83358051184656,105.70036256998706,483.7830214370644,154.87122888972567,439.87473573777777,191.88985264234321,57.094631238877774,243.89125352483964,210.7448676636649,140.3987384049491,219.5670497142345,165.24978038194578,177.64972241718817,145.47069608282882,58.17395504835725
2021-12-14,62.67659717016431,338.33955253834864,78.94792496465217,346.29507500546384,264.68751258351426,104.2204052600368,50.25857426762713,327.1243867481771,179.71273242152333,271.9954469884587,328.0257128159987,70.04942888171394,106.43575589690656,83.56864789695501,303.0735047997648,133.85208669331777,162.16717264794713,52.90381557619433,93.39177276944132,106.26969365816487,486.19535027530196,153.12561894143488,448.28828028606057,191.820293706628,56.17488816908661,241.83133415581287,202.06916778536348,140.5455946344457,223.3608914274633,161.8466271875616,179.16741798721662,146.31309944612656,57.471199354223806
2021-12-15,64.77981100916729,336.466478271463,82.15059841320604,338.96805056289134,263.9814807863362,103.94791929787307,50.23345485949173,329.8679238128818,189.61250261385058,273.33906501448973,328.1880651812402,69.11498576156377,102.95329404320653,84.90350689948747,300.47622229372803,139.68882554679192,163.87490513654456,53.30591108701994,94.11915667907188,107.19681151287777,479.3560141362447,148.65441915516845,443.1594254777093,191.8383409740255,55.76003199012151,238.8450814557342,200.06839021293223,142.69223758699346,225.60081751685405,162.40245668996346,180.70200932563142,144.2039177126706,56.7366794978283
2021-12-16,65.22017942410814,329.3523706323651,82.35000819260402,333.4452030584794,259.42429767702157,105.34995715194452,51.0186030351615,327.7475065248217,185.20138185093907,267.55352531737424,341.0683025383459,69.24769263937227,101.88308307175359,84.50754490146512,291.45781045870626,141.1301208008808,167.82311404379791,52.41857310760683,98.54808766618116,106.94088298600582,496.31458925734177,149.44838198599507,446.0675164539369,195.6681854394923,56.29998014758879,239.85402803338494,194.9112095801797,139.68184552760772,227.0155323391549,167.21679216599208,181.08792706596412,143.12665400578211,55.06745956811314
2021-12-17,64.14300761171467,330.399140021013,81.00080231949545,329.31401940936064,259.33542946729375,108.1541005402441,51.55073192664588,328.9369423819547,185.80813503149997,269.1306997879927,340.27988396672356,68.92147021344373,103.26859239396545,84.2694223705759,286.00767323290444,144.51730569544574,164.2083749733999,54.18082156627424,99.53021963996427,104.76655484948228,496.6765925110968,148.38017087646156,453.76365001097713,197.36049967593019,56.62786649924363,241.76550693523964,194.64439106372478,143.2999290986396,230.6990994735464,165.64093642200953,183.20971201464968,144.5043986986432,54.840006951516564
2021-12-20,63.68780072730715,339.303512664847,81.00142146736674,330.56930695767727,263.2986494729059,113.23107522305565,51.150842770436334,328.29772489642266,186.0823771518807,269.5041212924179,342.96362963168764,68.52786050959887,101.00503947851853,86.28639891837292,288.8638101617602,143.55229331113776,165.09718915216945,56.38534855747678,98.05267124283259,105.2476654901097,482.6846741556125,148.0985019068044,459.73797746621227,195.10620449681892,56.519090162631684,243.82298413468877,196.240814732426,140.98197470166625,231.89266773287525,167.4951656759385,183.54859913413182,146.59015329475415,54.32103766850234
2021-12-21,64.2601574119785,330.97782434400887,78.51865330334957,334.134013949111,263.41002136889455,112.29776011358732,50.34586638256635,331.4542391442468,181.78887784829794,272.27871383723317,346.2083564790484,67.30370020433892,101.26921145154658,89.42159616617161,294.4561741502533,141.64297540596706,166.53833279469484,54.691370746615654,95.52045277073381,105.1061806998934,488.34489415721436,150.16957351124825,467.8419788657935,196.1850978453827,55.459379860763526,243.78625052081233,198.87013461415282,141.92390855071716,232.5182310929969,168.5987952693183,184.41330733284184,142.92230706787058,55.3575056710752
2021-12-22,64.11587147577634,336.19383648720606,75.06567555435508,341.7089203353364,260.2297886784181,117.58624766566605,51.977063649353994,326.82182709103944,184.19175661207962,269.6714396587575,341.6072744554257,66.81169605789806,102.11751415855703,89.82810253807172,288.8898987931845,142.68435306263348,166.17995758173024,52.58527426494425,94.74468346101193,108.8969310332587,484.4205429049484,145.57679345150873,475.9813734281153,194.32817552931462,55.61844268876701,243.47846536011525,203.71150663362752,141.61801545657164,229.1990891162068,167.03701783800366,181.34258473807571,142.5602702100487,56.98154518670167
2021-12-23,65.86005129840449,351.47906811593566,75.7977889287336,342.47830937775984,257.52245116885234,118.17208926143952,51.88122015019813,329.7884660279418,181.03413550661648,269.92807063482934,330.54906943115657,67.13271984980332,103.39125660495642,87.91771099338777,282.8029421318489,139.71437624106653,165.87408694137764,51.02582953664953,97.30578589942697,109.92222859898425,490.5826350119701,141.71644431934916,489.1700886526868,195.72269456949695,55.18498162727057,239.85664898250673,203.53934389919144,140.7157014419598,228.02923626029911,164.7127893785673,183.23872438620884,137.8503780461615,58.32947162708004
2021-12-24,67.29013627905458,353.20413748619893,75.60604892390847,347.56315844428235,257.45858930134466,117.59045710556288,52.78042818422823,337.62392268008955,178.35333099699972,271.1803517758171,323.12254427071144,67.59605626050976,102.00707710380037,89.37138224686342,282.39049170895413,139.8397654792487,169.13380386183582,50.23056092653996,98.612972297568,108.45952388319574,503.01045491801364,146.0983966696167,486.5136612535744,191.29341059795772,54.751119479459355,245.88738434160257,201.95063791654482,144.3799212045718,226.33653804385023,162.66154056051982,185.3038510945537,139.06125169373348,59.150081521857025
2021-12-27,67.305149078146,361.3134570576625,77.06972163271018,353.03284841459,255.80176383043758,119.81899747204443,52.37515337687785,337.20410010176397,177.91286653580474,268.6343171379063,311.60547741015404,68.69009516263338,100.77751667299397,89.06670766224819,279.1476692119631,139.27383196832233,168.17100829284144,51.65084732467594,97.518448235188,112.50075719795872,515.1439769381637,144.94188756786622,489.8473844856772,192.40120607952846,55.32012036658252,248.32935529598836,202.49954809892446,142.45919352216208,228.2908607944872,161.90123261725915,178.29636527277717,139.79336646950657,58.45244585272039
2021-12-28,66.65588932872016,361.48411826461756,74.77640414409024,353.8086536553724,254.9898530395336,117.9461614858789,52.41719699069836,331.1596458290174,178.1799916643691,270.0027740304808,313.5965607024126,69.41714044001829,102.92745452931267,88.98703571601315,284.12439131385986,139.09952930695155,166.83292443209757,51.2220310580482,98.03815363052797,115.13969688898487,515.2762866168508,143.30890252067334,505.02490972968553,189.5614757831061,54.898889640337615,250.67579449922624,207.44272901570403,143.48794349029035,229.1064469106533,160.97034185172268,179.72566607728203,140.05390822411167,57.743830097040814
2021-12-29,66.22431516846616,354.89089323743417,74.8185501812297,354.6935892658941,259.53244256515,116.69113489906276,52.28100485273279,335.93461278947655,183.35532275207683,271.389230213039,311.9349040713123,69.03575534048414,99.64315912976068,87.90650401922821,284.6270764817301,138.70795639298672,168.1043936964165,51.014641872418174,96.69781870148661,115.98946093795394,542.8570530679629,142.5542781569091,506.5513674957363,191.32017051223195,54.54296800154612,254.00956112242613,203.08985423188176,142.6938375193851,228.27081574828088,161.4581106267894,174.91217561980622,142.56232493851545,58.14001993843041
2021-12-30,67.8431682986716,367.60836080134465,73.76038443299812,343.2502589855295,262.78279514024956,116.10010578185671,51.40579167470218,338.23127884952106,190.6401269202409,271.2140532995388,318.19554729344094,68.20899827825836,96.73236759956015,89.00496465510092,287.1659504633386,137.67560634084984,171.559631489522,49.109744586775,94.4566683942461,114.66690686914214,538.9845749815775,146.16220111644145,507.12348155271764,190.98558173247764,53.74017660113899,256.9081444455062,200.0235889343106,140.15029101365897,227.17780283887464,161.98613296012655,173.22386422824596,143.90367279312343,57.87798945558821
2021-12-31,69.39744682771648,371.77102614249475,76.42361666793448,341.357958850304,265.2159611517975,112.42235750365826,53.68957774126644,341.358932110684,189.81558606672903,270.63692614423286,316.55279932806485,69.85801680603447,98.32803143354171,88.4958273870716,281.5697229746409,140.41169145698996,173.30571485420987,49.875643565441976,94.32226495787222,113.94790157277008,558.266319965806,150.65990525849622,514.0550644912307,193.00794293469517,53.90822911151862,253.52251273438503,197.4228221624183,142.51653573530916,231.0128789301303,165.42147133443754,174.12132667848545,145.98447229517447,57.828510652514076
2022-01-03,70.33490974772596,370.2565063426101,74.87641986351143,345.4219911561423,268.9070122009219,117.57347132024958,53.90843341275363,337.6143851788046,188.899362765329,270.3901190439928,317.53324728393875,70.31266604137414,99.00189443716239,89.4377722566775,282.5008841596577,135.41739368892362,173.8133723489238,49.978041868122915,95.34251114139946,113.08439327514273,560.9853062666544,152.10645859139723,512.3724608809681,194.44692446461582,53.96994285136652,254.0375219745765,189.7935829754253,140.23890229947685,227.72525710715436,166.13795870483736,177.29702708845488,145.78660612859974,58.63837102433706
2022-01-04,71.32603429081128,371.5048392404117,75.74743601659054,346.6731353971598,268.55330672043186,118.41876115590586,55.09657231741703,339.53603378408764,189.60591301119612,268.1710643239904,327.0686634500686,69.10117240121906,96.07682185819418,89.90064205846365,278.58713122919943,137.86737641033827,170.44303733299301,51.03915038877059,96.87641181896934,113.37873747077448,537.2223354984454,147.73574914264415,515.0161385673886,194.02519494400497,54.456605888438816,253.9807121620429,189.4301929923879,135.48203752690887,230.22877359625997,164.00975245839578,176.375674844782,143.80105726366912,57.190801278583486
2022-01-05,73.61795367532022,378.07718968650397,76.987527302299,345.797490603454,263.66841174759077,123.0151369074312,55.45260027902196,340.21055803501815,188.59987039449766,262.9202056948505,334.96398371821425,68.21274458076115,97.0518429724251,90.84994622523652,280.12064554411273,138.94912932665451,173.2101521084235,50.1790443413118,97.20111382768816,112.84664692176626,517.245415977504,148.47213087649533,528.8192168640868,196.9235589910424,55.6927755705469,249.62190051128906,193.6923207300055,135.88247341314917,235.10210043316556,162.73003764680095,175.1350092644342,141.57475675852453,57.923465761192816
2022-01-06,74.44188285527618,369.18444581142563,73.80666128593924,347.8315590497717,265.21662820416253,120.85247843046041,54.47962308853529,342.8360305926182,194.23411875109525,261.7499017771183,328.85660655101015,68.50674944476592,98.19160548802066,90.42579413287584,289.3876470028152,141.03054184012737,172.47714981794712,48.485692371011915,99.71537714210173,115.75643711440092,514.1268559862369,149.3750558509042,527.1945734940514,198.06657990715175,55.03356035776313,246.83248126097337,195.86826026935077,137.76384142949448,233.70396081677512,160.3263566161167,178.02088253013994,140.29107870342713,57.98107349094057
2022-01-07,74.33695012487678,357.78468890022043,74.10752604278571,348.38925938744455,266.2929387482726,121.21027522486838,56.25862586411174,347.407005514299,194.41342587925405,262.1998785536963,341.20353061998094,69.29717646241683,96.1029157739218,91.59861850923922,295.2422397519165,144.82742849838996,171.70635038084376,47.99812170676654,97.94521211368989,116.52833329308261,522.1127985839605,148.0947902689064,525.6707410100589,193.87153150167163,56.049855406420825,243.10423882432937,196.9019013101166,138.27694140085092,233.92378210380758,160.5489510172377,175.58707838797653,139.719946206208,58.90871235111104
2022-01-10,76.38645830566198,354.66571938734353,71.89279255790713,344.9232648118004,271.66955529172503,119.65698941393363,56.18281349756244,353.02360752811677,192.8735967491909,261.8840346820128,346.9138876625246,70.85693111155213,95.04036938026151,93.33829632971518,293.95711067106066,142.7660389314041,172.2548085011442,46.81742435049076,98.85588804109274,124.61940162965847,534.3341412088704,147.84740846634023,537.5010702960734,192.02836949841827,55.559152520761685,243.0280845408839,197.17285241038533,135.7757140411909,233.08480683387384,160.0909385832113,179.46465950109607,137.41740925023572,57.599092020716434
2022-01-11,76.68332453017094,363.7234795493525,72.69714502642174,346.43364838599365,270.8885597608606,121.13955869639544,56.88995255964818,352.1966651962942,190.08420237407452,259.56884278899474,353.34149719694966,69.51471685854355,97.95588896962181,92.78847353028408,295.4587839574059,144.43199721101635,170.91598449346853,46.36124417562889,99.12524119949109,122.38596664884712,522.7604140873509,145.4286588784157,551.4175204656657,192.89283916093345,55.05339103541467,245.27521852176895,195.24820925350699,132.06884614098817,235.26662926564052,165.42285539712572,180.92847294529247,134.1141131934224,57.58227376501763
2022-01-12,76.24296857031516,366.83458161651515,71.51898946916332,345.02198531393947,266.86550495013745,121.63778287356011,55.72851413983933,354.06387581129883,187.91817748122088,251.7427948995272,359.2494355915916,69.98773306898205,100.38017865085126,90.24765189302569,292.422072884892,144.76277505144526,172.11373102586475,44.922682217621585,99.96896352120562,120.91604815160217,503.1594842682617,143.6022322586241,557.4759870454207,189.28751240044008,55.49008647284721,246.0857036716024,194.61402503965002,129.0454153060373,230.68690907463792,164.1200384309273,178.1735625764607,133.55825058278495,58.443756072988876
2022-01-13,75.80766733266142,364.5847358586154,71.12051061139424,349.8207218545822,270.6322420337487,122.58061367568546,55.848859618801846,355.1290487593984,192.23563753633275,253.03934202930964,370.8628507447133,69.65093933443846,98.05879323637647,89.46086335629948,289.84179659448614,148.62811400117238,173.65642742376082,44.31416974705712,101.55276346758501,120.59353846707938,520.6126503936466,142.80640187917064,539.7452841430587,188.96886071886664,55.28723952022031,242.90780840453496,196.20145857872544,131.7495754336226,227.45859832140732,167.32943991366784,176.7332804072023,133.53964339875705,58.32570657947032
2022-01-14,75.77652172850796,368.45799769629804,69.72529392012054,356.00772647526964,272.14685369458306,124.4575410214147,55.20543686838365,350.9751390422879,195.89717689584228,250.2684745139984,372.0177908639737,70.59431228624754,97.87401051472227,90.88961649451063,288.62621828825036,145.57855742661715,174.4669980563352,44.51260840073234,106.95549589047984,118.20209792748868,518.0199670979248,141.0603672837105,538.1775873476561,188.6586148960274,54.73230952391964,244.16226366076668,195.66943114652474,134.3575881915194,225.6473649333722,173.6439127272224,177.47517144106914,135.78773586389227,58.440834187403944
2022-01-17,74.52967704656962,366.49057845865633,67.87254010942628,355.6041609751471,272.70292486117006,124.57249997090126,56.323707842789545,350.5694004863861,190.2219037203223,259.3007415151192,366.68099339229957,71.5047808599502,95.32400852261075,91.20584713443289,285.0205333539518,139.0370120137859,173.93026281487522,44.472001017924356,106.52632860632116,118.82574922413885,515.2515859711189,141.24158711304318,540.1593970041613,188.6428386828613,54.63786943281072,242.097218645128,197.28828173960716,133.85331132877033,224.6722163921183,175.42566759922207,178.06141229800687,134.5863173906935,59.648872145139435
2022-01-18,72.66510515052124,358.5326177300247,68.78943087801757,364.1016352423477,271.08159136947467,125.51740917917995,55.33168329802648,347.1767567238056,193.69153151031452,260.35178085702614,375.70271202205663,72.53529085463067,91.87842621281426,89.77573912279179,286.31590166762606,135.2537348538,171.82672320828257,45.87620775346311,105.44307869768907,120.6464973074942,515.0675529776652,139.63540045969364,521.6007679526701,189.1628125716984,55.610496231359065,240.63266844932465,197.5084279721598,131.00574944447058,222.81544408071193,176.6224942183638,179.97914837655452,135.58631631121858,57.712864588640024
2022-01-19,71.96637901571707,351.2344685820097,68.39356924414093,363.69054811868165,274.24213724546377,126.20106047135056,56.526775125201205,344.68485694626594,189.49260467341458,264.23676126108825,379.1181201778839,71.8894256532427,92.63140106491343,90.8019416400836,286.9033818934506,133.6707914349238,170.97872077543948,46.17390623665467,105.86641764584486,123.81097238243564,512.2469854694384,137.3837066336002,550.7478713370838,189.56640345290808,56.18351006059261,242.00532563379,198.04510784002667,130.6175481228109,214.99518333477926,172.92984312923295,180.8688992984633,130.90536497690513,57.785513717531636
2022-01-20,73.00076855176124,357.7403129347525,69.22202556069959,368.47951200078,279.0419467571585,128.73806889718912,56.70003662911296,344.3412944316841,189.89329453758523,263.63182138546597,388.0753158444977,72.45044317898602,92.0394148091483,92.4423566571513,285.60724501988744,131.63943808487892,170.999796237859,45.364605126969415,107.8080543693001,121.6134803972894,511.1395292434109,139.60896717540834,542.5976466028077,190.44638241116368,55.55259601105443,242.7101636416258,199.61004634334347,130.57770010074353,215.16340050243298,174.4670664924673,180.22451741695548,132.4506869847768,59.09585138523186
2022-01-21,71.57690740894023,371.79561838218694,68.8311616834671,378.50581945970083,278.2358672362939,130.4068267396481,57.306279485806776,343.04437937273116,190.16945914865693,267.5251824944007,385.4656636390667,72.10320854975721,90.20276462758638,94.41939832701367,283.45887933062437,134.26406461527975,169.83533581219214,46.53576782388069,109.51232784761447,121.03417350718229,503.5347801251608,138.0844243713874,535.0907731477826,192.65697991474192,55.67595053747809,240.12400214442826,198.9663460860964,130.37154474288528,209.3954131437628,173.7897686114592,182.11342817748343,132.2381607527459,59.3466521277589
2022-01-24,72.33159033558447,369.1787868368589,69.8465241400487,386.04138486850024,273.8000772668755,129.60932710448694,59.34991736497423,343.8534492202103,190.12518310522896,266.9587615927965,395.86880244645846,71.28365126843353,91.73580626426534,94.08869007493605,280.1180464255466,133.77652826752458,169.78498884979098,46.04456377874233,111.89983226379373,119.14778365231477,505.1129324827188,139.36571107755375,536.6045115918904,194.29102102397528,55.40607948853099,241.73771555697653,200.76958074711553,132.23446769997264,204.44742542419428,175.56167725073692,184.4796428664158,131.5572373742533,58.82490105651403
2022-01-25,71.26224719304443,361.1583083602945,70.78647631473449,398.06354925075664,272.23437956650224,128.53374125569252,59.37009428265395,338.0172703159464,188.12093357705598,266.9234206126398,388.5348685853401,72.41318093841763,89.68093974723473,95.24792032774441,286.8190920618924,134.63194124749643,169.5526921602036,46.29885836312724,110.97710960891625,114.10429898506905,495.0781357927745,139.35452479348208,526.1253881271869,193.50065611614724,55.74059406414834,242.20055081569961,203.7072389991161,132.8334796245618,205.45016835518425,173.09522224198972,181.14915555565247,130.8773323578795,58.13765743748673
2022-01-26,71.0167088122326,353.0522703211759,71.98843645308591,394.3537377945201,271.23395495446664,128.49932393711714,60.385026621905844,344.7780618215749,193.65289932344578,263.67708519069475,385.5112215206266,71.93267055115673,90.30733760383681,95.66126375214236,284.19635815181266,133.20221311585797,167.6143316859657,43.71920862384621,108.26318000758289,116.23921504772214,510.4511708409163,142.5966534644619,536.348342047311,191.49826164708296,54.9783202016978,237.95495869839246,202.1416411787334,133.03942405455214,202.8742376274857,174.58912102946016,182.8657734528519,130.09686329672218,56.88781026163654
2022-01-27,73.15572860119335,353.44143330661245,74.80727987571082,394.9753880403317,271.7594846973474,126.2914832579412,60.0092903292173,339.0869866101134,189.67324457512072,265.7298577109925,383.2359375058064,71.5832665345286,89.15820810582409,95.18760930470816,289.4372420769746,133.53482016732556,165.3421880062407,44.71381603225559,111.93257896312099,117.47996802601389,520.084642945268,145.5996716270228,518.0036168036784,195.36329993777184,55.720228829704524,239.2332469838889,201.8358606186677,130.55061630027006,202.08180215732304,176.1565494298543,180.13305297971573,130.0026830223525,55.8068719349693
2022-01-28,72.56450843005355,343.3749243793112,72.71803485697538,396.9021941122278,270.13696510243216,125.19989171497373,59.44849187905167,349.5534189740927,191.54924882495757,267.7286964556677,377.0690994375129,72.08016964602352,88.83051777384752,94.21348554192073,298.5534890081187,134.8088316147756,166.4040905567414,43.78985458296377,109.25395428165854,117.34640080801634,514.0565122967029,147.1384953578074,525.5169437044132,195.55484444753773,56.28997920119382,239.80725765687558,199.5033678533963,130.2188035792568,202.50607143938365,179.444980679049,180.76081871513853,129.06478680692462,56.69715926478467
2022-01-31,73.16693348046694,355.16221691375756,72.86432635155099,391.6054101026993,273.60956661747116,123.9138130015347,59.71892904666401,350.4361698654328,191.74659237157235,267.39487039050516,364.26355837163266,71.20373869246896,90.6558295950268,94.77373457987,307.85933969563376,132.56093916218336,166.38557297352972,44.91511623546442,108.09257309343201,116.15044847829466,511.0568580978086,146.0459052248443,531.4858231292079,191.96685116852439,57.4206124652724,237.62184334612104,193.89829846683506,130.23868639397273,201.5957108987193,178.81426199634672,181.61253709086733,130.1739700811935,58.28153135562298
2022-02-01,72.10258009720442,361.2798841508271,73.90751688359254,378.23459202074537,271.24086073744434,121.07716315903822,60.1279035108433,351.90875849677786,192.88683086489576,266.70337071824736,362.70331873777525,71.21365717848262,90.04435526473777,95.78262929813359,302.67797994009203,130.89659982200703,166.6651169214783,44.566180407403635,105.8336097042634,117.48329524247701,505.146206033302,143.9816069690379,529.5862060249741,190.21868866562522,57.41492743143542,236.87593498127708,192.5922547479548,129.33481830204852,204.2666674653223,180.13570368574014,177.396107117587,131.699423441393,58.779298982018425
2022-02-02,72.82071257409572,368.40658222617833,73.951226842054,381.496357246683,269.9536030741556,122.95772326916023,60.33145254807252,346.7921187015875,196.11007306431526,266.47854932796713,360.6716639432077,70.84972569863245,89.48755333137376,96.09585941824234,297.97494195687153,127.60237624669533,164.62974054478713,44.943990896618054,105.52435030930828,120.31083364141398,504.5814220594956,146.07243754630022,521.9622507250648,189.4008276682629,57.43915485293069,236.63616034440395,192.00179507825044,127.76501549675056,200.21151141553165,182.4143178368428,178.7463685827531,130.67726886855937,59.14854582254198
2022-02-03,72.57030397646604,377.45036478039276,72.0915663342422,380.9869828676965,269.4135476957612,123.32818210883572,61.744891558420335,346.48795700416935,198.47200781745684,266.2041615036058,368.83302272110484,71.56684462290183,88.9912662937889,95.5947603880682,300.34865058706623,126.26076843173672,165.0410152111105,44.60655405614517,106.29305958469344,119.90967418177732,497.5039203354024,148.8564591053444,524.6512198370207,189.34816614791774,57.7451935907771,232.81405283662636,197.55325399076716,127.8485679869804,195.28565406414924,186.81336745647423,176.94393946687157,132.48490892954948,59.27119928615243
2022-02-04,70.17981284423166,379.7177857401683,72.37917977984897,386.99677836595066,270.9752215910216,120.60856352138966,62.68667010194444,345.0815139544292,203.9651343180071,265.386707872477,367.2030426768566,70.85873831774573,88.23780728842549,94.6424301566957,306.0998283699581,123.560909975304,166.65406367094545,45.42240415916986,109.16435595374918,120.03191646409444,487.1411325904746,148.43917355642432,531.3137518104953,189.5723133742223,58.016023899089035,236.12907298848395,199.1541167105053,128.25146545704098,190.77242619222557,183.92685574762342,176.00854452664626,129.14949800188873,58.215350636120704
2022-02-07,69.78595240284503,378.9807064925258,73.12321428898713,386.07682350809154,271.749224321603,119.71309975888254,62.73301342106225,346.96264457350367,208.7975721770407,264.1541176357119,368.3071361683929,71.68180466476765,86.03780203474125,97.22449003703018,311.9740203858149,120.17047560983431,167.42644635669265,44.878045236309504,108.35412772404483,120.94135785936099,497.97390390865615,147.28557876920655,526.3229602093838,190.3739169572997,58.430869831631945,233.8659306587573,203.897412034718,127.11135368302108,193.22303887338262,185.59032608510987,177.56367515553256,128.1303539177716,56.6088479135544
2022-02-08,69.76222215062424,378.9687948140774,71.78189322072949,390.95039482140754,271.65493829627167,117.98711863111998,63.29268377294891,349.4702918147113,206.52908200113677,267.5087045304145,385.98609093136406,70.73113147696981,85.78877040769673,97.68263363657586,323.6134374060837,118.7548611764742,165.62520416083873,43.9748007145466,110.94776775649076,119.14324964398297,489.3886407660258,147.88061061700577,529.8001093368089,192.595549403381,58.51296258196528,234.5577526915219,203.64467099220363,124.79239358155863,192.79499083415737,185.8259541563392,176.5286149762834,125.57583894142422,55.57713887528041
2022-02-09,69.71166705991931,386.81917601793316,74.21440742226478,390.132277114779,269.63790654090275,117.20697653032515,62.31413589771939,352.6778450812646,213.63938129128593,265.79857521112825,376.481611552759,71.67773528355718,86.30768059891875,98.14020452977915,331.9901117354176,116.14911218831789,162.96797207571498,43.8285412095617,111.10359271098817,118.25681643243135,515.1083735140576,147.119668097608,523.7382367745856,192.90425032836933,59.21222174479123,232.96625964914566,203.27732569820594,126.63219704130385,195.49819260749288,186.63562967999007,182.64544112980943,128.87170738861315,54.32382634752574
2022-02-10,67.24018247396334,393.6643842430025,76.2533979394458,389.1042147398948,268.25016230747514,115.49371439394743,61.23895923226418,357.28057581419296,212.43194861871763,266.7073139943483,362.3780255469775,72.6331190288065,87.24752153005987,96.40936624085784,333.41652693202093,116.1741143009584,162.1467067010963,41.16408132734309,109.72312073643465,119.03095245348041,509.4012219402085,146.58289225872923,540.5632521254324,192.80188384537806,57.768643586303284,232.6421496170774,203.58907801654928,125.17914144149553,197.42453926082413,181.28913473510767,182.35739111084362,126.45128382125732,54.067800519829966
2022-02-11,68.27514361299973,392.4252631267281,75.94714181715499,389.3831789774102,268.5276301682223,116.96199031000484,61.89169576644807,363.07987582618927,213.05814868641252,262.4788559688818,368.931805734992,73.92706796754985,91.18844057374456,98.31877690345932,330.85812093963824,116.54597407594302,161.67107128410106,40.8101463989372,109.50439829616137,122.34426650529628,493.0103921870665,144.12420850095458,554.6798589943674,195.84190314923927,57.33403672231306,236.63052407809695,206.33697978262595,124.73657528193904,191.40099120153425,175.37648885055074,180.753326479434,127.72880918320054,54.74897294648963
2022-02-14,67.60486127539215,390.6020265844324,75.92120290993837,388.3881603926963,269.0519988756383,116.90986338114836,60.36387560659954,362.4274178886179,213.04949621366688,265.17305570903585,362.5712596526205,74.15615654204304,92.14052880866421,98.1428332818867,321.7429868123149,118.5014358427634,163.14077900259073,41.0199699202392,109.60959022425207,117.80226706946519,501.10209359595825,147.8246766996928,541.8689008158376,198.7016604972719,58.13034631702675,234.0433069585876,205.2762675636732,122.30094360569322,191.3077100799265,176.9507064456472,177.5164415813203,128.39379800978747,55.32690374637891
2022-02-15,68.56518440233003,394.59318650707536,74.13383203376259,387.89665327309007,270.12125882966103,120.04906118526857,60.37269046045928,364.3013030095342,210.02299086967238,262.2767202260222,352.9709890224636,73.79819361433458,95.61997866775965,97.63527164995374,323.67182220851413,119.60135102785105,161.09708425138746,40.64210166212016,110.95316116309414,118.89160533980646,480.92678660064956,149.34077452430182,535.6659481785563,197.65998875930126,58.42953543877535,237.75105721511844,204.7576589109872,124.4244825077171,187.85913460968987,177.41484518326834,176.2425484373746,128.8883699727541,55.06559470804304
2022-02-16,66.63292729048145,387.2289465625697,71.80151635497273,381.35168447906216,271.5656637353453,119.51733359351066,60.58865117653796,371.8201142801051,209.11571725258426,264.0395546197963,353.1744464401331,76.47385682685632,90.65397682664998,96.72117570537296,327.12354740552854,118.15551198833232,162.21525659745149,40.59621703093215,112.83349448641833,116.07094826834695,482.7617835689029,150.54382553492903,537.204692277175,198.0292439780825,59.29119216599163,233.8905110608448,205.1427432714578,122.32141316263595,189.76602823430426,174.48575366810516,170.32837787408417,130.2269297482805,54.830460908004895
2022-02-17,67.15142308792927,399.49565505786506,72.34843411993731,382.3440593179894,271.4837896448939,117.07644046483244,60.40000022624585,380.1547796596839,207.9536711902796,263.7463113181189,362.5745586760989,75.02808942861758,91.69391297718184,94.70551504195848,329.2666878402281,118.12853305064117,163.43034340352202,39.72226536954487,111.70012844660448,117.73353457215966,477.7963647326778,152.5044739570385,539.6266873115477,197.1557025196658,59.086983862784194,234.0062957954555,204.5697347076434,123.64664210947487,188.92782182843612,172.5115894503786,172.56307919920292,129.53840804706587,54.355008846535696
2022-02-18,63.679652030718266,390.7532053368728,71.18800753344975,379.7419466137247,269.4528774804124,119.18625983556106,59.70854796147863,377.4215485920733,208.52753244987193,261.0027747252852,374.62075277068993,75.83501004425483,89.84077996246288,96.01693328628059,335.81471042077146,115.96081052192831,161.24311329746905,39.20716082394819,108.72373146875695,115.8043758341356,473.9583206528803,153.83259937885754,540.6007330460407,196.90435019613534,58.76582300467063,231.06603012860455,206.25459834493043,124.69810309922902,187.49989357602527,168.77749216408355,176.40863849805572,129.9778207017149,54.71257489230958
2022-02-21,64.28999069730348,380.85801692360144,73.3364127672416,377.84286519530843,271.8841220635689,122.38084809805113,59.78796760115309,372.7336242066686,200.5910035836976,261.0160664188482,376.58042544114943,75.31514699866986,90.09134151761265,96.58990169705524,341.24690744817707,115.54452586246755,161.19728573090384,39.062465543476975,108.81408909442781,114.55628913345542,469.00439834913396,152.66521645745416,542.433246394279,195.20592714745933,58.468827570739194,235.3993509148628,208.81350106120627,123.03451675617214,189.66425192596304,170.90011041534217,176.21350737880954,128.81148910613268,53.990366579754564
2022-02-22,64.6063686395833,374.0829040121393,74.95561888901453,384.9728188327666,271.8151156347654,124.93733656005814,59.426633329992285,369.9979511222568,204.14749993190657,265.23742018464753,392.35241116572206,75.67226100306347,91.51809089943058,97.01080071737336,349.04637224652225,116.3813469803859,162.773733570867,38.11986282772899,108.35190103954794,116.56773885770973,476.20166817854187,155.03053444590026,543.8638609737151,193.9218154286114,58.44578545500501,235.61861793335027,209.53744687634688,121.37434463599806,189.08279857015305,170.6022208056851,170.84788666965247,130.23555519015602,54.13973950912982
2022-02-23,64.98196940909418,370.06442100569797,75.84583153287204,380.87328476715436,269.9181110420735,126.37618570523266,59.75225964565889,365.01655273833217,209.32793222338913,263.3700721694589,391.2616723606572,77.40991477438709,88.25681957959364,94.8400768006343,351.57352554477484,111.7783762674963,158.94249881040747,39.109559530659965,107.52388828544844,122.15677559533881,466.20456720824654,154.2112210951467,550.1434779797122,194.94633052521598,58.28646992534326,234.20045708863879,210.23434017157203,123.83275215424884,191.014888520276,168.47270518731293,168.55916833540024,129.09236764868896,53.03305183388929
2022-02-24,65.19501165014317,376.76027572643267,75.76210253619436,389.812081900581,275.1407404849112,127.09321376879473,60.39107121003527,361.5974103627999,208.21177897624358,266.81719661535766,386.54746555987174,78.92682498261291,90.0550072967324,95.81691467736346,345.0870502612272,111.22541894332431,160.19307496518832,38.28977654813322,107.15173823823807,124.13905249178612,460.8519551074581,152.02703396753435,529.7158661754875,194.2076367604812,58.84420400449016,232.26794718546475,210.3243407775328,123.47206666559593,189.4498058110156,171.3066003909461,172.52266314891287,130.8111661796117,52.44015502529256
2022-02-25,68.04337841905256,385.1359716860877,75.1070636141837,385.9511528764723,278.5112270518706,127.50528182521093,59.632069408589835,361.1834589083997,206.95091173138485,264.7671276704273,394.82914834772413,79.75496216174206,91.44281890063189,96.8984462056716,340.1142087512158,110.14902693496926,163.00970568619655,38.38608224169298,104.18584323944756,124.72453391009162,467.2537650043792,153.40280531812607,519.4020897119462,198.17435514102903,57.81898774596537,232.63309520928607,215.37125784401337,124.56185550090525,191.56652104455875,167.7586435455908,173.41889666492452,130.77275442207227,51.48856898458979
2022-02-28,69.32318002443897,378.50352001094706,74.10246693986964,388.3108392471494,278.1420223557024,127.90832833483896,59.45597829625945,367.01128959511095,204.03343299409414,263.6672334539069,398.81606308123554,78.79941856785395,89.81164863291681,97.0959047889658,344.9166662361026,111.97485377533752,163.22670181478006,37.83767687273058,104.75856319678236,126.24767581779217,469.90262995035323,156.66900843601624,508.4713664563145,196.77724570797173,58.59681012922694,229.33051131350672,213.84290517857153,123.29838695572876,187.81509977565923,167.1385157627094,175.2929337179558,131.06237056774188,52.16825265796417
2022-03-01,71.12293614076499,375.4900775105073,78.07836765721254,386.6671946995973,277.56784565362176,126.29550452897328,59.95073078614165,366.01807977276957,203.84504531259265,263.24638057007076,396.9157039184424,78.99778994361118,89.12793894887969,96.5921820842403,350.93901430660003,111.45453934726339,164.0067078445163,37.12188617993205,103.88648974363785,122.98928050852567,488.42268613777173,160.38912696454244,514.9366791516946,201.35804219639357,59.15547238114426,229.04100149372744,214.9648202889861,125.76671458633116,185.7647248242292,163.28780715713876,176.34865820425534,130.09080692390773,50.28767304777044
2022-03-02,69.26392250378872,373.098592454024,78.17542284339254,387.2025853406746,283.6336708452607,125.83478059247383,60.2078336769815,359.71117058859494,203.80946744854992,264.230979143453,385.6620772804661,78.10483018026288,89.94051865240267,95.90740487182315,350.4136089674514,112.45905749270752,168.0308362409456,36.95030021643533,107.49872411442176,117.97713092149279,490.03763239543997,159.49921431570863,509.2407662070213,202.82112991858318,59.02254961741131,224.5442931675799,210.42750805572626,127.11427408807002,181.9558651517231,165.74120852830504,176.7162165471138,129.8269878413164,50.22558996053407
2022-03-03,70.0395442176134,363.84702057311785,78.2635356667359,381.51695595458324,284.18757137384637,127.32570910695527,60.3644160243754,362.2989443197362,201.64683204406293,264.18238551418744,383.743593245511,77.84330463241236,88.70095427120604,95.37344791793927,344.27885757666496,109.40422806266122,166.69140217885203,37.461247106534124,108.00329540583652,114.87339150298789,486.04196036854086,161.40358392413134,504.4993587943023,199.86360373069286,60.65092888193808,224.27209807483547,207.17483540221872,127.46514978657504,181.81930074152697,160.73969876497287,177.00701276920836,131.52036845463155,50.040014815626755
2022-03-04,67.02606656808354,366.67144289729396,79.21892723606538,378.6875317631953,282.49295046669425,132.64072358905173,59.77809171275748,358.0332115401269,201.7896245726449,265.80184422737426,388.03418594012953,75.47735532198008,87.69655305305696,96.87435276055525,346.1326138858111,107.23236750576461,169.19081560804227,38.25916753792047,107.40940982284694,117.05431763236122,506.7218048864114,158.55667654291213,510.4837417869531,204.15973319172798,61.143667476121735,222.68578371228713,207.88513631806762,130.03386126368014,179.52121328687352,160.64656178383876,176.46747259678676,130.46987255162676,50.241865501042966
2022-03-07,66.88962183695097,371.9331910086597,81.03759164834469,372.4665237411272,282.7542377594077,132.52631585901787,59.9672381542014,358.14486635866314,198.7713542975397,269.7668361198905,403.59007829690324,76.04200405843358,88.66780647364716,97.06306978829342,351.5925882256393,103.05081160716084,169.22538351332514,37.7939624191374,107.73073099164361,119.81906905549955,507.03654417203126,157.60624839054236,495.6615350486435,203.98292514089425,61.654551369972005,220.91869564304207,202.35640990675148,134.38659373490188,180.36039720524445,159.94317089732928,179.98519236398303,130.73360200859375,51.34842745860595
2022-03-08,68.70615920958923,361.95056430827805,81.79701881211422,381.2359752307116,279.81149523833346,130.1978040767782,59.24337119196621,361.839974922166,199.72281127076113,264.76921710629665,406.4721465988493,75.8370310255783,88.52360130372767,96.00093672182875,353.6077443663765,104.84900609061255,167.99263200172925,36.447445697356294,107.12493762564762,121.77418274283733,502.7457690061163,153.66549139851685,503.7411166523023,207.1153823949223,61.68828075866819,217.49290913669947,201.5244050669324,134.71941646549715,178.55354786820587,161.8129452178751,177.78295120187244,130.80089432829152,51.162526552752354
2022-03-09,69.62603385018076,361.96274427185983,81.50619486599415,377.3218995613639,279.9723263481751,129.59964801457627,58.481458940852114,362.6492479118352,200.929530527927,263.9988816121728,414.4607853046049,76.13013707551723,86.55603362152725,97.75267329283622,358.02528789027093,106.59386427164577,168.82911528361333,34.653444223897424,109.4180130961131,121.94251139519368,506.55394484693414,155.0991285767987,524.7594770637972,205.9830167004,61.32576373822164,215.7455277304708,198.66120850714617,132.74215172293097,174.41039872912776,163.19508458196205,182.8421584122161,134.3576117903417,50.46181549370003
2022-03-10,69.22979577105113,371.8691239542156,82.22536669540037,378.12834206354336,279.2625061725411,132.40145164573107,57.55430468383645,364.7459535902336,202.08317846310408,264.2258018689567,421.33754623869834,76.20107121024958,85.7683345650962,97.8926252719271,349.0692586745355,107.68105075663144,170.60703807214512,34.16985127882661,107.57333803915257,120.35495273033833,506.0074023887503,155.6858491030684,542.9735765870977,209.30918096354034,61.95565946085345,216.10713995041212,196.21851592177717,136.02030270513237,173.91648918437588,164.11410568877406,184.51176164556432,134.48958494687457,51.42147063161722
2022-03-11,69.91613864480699,380.0312199167881,82.97531527982791,378.0694102496175,279.5406713027125,132.2654653314665,56.462727846391424,360.9311506267597,204.50876040359748,261.07012320636244,417.7870563060272,75.22862665204633,85.1040527530146,97.70839678036852,346.857004931472,105.21187327057234,170.27716337380605,33.47307741546294,106.28526735252775,122.27776695247877,516.2423276048809,152.27482242646687,561.2660122253102,208.24430376042426,61.53242873730789,214.28366704467032,196.40370918654688,139.98440456839296,170.56456974433357,157.53837205557298,185.2672819401362,135.51243170415268,51.470315701561454
2022-03-14,70.82180542463499,370.97822023495485,81.47431043984743,378.824305394586,284.8967076295636,133.62526597269152,56.985366562382424,356.8704729076525,205.9330873920917,258.149060955536,433.5103762151054,74.3046357658445,83.93735938821496,95.82047669763467,347.3831420286087,105.30167497810903,173.38252963418194,34.04673859263257,104.70191594101114,124.58316660680461,503.22307105604546,150.44498573382063,562.7202774204378,205.82836894746666,62.337401313167625,219.33423267830543,195.65795453398133,138.72332748216886,170.3401140732806,155.80447187470364,186.00830979595648,133.22893853675328,51.7427427394885
2022-03-15,73.78884853557523,355.38768285884646,79.64973611913945,376.72173174194893,286.6085123545026,135.80571538539863,57.68793912821526,350.46769744636885,203.82998170779675,255.9726173803545,432.9147299785584,74.35925950513322,81.9471298842641,95.27714935426334,350.67502942262524,104.24063446798274,173.01732427641178,35.32775352544619,108.8032041921105,118.99183579900648,504.52648251810774,158.10255962426172,568.4773225041437,205.92787486866914,63.3398657827404,219.91510794487638,197.58348257438442,138.34686484103912,170.84667989055947,157.13521082729014,188.3313287362557,132.5080360674813,51.36217238948616
2022-03-16,70.81493055600052,352.5466986533546,81.17819875531893,379.17935208276197,283.6314083114555,131.2258986546608,57.571153735686494,354.21339566115137,202.3678905863796,252.4521649420924,427.607156826766,74.70567288941278,83.8102425646241,94.96891117204567,356.69540210920087,105.87536414666882,170.67867248845405,36.30433285668721,109.44219943786648,115.98457952791185,523.3949358284876,157.78305038813397,545.7265078965133,204.45603694767934,62.64423710420878,218.51859211149298,196.43188792109592,137.8782587160972,170.25907046566238,156.83380569221515,189.94519265663268,131.25341155862296,52.36444615783224
2022-03-17,68.99017312617346,357.3876052347271,83.86486793790901,378.4184169522472,284.2758244538,128.96311127105568,57.13727843552415,360.5407032833993,204.82238430029122,253.6076928398405,410.6243085165985,74.06570464294963,86.47651799273802,95.51069313819325,359.8167942429949,106.18540792647141,169.4931709314158,36.57311799203231,106.29081792761345,112.09777508785582,515.5971790155877,158.3161347849991,528.0270065629107,204.78958756721477,61.92516515719515,216.74387942503455,199.95819118723594,137.99337865528025,168.34946244772118,157.4207058489733,186.1561471029192,131.93079987973775,53.322251805913076
2022-03-18,69.98253124855476,374.57866981546226,80.75699906401732,379.1891795518444,280.2830931851738,128.5725601260596,57.14483220352909,369.86367825934104,204.69464139586924,253.52033677109614,419.3391805748857,74.05320328482661,89.37407008404212,96.38873374383878,364.6706841427627,103.00875893179044,173.54629135175497,36.062857348236115,106.29063191958929,110.56080837219477,504.8830704302496,155.13385206333402,529.2254807255658,200.62972212097736,61.76526991783643,219.1538249009475,201.71496961432052,138.89371291377438,166.47931070552394,152.5348545514773,188.94475274451565,131.1875439672387,53.25503089736387
2022-03-21,69.69540074418714,380.1924808606497,83.75805706524496,386.7634773464007,273.44374391158124,127.87014888592364,56.00854359076192,373.87685156533524,204.7717008032421,255.15337169646548,415.8933246714594,73.11814130012041,88.0362775974555,94.45055741702916,357.42208706062564,100.57122871397627,171.484963752787,35.225544345469324,107.11840521487329,111.40882960503349,509.1270177646689,158.27777911123138,528.4018134242959,199.0389413295011,63.43436140309285,221.2530959713024,202.16923561609084,139.1006082088545,167.15958412868184,151.9258115435852,189.3476760886609,132.06521876608738,52.6334153852905
2022-03-22,67.30777632415318,363.63654047283654,85.2562545789609,378.84566690846475,274.8619375357364,125.24271239435451,55.066736731078464,371.1171020400898,205.46076662976202,252.03325669002894,410.5589785808123,73.13098620642965,86.19234957769076,96.29093675631823,347.75458289104796,100.22721215435402,174.11803459613566,34.23502592265578,106.91280344232105,111.73410793572063,500.7992975702663,158.08697419022786,534.7372852945554,198.116175911389,64.0345988881222,222.22754149387097,200.616265269807,141.4111331613936,165.63149907329586,154.53726480276353,187.51251612221418,131.5480620857912,52.49898824332472
2022-03-23,67.8053273658651,345.27127533626015,86.05187230429156,378.4617406089489,275.7580449911378,126.39733468269127,55.39890677072382,363.19695492055695,202.13264147338708,252.97245824800171,412.27161777772096,72.43719552365792,87.36361791233016,95.97976525420123,352.7686195364372,102.24231246912501,174.7333450696685,34.6555239179881,105.68968654271097,113.88631924244669,503.1820707345598,157.3149991219991,521.2320470612665,197.1595682790963,63.21293152944454,224.03245417754223,203.9987935049292,143.3251521646019,171.07562765455273,153.13144986135848,189.14357022875473,129.56852775431207,52.33539914135135
2022-03-24,65.70254354820037,349.657454039457,85.4786563587033,368.3979341954058,273.80368254908547,130.57246770224984,55.74697228658891,366.4553896534651,202.59472277420818,252.6277227806809,412.4009876341662,72.70002739102335,85.70688629957819,96.98317892514314,359.2094608730207,101.92850824306328,173.7036090863283,34.108814628000346,109.34364649426666,112.80507123512288,510.1562844779932,156.82654780071934,518.6120458631217,195.62949954589848,62.50540156283323,225.8032253249623,201.31039125307638,144.32254708921693,171.3352302671018,155.4440539448708,187.60591783252121,131.42300325424173,52.219975849089614
2022-03-25,69.45840666670092,337.78369620417334,89.68041998762973,367.9078103265442,274.5117627392764,129.16700106430469,54.456789543387764,364.5097369541145,201.49904338510828,253.1935030125052,422.17593514570086,72.91310381713535,86.05681223938393,97.5019307714299,349.31250840800584,99.21098313949318,170.71040936872063,33.83991206463593,105.5005429020035,111.17061956929126,496.0067577399355,158.14816290922656,523.4634576021842,195.0653342131099,61.12476559379067,225.3709723107797,202.24625069003417,146.05466191502035,175.30638169807898,158.94402533994165,188.10183210348814,130.96079593529288,51.59666053702678
2022-03-28,71.5118090313745,339.1181800155609,90.82446454734254,365.1608402605186,270.9528758527908,128.24843110491886,54.215905094150344,365.45457178478966,199.2439293467482,253.3650553018017,432.6939668568311,71.41504150081714,82.90583575038943,99.15964353579886,341.275306258572,98.61044879416359,171.98118829515494,33.80233173458078,105.37159429034462,111.35180306146776,522.7017562274507,163.02122061634168,515.9177489868669,197.29974912124283,61.51310601694624,225.43054207277967,199.8110535697708,147.04752558660155,174.67861072182444,157.7515928580196,186.16435053330838,132.69669062106,50.96019490190523
2022-03-29,70.36376008728539,344.98668074817425,90.59427707767749,364.7183797089245,274.0139916042631,131.34197320860542,52.519123118757946,365.1137553350901,194.94546710616885,252.50712972577068,432.62787324794,71.12942071507514,81.4370182061661,97.7615483755988,345.32295901397964,101.12821628809591,167.89964738227212,33.56903234348219,106.88386847215315,111.28428268186983,510.89227082389846,161.72157142890066,519.2597495479318,196.71715888428557,61.496901468082235,225.49092801651312,198.43372288574525,148.82481790108895,173.66952685968747,154.63100270897675,192.10878123935956,132.58677002836367,48.85172692167331
2022-03-30,72.28761577139007,354.5678055717028,91.43820153104954,367.9200512040031,280.46467761131294,129.08924471751905,52.629893026186465,373.2808837268758,201.79607974795078,251.70359621782902,451.19028005961735,71.89484451639254,83.66404654910754,98.79252089369879,347.0643429833717,104.85953696763421,166.89923497932625,34.987414290611,111.22153045764266,114.57033232804184,510.248983474957,162.4120660282365,505.54886616412125,195.83527850375276,61.97263816243063,222.39289372929264,197.6711834924451,153.0814218930107,173.3857023193341,157.84598577758177,193.6985828680144,132.0819532805001,48.73298649208516
2022-03-31,72.55481716804445,339.3082427507513,93.18179385010377,367.4695525244616,283.4788830823503,130.01056137385032,52.507489088057625,374.27220492837984,202.49666562226508,255.51241631083263,451.77625266609977,72.19490760293097,81.83647126958152,98.74945122674451,355.28620017973026,105.61127214895147,164.82887349315436,34.26288321877125,109.66842109795762,117.04449510851047,519.7197599557339,153.17580845943087,504.72964470746723,196.19744723927593,61.28494746854583,221.62644218452832,201.30537962580362,154.02805761978433,172.3350919025367,157.26200151310942,193.150200779019,132.59064280209572,47.61569920082962
2022-04-01,71.53057238482772,347.1062976411027,93.07668565794025,363.46955453353945,281.09837947951826,131.72786037179227,52.107068717189,376.56032103486586,200.5780995813924,252.7838664272323,454.0854529907297,72.1418548479966,82.87106335416277,99.94353457174597,353.3073124169378,106.22966374692305,164.11676614342912,34.74245429394807,110.18179912332577,115.51065930015027,512.2706949325813,153.8931321337885,517.2857358166044,198.13147702908586,60.61871011085065,219.87490830671328,199.46811862862168,152.76122255235487,168.41229343020382,159.75579760553248,191.9919966172249,133.41304459854126,47.37580005551698
2022-04-04,71.50385458346297,342.12046019156855,93.05261249896235,359.4111865234595,281.0929649582282,135.25564886210034,52.52114619987266,377.9484138071435,196.5297506481734,254.31438545553402,460.43153817987013,72.42462926356508,83.21850484446402,99.77558137046586,357.0486740414429,108.69699116650517,164.79807324114827,34.02455210267955,108.32277809759894,117.32041335962325,502.2566746441202,154.43638947901832,513.581905346811,195.95630816490774,61.24187404573097,221.53922559936032,195.87449195580183,153.86604967850587,169.19973195885507,162.4422623117612,192.50488791125247,135.93328069615595,47.28250239890553
2022-04-05,71.09702120092696,335.1019912642826,91.3889176665121,354.6752529607393,281.80664592187003,134.6126257921742,52.78797934504754,373.14008172540946,193.97006267873337,252.2394940873144,481.7868838923631,72.30861234805268,83.15106977914947,99.69152361205245,366.0837118938417,105.88405858800773,164.72298894804408,32.85482757105241,103.50012845701212,115.51118974241604,506.67967862669593,152.37491042747283,517.9290575594307,196.23335329181177,61.15931138986206,224.4679728246107,194.3352860242828,154.75494473046183,165.3771845711361,162.7648318639235,191.88136077380955,133.88620741712668,47.594729391911024
2022-04-06,69.98962015609689,348.0054241715131,87.15035992647223,355.97086155777896,281.9924994325765,133.94418297597682,52.376442198095695,373.6014836136524,197.29126218528998,248.2122986343256,473.73135143740035,71.38564787649024,81.57329455464937,100.16898203795779,369.6049623760073,107.75746983802509,165.94258725108884,33.3526003470809,100.74880703151149,119.22750884896408,504.5963080231355,155.08848968604806,503.1778583472466,195.7899032470497,61.86964084624737,224.63404487720604,192.39607183351748,157.73761647430317,162.9602046286158,162.70181215826904,193.66811684644884,137.6056461132255,47.24508607138527
2022-04-07,69.58491290068667,344.79435795794024,87.5852982807865,358.8872663713007,285.36241113508805,135.7997992669322,51.99294702583576,377.13668432124933,197.63683270449664,250.1547788731452,481.73892773567064,72.91667463845003,81.09019056021225,99.4598768641622,372.3121180338909,109.87458630035222,166.09759382794206,34.27235524558105,102.11248025519383,118.72832941018868,510.63709112191225,153.96437206425944,505.7598705092775,193.6385526533657,61.838470215816955,226.99959190000962,194.44225274027107,159.19647868726307,163.62152117928372,163.2230321090831,190.34166164884678,137.26274505229804,47.390150595756424
2022-04-08,67.93824147310406,332.09669224056034,89.57468570989604,359.25466436621105,286.0612063198479,137.18340754547333,51.2384386468477,375.6494494029458,202.41914222739635,249.0568872874847,479.06321182113726,72.33521392825115,80.0577359252606,100.96104803728579,357.89685036124615,109.07231394393499,166.58075495932243,35.56178298911541,99.92770379132389,115.48414715861232,501.72987843206016,155.82710962441706,507.1432279123592,190.7648016907071,61.93098316525202,230.66161233610254,195.17649360498675,159.62055537468265,164.1529483231003,164.57742812603792,187.07222587339206,136.87475471381586,47.25594324976494
2022-04-11,67.24676474237494,337.17386516987875,88.49279106397388,357.6648427870797,282.2945054224875,138.13780389286202,51.97289977265106,374.3427297631911,205.06367676713054,248.80255148066814,454.40237521857836,72.32420549205821,79.8375532273986,101.1197735774247,359.400969084178,107.87526443542055,169.53497093059903,35.51695352654937,99.56350335785781,117.33915820577572,502.0363752646181,162.7848960774449,504.9525922109984,191.53026588438522,61.399418328303,232.789214130323,196.03095937585465,158.89382461202985,162.37735267815958,160.3494474942515,188.2320534487831,134.45566002194218,48.27821470646337
2022-04-12,65.46116154656076,335.99128885309665,87.00008407521808,357.9446472149499,282.43184263998666,139.2660669549554,50.802504770532146,371.39382205979615,208.275173937867,250.53489883429134,431.2630782208263,72.7083164788402,78.41306224032611,100.34181436804276,358.14705334028093,110.67040376518622,167.50748795304622,34.45889434564524,100.44734860551839,117.27945542979239,514.8685625652446,161.83016839150008,518.0445623050001,191.61836264778086,61.806891143176756,236.71652970981415,195.62364259029243,161.34138862847607,161.15683405442917,161.07986791147778,184.5413955517958,133.60207895643936,47.45777616408677
2022-04-13,67.20206063268239,348.9788502659898,86.42189180920039,354.41012706353683,278.5529221363934,139.94695814558713,50.35126353863996,369.33948730181845,213.73536565981138,249.9097045265626,436.57952308417947,72.7938454149281,76.57292373445401,97.91483156386936,361.0033441835853,113.81044134339837,168.17208635211045,34.93397529495289,98.73456599834883,119.85105417032472,525.7957969799794,159.9456728920883,524.0788040989929,188.13000395536127,62.361681582715086,235.47108908427487,192.4340483627757,162.3246567152479,157.57956056432633,162.18376324431622,181.71287643476194,131.31005670372383,47.50841186550748
2022-04-14,66.9622219407308,360.26569533908315,84.2940620040592,361.07030454940286,275.24502505094114,142.305268903002,51.19890144296092,370.82482300200763,211.165935381412,246.28264500607716,419.11937974844824,74.56531937432572,76.19768432533824,96.49728562003621,354.51038820522183,114.13870081888548,167.43361924177532,33.516936343506224,100.40704219110758,120.71924387022737,546.3542966278667,163.09235627585414,491.01580906132125,191.02229716167054,63.28514206871778,233.8477544870084,191.34515215259964,163.33520414205083,155.59095512074668,161.40571061466846,184.32756697873518,132.22005770176068,46.99958820683786
2022-04-15,68.45233718966314,362.7561842835773,84.7650504006703,358.73306015504244,275.2817638457795,140.34224378787002,49.73602380773839,369.86481637473446,210.82783470646518,246.7232199071627,429.8707237509594,73.98688690140466,75.72867713274645,97.5101733194356,350.31712692647403,114.4415181665153,166.6720288647973,33.34623212546776,101.89931455808195,119.77389847349606,555.5066851551959,157.7908005780939,476.49438888813165,186.45476460638167,62.431189843992804,238.348444340355,191.3352600825014,161.70219288249248,157.2212708135031,164.40270855488816,181.27831145818084,136.60552256741684,47.215908888050194
2022-04-18,69.05253495813494,366.80144443217387,85.61846515255584,355.9067671116595,281.62023080973063,139.63443729593538,50.46076237068565,368.1172191944611,208.7470333158926,251.5124842622494,428.8928132464918,73.9919958371513,76.14006415478639,100.98298062869783,362.7393303260572,116.88316565425201,172.4121618530368,32.67638859650727,103.21076415440692,119.97785316537984,535.6315666694929,159.05403207190668,471.63711325478266,189.55449921478896,62.15712064388044,237.38089084969442,195.3871352197667,161.5988284602261,159.64754684027665,165.7993954938805,182.45069271097634,136.19794184552586,47.608042400082454
2022-04-19,68.8665877961613,360.60695545850956,85.4686967810982,362.175090536173,283.2945474693481,141.60059034794838,50.46737551404413,360.5365640897251,204.8495032701157,250.90318109458875,418.83040756532466,73.53747706613507,75.4122176899346,100.28842634320728,371.2306932452823,116.79813329092629,174.3642118021587,32.798295510110165,106.07662907556904,122.62450235231383,529.2257721655195,164.45974416593816,467.18647053758366,190.01012927679184,62.45630916309204,238.65492377360982,197.54281221658977,159.90176350096655,161.1741472645661,167.73020171980036,182.51435527118602,135.88738868107853,46.989877628810625
2022-04-20,69.58649480238155,355.6171294696519,85.89424853900867,361.81358778166816,279.343461006745,139.24577176852495,50.7801514427778,358.63840722160364,203.1265366740313,249.12333301051333,412.48214049068224,75.12662786069346,73.95147528330342,102.30366603398473,369.32391626501806,115.57323926379782,175.1979998176722,32.841653426684324,105.69441225079927,123.21054908055632,529.7538568324607,163.8766694402349,476.5295239879873,187.18164288703107,61.79821080021657,236.88656780693012,194.767862183241,160.14696433990974,162.28268443204644,161.31203777018564,181.37396848614742,135.34543705396183,46.7759057456948
2022-04-21,67.70652322978182,353.3377298737647,84.39634207444524,360.33494556073026,274.3158883456635,138.43746304766802,50.24108130774847,357.7779890377926,204.1513801048931,249.12046188951973,419.3757399081046,74.82054083859398,74.79815928008672,103.87485814068087,370.99817755247807,115.54989222291617,176.09910363145664,33.06799226500112,107.76748534816454,125.32102920403608,538.7965429014154,164.01720811280416,480.01130678420645,187.87458974855605,60.93409782971527,239.54722932588837,190.44794686079868,161.84005140554186,162.89830937962552,160.40551709690658,182.4284390650824,136.10799388433588,45.79433686204868
2022-04-22,69.79840760461641,354.01018296615916,88.3465867341265,364.26269782878757,274.5164438396486,136.7353072099558,50.163120436987114,358.5401217780475,208.96462600039172,252.26734738617156,423.3477365923748,76.56043332064155,72.18869793051465,104.54007419138568,378.5816705183294,116.60400782242904,173.3996102595043,34.08439629210785,109.37588307293993,126.25041598866954,539.9062711991667,169.68399595515461,484.57165719987046,187.44903915958466,60.36630373243964,241.48322852983972,193.0455494132654,162.01984895579497,161.79004396388106,164.7088299370688,180.24667733504037,139.65996134495413,45.25391094465505
2022-04-25,67.9225815234691,345.43436633435806,86.46809390300899,363.24567082346454,273.2028434424854,139.30404558091553,50.8365421434159,357.8331127009155,219.45868998361706,251.786178960872,422.42753494055034,75.36535462810406,72.1120087522483,104.97705642406837,371.52837136778703,115.67381149712767,174.1122403618968,33.704833117733834,107.86375049104328,128.3810815426924,525.8694346357362,166.59611293834286,486.4305213588066,189.186603785892,60.60520312952459,241.05297333077445,192.2842359764136,164.43481116781552,163.64568382702333,164.8753601877264,179.61174972146864,139.74935339429308,44.72520627348726
2022-04-26,67.71259292570222,341.9154327329864,86.32261772500556,361.1881591002381,274.79172942197465,141.393144746773,50.55343118177725,354.8263998037058,221.99206964361593,252.3549551816682,419.19625030514413,76.73306414496267,71.4169740531983,102.23528872673883,367.3956993266107,118.78931658942663,173.50527457051814,33.33628219004556,107.93889181729197,131.1854080656259,525.0857198478086,168.29597801324155,484.5399809934405,190.44280611737688,60.75428042984259,240.204121509956,192.9936236149576,163.20889391844432,160.82552763814437,164.81329007895366,176.47180326443484,140.86358793640116,44.70200043100274
2022-04-27,69.8153718412279,339.599661863516,86.31423854207365,354.3269208201876,271.6258081867146,137.1818500572031,51.382433743797776,353.2095381817102,226.73330474448377,245.8634819467444,432.9795403286174,76.70529182844386,71.8768278769317,100.81144363612708,370.5614778015251,118.08215108083029,171.12517717838824,32.48097595944898,105.44669010418025,132.2630511775916,518.331968167721,163.69121175761188,488.3689880186742,186.1750150384844,61.74334162124061,245.1451691107691,189.62765821799135,165.74143438551516,161.60626681908755,163.1853076832082,175.41974945760256,142.09195483164436,44.67701660559766
2022-04-28,66.05223545694055,355.2840468642299,87.0772485239107,354.20528132236063,269.6045327601251,136.7275185856938,52.37535968616229,354.39693259967567,228.14403007060326,242.95159644305917,429.8212186782303,76.79365874128071,72.80033059780408,100.27165025837272,376.1579227166236,115.9110407491919,171.3081710303982,32.41793217815959,102.43926556936022,132.14035990858977,512.2276489920696,167.68714558545713,484.21172735710144,186.92019635487324,60.862829110672145,245.83990427164164,188.59942668259754,163.95501133316023,167.66694781791355,162.04519323821216,174.9619616290538,143.79256462953776,44.12541266401239
2022-04-29,66.6327013699811,359.3476197611957,87.52252752717989,365.3060649050444,267.3530755569379,140.59325074777888,52.75321955554891,358.1282446036513,229.4406152581068,247.60992388558407,426.94962558748745,77.31932994947044,74.5390560423154,99.54412052491473,382.2825315776523,115.89171417288004,168.87678301752652,31.419710060624393,102.27959746085467,134.96882142528693,490.73948951543565,168.27736835057814,493.44503546357856,184.4667969353043,60.42332571951232,247.36743671675248,190.81552119882912,167.8220193241372,166.46504656470654,159.44073668121658,179.1020150892977,142.41536083480895,44.49555715652796
2022-05-02,69.82839387875894,365.3668966299487,88.90523746544969,371.69170399172106,268.91057038294224,142.62348430688857,52.48864627055609,362.8962671918873,231.0062426529107,244.12450540402344,429.118434679828,75.25418553760665,75.52007378067964,99.25279930217586,394.1745814990871,116.83855529791771,170.7677083331783,30.71884272021208,103.65306833109183,133.1524075421226,502.0695077550547,165.1297287726836,494.6334199687739,182.27665138906642,60.53265820030318,252.54710079610598,192.72506489768892,167.7937407301407,161.3302525937423,157.7539270091642,180.35304917971672,141.49923227393015,45.54606103619648
2022-05-03,69.94364807804365,374.1129969216754,89.29006349586604,370.46001604769754,267.61478052759077,140.05230831546234,53.364680234068544,361.36784161099644,232.97992634537874,242.96400915639748,419.5068201667266,75.82511586063981,74.55077761582334,98.74159604442123,386.43193636392107,115.91703207712865,170.85887446976014,30.53335798495072,105.31509604623702,133.57716715376478,535.3619649053261,166.34194406677895,476.9223791183351,181.91957580185544,60.46028698146514,251.11465975739574,192.950607848105,166.30191423260214,162.07948854756043,151.88007142226422,183.3161938481102,138.6532637772665,45.35513340859737
2022-05-04,68.86341494051611,376.7238409807227,88.99574878075126,371.8300437742874,270.8645878321355,142.02479364577496,53.399563043241905,363.3718252943456,240.33032018357898,245.0081959286632,416.9354010755504,77.10537907489542,75.09955768278546,97.49695443254697,385.37099459262726,113.17781304340107,166.36340809774663,29.91712496963235,105.58299900085146,133.9462130263724,520.0462093399294,159.7738131453351,491.9739951957954,182.15525467884805,61.61075762561514,255.03064518556303,194.91701010518491,166.4929456652109,161.30882676741055,154.06942085977713,182.97065071631215,137.62047834381582,43.83565686713075
2022-05-05,68.74914107057812,385.8925434764774,91.25064994039933,372.2227596497693,268.3604900263459,144.37454925941438,53.393083221445316,362.0892960976971,234.97712592798553,250.26300075796865,423.4163297994552,77.97832607137715,73.98263611161688,97.61987481642424,384.92365823118786,114.64896508210579,169.09137133879514,29.006824603434787,103.44424690060306,135.81188595129467,514.7165365138054,162.0179072424678,488.1683756961321,179.81981027060428,60.35093685322428,256.38852150339955,196.30133369313558,168.877096607137,162.04764911368105,142.97733111594266,184.32266277227058,135.06433283095078,42.526214432281854
2022-05-06,65.89271336742074,369.0521279375062,91.77901718568683,368.75225970065424,264.09554502230867,144.44879892452676,52.52069723382744,366.1896314053815,240.45975964938887,249.83295291507585,435.7795774324967,79.39349426672436,74.12156409741256,99.92915821777802,381.16796650078743,111.05989995810965,166.06536123345094,28.595172070534705,104.53109084829921,132.52575176399912,507.6733807168411,158.63372091643993,481.5453414260986,182.4411563408717,60.62737508983739,255.0278989089215,199.61122066799936,168.98990422244316,162.3835258649523,146.26721430913994,183.50697491059728,136.70612827698298,43.11940717170742
2022-05-09,65.69551135770843,358.20353428436334,91.8290806748472,374.4968131113142,266.4719796532282,148.9969411189405,52.14159804770644,369.51635384088837,236.76788152435725,250.43895445967797,445.9620189403307,80.35377749721978,74.28515983734101,99.59073935405259,375.2018083703434,110.66625686099836,163.5632192073681,28.388230992419526,100.9841346097896,128.868909552595,516.8420801962399,160.66119832784875,478.6687019902923,182.61861434710488,60.790005161451916,256.3246338264393,200.60627359382636,165.82967011445126,157.41326464569272,143.34123963583127,183.17518968553665,138.44687803702698,43.288268628157525
2022-05-10,66.45907503404163,351.4464662613808,91.72880776548084,374.9531511549479,264.38384829539143,146.159176198033,51.97034038337022,372.3899472916751,233.50360107565712,250.03185318106648,458.76979520841235,79.86527105576582,74.32231208896144,99.46923597475781,374.12937518458585,113.73994648957363,164.1943094754929,27.443492037500445,104.01311740633,129.63628418267044,512.9725478829522,164.40345859714463,470.92515566286465,186.0122582392975,60.87641116682695,259.0391371121859,209.15763500395286,166.30847364081333,157.27239490654995,140.33377002934097,182.9300967547207,136.62091636724134,43.16060762053848
2022-05-11,70.71530184825583,352.47672021028717,90.76389218474884,374.03983145818324,263.2769886441775,148.96890264947206,51.90573831265875,379.2135942982598,232.42149422832395,249.518406783977,450.2436630290188,79.51701860253186,72.09111443440966,96.69412415359238,377.9416517341858,110.55765248187787,165.02249672493267,27.15219514616792,105.9275276278434,124.97782351722687,519.4893455995589,165.34997793584134,474.57876050246534,188.28814073731672,60.946219799799266,252.87979387203742,210.47324528529114,167.12297652745536,156.8331067253673,138.0063420390052,182.07411004322816,139.25821539411663,42.52268922747786
2022-05-12,68.13753835110244,341.58285068853047,90.72787891887361,382.5695229310185,269.6047589023027,150.74415834935172,51.15320190376192,375.76617458065436,235.71096440585592,252.93257715970805,444.23589712175186,81.01040152042087,71.8238013279892,97.64127726610072,384.98770112241283,107.92830975044423,165.94371477759708,28.010544249523235,104.81189511868293,122.20912159278727,524.9621536094077,165.74326693268745,471.3617672495281,188.337972157952,59.763385954325706,254.02341824906685,215.1038120788669,165.4678257717734,155.22459057797937,138.48346987128488,189.50935353118945,141.28759550646018,42.46140851398901
2022-05-13,68.20336006682122,350.6699013526606,89.14873788612577,385.8259088533701,266.4605713930793,153.2995754705207,50.93378369200588,376.77711658059496,234.46123499013444,254.7947199561409,442.61130742067274,83.30484325769503,73.68775458315656,95.9710879555271,386.2239913660211,109.24741721158195,165.0918883592216,28.761019163658588,107.05963896775897,122.00261050447789,535.8671522778237,159.11255469134352,485.08014777579604,190.16481783449655,59.011854005686246,254.7823958825019,209.3180301221238,163.71453579405085,157.48373806282643,138.4507529817784,189.39403051538665,141.39630902438265,42.41592564627178
2022-05-16,69.66847941223382,346.1277713497813,89.91238999947083,380.13465930041593,268.63249918204525,152.42672924448965,50.90804093098945,375.46172868754184,233.66939860437364,252.38600759053108,445.6630462253907,83.93634288948262,71.98997071009592,95.22690954047286,386.46460886972073,108.19907451433437,164.7003223399962,29.79097054998336,105.00494073047729,116.15359329251606,529.3792858545966,158.24565876689417,480.1438111095067,190.76053127744888,58.311175224362195,251.91572135031652,207.45257702898985,162.23464961857536,161.89750384801235,142.7953164119063,185.0992987722343,137.9212613767891,42.360608649422595
2022-05-17,72.58669457483492,351.2673274684016,89.88096785019934,377.9694813695643,271.79586899465494,152.93259665696877,52.252973695988445,368.74159131813286,235.30139836107307,251.0930383098561,449.5341595142329,84.24670530351764,72.67280804153243,96.49895805028109,395.2116329625957,111.72001605073497,164.7721158031966,29.44804279555542,102.57955200688575,117.24405343209347,538.7402497741219,154.68007298805063,491.9066566409786,190.61128700159304,57.46263867365559,249.89865863611192,204.8564923752065,160.14293249311655,163.14632884530954,145.27275032694973,189.60201794403017,136.70096257015175,42.6017796612506
2022-05-18,71.59682323631655,351.5403873797067,87.33197179776933,372.5001235184914,274.19266520547546,148.90204099288297,52.74267691420299,366.18888224963155,228.37152402739977,244.97766222332308,463.4943789490481,82.2723620560225,72.61649495083009,96.97565573545052,387.0488577385726,110.72954275763303,165.74538766738036,29.640866506889658,101.6945721169858,117.84707462250444,537.721861111582,152.16857513904762,504.5506213145805,191.0844346507922,56.232199139674435,251.3237350009843,203.19307435825243,159.5271404815358,163.22076620207181,143.00221854791124,194.49582273842628,134.0994215989363,42.6450355943248
2022-05-19,72.19213516000747,351.974064927472,87.03087643206757,370.7677079454021,271.90605527505534,146.72382860332962,53.67276879944208,364.59156824657276,236.2136983917858,246.70870494475213,438.34850209066434,83.24295377329278,72.57470592645436,95.20769535058955,395.26772658540796,109.95891968205936,164.77271046771338,29.88792025390341,103.97167200884553,118.14224517711834,538.309971549597,150.3948829787983,516.7055678256579,191.38809966069763,56.09860864820515,250.560399654039,206.0778122491501,158.97553895949193,165.45519892128047,141.66986455843025,196.53187717915367,134.48505622269187,41.9936349218067
2022-05-20,72.06636656142044,335.81144889980925,85.79413505881391,363.202058980511,277.8253142779546,142.64393446660438,55.800759859223085,366.8341082874255,234.37231339356183,248.78961453634452,432.4766939933516,81.8060704212472,72.70382504768608,96.1220143768044,403.4942236407742,110.87195818087449,163.78951059931987,30.804465397493637,106.34091555728902,118.83108468254167,552.1125057241056,156.09679376104336,510.8703612117548,189.6323297273936,55.734197677951045,247.30880301222228,207.77368088027652,155.3925148664713,168.229496867991,139.79102733909497,200.3593400647992,130.1155089784007,41.73484222818273
2022-05-23,70.10750870915811,345.898227149278,88.69581405327827,352.18672893961707,280.4633224666814,145.43938603826712,56.080043108449345,369.3901671152327,236.35161156284596,251.0446928736351,422.7064475855425,83.10555831610924,73.0022267165282,96.33282413551832,407.22728998694765,108.60888101451734,160.8601542097837,30.729081917317583,109.56239755352478,115.88041863743577,554.2456703676504,154.22540116041387,501.8411659192411,190.69303678245123,56.258251761604505,245.4779569037028,211.75492724308532,156.3840860099154,167.7659657138412,140.76331906380764,206.2005268169457,131.41911812633526,41.26640134681589
2022-05-24,70.08771041496591,346.99974183470266,89.88871682734039,353.4323385892475,286.25633338376105,144.85892340394145,54.650040938894534,370.44025591808173,234.79533258952992,247.44743123848244,416.5300140810521,82.7694648606183,74.52572881311038,94.45862872337553,409.57132460295844,112.63662705747808,160.5693010901838,30.598673366609468,111.10879450130743,117.18585967370652,570.8979640122475,153.8052018542744,509.3660469709151,192.20048479947673,56.050992401006,245.3105593558791,211.7621589144393,153.6778637852522,166.98754412269273,145.01801452422418,209.27749683842382,130.4566244610863,41.25960199672369
2022-05-25,71.56864188512792,350.4613037338937,91.33864622204408,356.0733205858998,286.9739654115643,144.4393599973871,53.68528481313078,373.44819783382525,234.05340501620225,243.55522207845695,411.8006300445979,83.7129649236644,72.05390698385419,93.18473565843448,410.52955618824916,115.26916235782055,162.51221878636414,31.61593076070653,111.5739462901483,116.67544539133121,581.094113802507,151.49058057054808,499.03297093497054,189.9241213762649,56.80065398647263,243.37980344512522,214.69226823434238,154.05163738278466,169.43118970540382,141.8671008142634,207.53112766972566,131.25200572854277,40.97477615126267
2022-05-26,67.85733328526062,340.33522248002436,89.39032796451282,351.31292713458055,289.1298837452668,145.3358356893851,53.82190073024975,381.96524496764465,238.483433378627,245.59851182009615,399.12240269717194,83.81844700509862,72.46477497680365,92.68650959220192,421.95338920516707,115.38151947545462,160.21800347915777,30.945425623970927,116.59748286771136,115.64682595862817,556.7220613256212,149.9729566223498,480.2416550203715,191.82876194518266,55.509699268524386,240.0949374393532,214.74378171982192,156.56990317268614,169.33925502522274,138.36496890285053,208.13132425885868,130.4806448229219,41.7415046881956
2022-05-27,69.11842050168357,336.52165235236356,90.79631102395793,352.70386833414454,293.44093519127256,147.2990436727436,54.27107732705403,387.76567533338294,238.61596262828692,243.83423707231964,400.79691588046376,83.48262555073477,73.27528124559787,92.78126448120155,424.74327805050615,113.14953949026841,161.2203109891886,30.100842273024,118.79424871087973,118.0527918264027,560.8778953124065,150.78129979496043,478.0287704833428,190.66511968748952,55.5169073502482,245.02459288721434,215.45202595685075,153.622155099877,165.7154291865423,134.46585647665643,207.1092455619859,132.6677032022683,41.05524693029617
2022-05-30,71.26249931933997,337.9450590883924,91.68939390078366,354.970914548917,295.3578820855567,146.2223875391262,52.409981540767326,385.45287267666026,235.38923792554016,244.6890678528034,402.6332949693552,83.23594410920009,75.62865406126248,92.00724831540569,409.9407896335482,113.38619092786735,163.53515979649777,30.2939004154386,118.00481712451382,118.66892138664421,582.795966368455,148.57332994297408,478.3839851497959,192.0746057661343,55.702324366461895,244.5292723203198,214.2510220168529,153.04074969570652,166.91234968806793,135.74156009627583,213.32077004472583,130.06945615331983,42.25151833138287
2022-05-31,70.95966434532829,337.39939619749185,93.27603217280364,359.13896846467503,299.0896528647219,149.91484786480785,52.384401112944644,391.5628853962869,233.15053673108162,244.0569989918128,401.09935331342496,82.72225275915619,75.73730497932924,93.13512722599067,414.2947572279631,112.27146721643356,162.2414909594182,29.742812117224137,118.22821519330213,114.75226011735931,572.268246305032,147.4363476611041,489.1827688671108,191.86185638105042,56.39149443437927,245.10191980446837,212.91828445286262,152.1382956179408,164.48426980139683,142.39026656376242,216.72386399476576,131.11723384198234,41.36791655948364
2022-06-01,70.28532316584386,330.47390073564486,93.53764681133086,354.86452355656263,297.01664747213533,147.5077870481208,52.202110143389696,392.0591144929676,232.44476383488748,247.8890103766266,407.95374381551255,81.94426111665695,76.20566086826753,92.28414743909993,411.7423216627917,113.16943807615657,163.55932319190276,29.371737617712487,115.76613458538489,114.97673614056092,577.5765355972599,145.86284038032034,497.71533222812593,193.2176182834797,55.97166722768334,248.00698998988227,216.3331824990534,156.76568739121828,168.20646964975703,139.8593815684972,219.61237673371986,132.64795714712272,41.13756400618327
2022-06-02,70.98142068135141,317.43880431281167,90.12971109830362,346.9919386871324,298.3145957235955,148.6902955156404,51.993837591741375,399.7359851474847,236.14629713067475,244.10941669595502,406.4848483210103,81.01213341275526,76.79762084514427,92.26423269239139,406.0236527786246,116.36205709901287,163.7108176061605,29.113194519607443,115.2257489211444,119.01763943678316,588.7205880593865,145.4771846162323,487.4675776890597,191.57349651976034,55.668123154411994,249.3850247931643,218.60250096365337,155.18892117574796,170.0082442040713,137.35708060215796,217.82149951026148,130.1975868491779,40.16197355143747
2022-06-03,69.60641718676435,317.3708439689096,88.41399005860309,354.0910654819639,295.4185493117927,149.19982179944182,53.039167326563096,400.3353119151861,234.87568907840682,244.56959483971337,401.73448617072586,80.02841457933808,77.66835048286266,91.56507220037336,412.2142668975113,117.90188692943629,164.0728000655537,29.73715996522611,114.04857183112145,121.03047596042934,598.4317302157232,144.75028987699386,483.1198855485931,192.29591042316062,57.00700270976481,248.91987028048706,217.31194986507035,157.88201695715816,170.21704437712748,139.7462600247984,222.42281423069645,127.0353561396512,40.14107729311301
2022-06-06,69.27305634730465,310.94383734292455,85.1705714716247,346.8026131202363,295.8081442465007,147.78133503081258,52.411004954671746,400.9439718133215,232.4120923529066,247.81450709911672,396.54898299954766,81.61524494094182,77.65563202237854,90.78763488248472,407.5207317298537,120.87070649873839,165.46431979602315,29.256940287104737,114.33099206348771,115.11409013069755,582.2758303798946,142.93333510239904,475.3431049273569,194.83200679731394,55.7383658054283,245.4972528705268,218.6885877325136,158.45190036680225,169.51209566810093,145.5721510547525,224.42271991897823,129.0925897517986,40.11155434520653
2022-06-07,68.47982701664492,307.49303787402437,86.76174909789545,350.5035738091109,295.1783407254161,149.06047969875314,53.17878930203006,398.65954471388255,231.2360036502291,249.01793935562432,381.99015906333267,82.14089587187893,76.14450980172715,91.95617901426523,421.82975725871,119.51830359029633,162.8955470929702,29.14814042715438,113.77080736805244,116.75469665680872,585.2395128844599,142.231447619578,476.2952933500764,192.5914771162727,56.30930954071668,249.62399980994226,215.20901247660035,154.9487953463722,168.69645981806516,142.08075056896382,220.53984976699607,126.78610243816034,39.988940968042186
2022-06-08,67.88744524382865,310.08995926813185,85.83336388895941,345.0030340320073,295.18512774192004,146.25058159967045,53.5946055114108,391.6166220442367,223.58475302140025,245.19336374084145,378.6596359810405,81.88282731011059,76.35858031676327,91.2818279105666,416.21380600697853,122.36675180726887,165.19492890476005,29.782735975486123,114.46929009475616,117.73451151888487,575.685591329503,142.59617752508387,467.001985980889,190.5152891748249,55.25122863549481,250.75691044560713,215.726842527712,154.32319900052065,167.81624160475494,137.0044450129233,221.4055017759596,126.29049312781189,40.58047937746444
2022-06-09,68.10826640226651,314.96451913973453,85.84658174828036,345.9571242909607,298.1957425137179,145.75718458936066,53.981030478257374,389.9007771962692,223.1954120340829,249.19245023385687,383.75944070740445,81.36215080437293,76.96394905462509,89.7495959852526,414.80239660838896,120.49211737356326,166.1180240879517,29.666181102423234,115.11582477506565,119.70119178175172,570.350561846028,141.58747267924494,466.6809704217938,188.8456757770192,55.260883581060874,250.9767238107688,216.43721853012963,155.30136706991073,164.4475588302512,133.54934731529522,217.9058732316611,126.46547273825821,40.39666693392006
2022-06-10,64.8890126872699,328.6151513804308,82.58322469110841,346.21736141887624,300.0562801081643,143.8876645004309,54.50746281759098,385.79169645445364,223.865577048654,243.98508367383565,393.28355650624945,81.40395409703368,74.83815438157379,90.52509861962668,425.83904324637456,118.6985751092444,165.74863901307208,29.34218266400917,113.44570942367423,117.50126137896282,562.8883024655971,140.18563523476013,463.2329071042459,188.04576711625432,55.78168089810598,252.78807223645168,212.026380179575,154.03062782123092,167.17385884707844,134.33521885038158,218.99946111219165,126.88168549228841,40.228566598612694
2022-06-13,64.83967625886378,325.8702003389151,84.00734049731835,344.5258492729876,299.75546256384206,145.82645178043222,54.24612642927563,385.67782902042956,222.68102018415266,243.87475974462336,390.6214083937106,80.8920820065251,73.92857539701686,90.33397207014862,432.8958530751673,119.93073746256901,162.73490144409845,29.075640380337546,112.08348711821664,113.66793969038416,566.2367444156337,139.97240118773715,483.4427913304677,187.43737235477508,55.28508831118265,250.70209928779516,210.77231552201872,155.38716668524887,168.75621233657762,142.3885041256381,215.41949090102884,127.0469671293552,39.786372250199975
2022-06-14,65.33564531185385,335.87466491269277,85.46671342154985,339.1598482601957,302.0166739932126,140.37631833102807,52.35015521495628,384.8093166486139,224.89518375950757,244.82076857403362,406.4936429473635,81.0452760533336,73.81545722215051,91.7583988345862,430.37335082435294,120.7114658288585,163.6386028822795,28.474803254024415,112.94199307152303,119.08989459272424,579.8638946111427,138.00667802996531,507.90071297834584,188.86155325010637,55.58247255877983,250.57320783383287,212.7703836770583,155.6831859686556,168.85808551626877,142.01472312404982,218.43915920708346,128.50231333014858,39.69332155629813
2022-06-15,63.25305765455352,336.2516077641518,84.29549025531168,337.1496294827568,301.67556233742357,137.72574299806328,51.10683835718,386.23172663517715,225.06049582083466,244.8985885537565,410.85245869369976,80.40916340243822,74.28100650753804,93.43275653854522,428.6839755952715,124.53304722170515,163.775891000589,27.958604427271563,114.82234767162622,118.81529402304999,592.7850049533679,138.99404257407866,504.45226476912404,191.97597620878827,55.26968919335393,245.3078022479341,215.36396221947396,156.51357895517424,171.7307710806643,139.5486214560822,217.76218807473722,127.92603105154387,40.305269344146936
2022-06-16,64.14795461366089,337.93199786530613,84.68753440878727,332.14835454888185,304.22413252761015,139.71722079477428,52.89883888498396,388.4217162271134,227.3759899280616,246.1631661882719,404.9069503545721,81.73725201856966,74.23484268463736,93.20991794421263,427.8211946747153,124.41609361349703,162.88098853381405,28.094113164632628,114.63062766935221,118.36697625395189,598.9684066296164,139.18829913803103,498.64459304220577,190.48856816619121,55.35161240325904,243.5916146306957,213.02826558111673,154.76399311859444,172.3555963830629,142.9038379674045,218.89561509254287,129.43158959294914,40.26322897354161
2022-06-17,64.35112149249386,350.34421827229016,86.10223068085739,336.42646328408114,303.4286184123861,139.71748242497353,53.22739322162313,386.0284624563884,219.1696122492161,247.23596103645602,413.1220915691483,81.8357324071356,73.47896546233825,92.81644671919979,414.2181509602833,123.75766853437162,160.79593074910758,27.676245464184323,112.11238324160875,115.19320049720278,586.7666716219902,140.70756801478854,493.36441689423873,188.32628977261942,55.868499087204796,244.01875207528911,206.35295101716866,157.03741893407465,172.57603060204977,145.11316502326932,218.28396549401228,132.18161080641062,40.01725020906017
2022-06-20,60.82829034590253,343.7912190839934,86.98106397589669,337.2555866891232,303.0934804827441,137.2625920496856,53.24790200103859,386.15349429130583,219.1536592617911,248.66017490007113,414.68997664917856,81.61474730455444,72.20633793278778,94.53865239980585,427.6237059302832,127.35243106467411,162.1658616015557,26.69446596735848,108.32667719583692,113.86626039761087,586.2340606533292,140.49417026138923,495.4278368069282,185.6297716257529,56.96669033308433,247.84058705431394,202.7569267076773,152.94494318783126,172.43731521194437,148.80491947219002,218.26073447236047,132.65277362175416,39.7353366319976
2022-06-21,61.026238224119595,351.0018304452532,87.71368371466062,339.96255641503984,297.8177686616405,142.68378208554955,51.95134997526621,387.00409641769255,218.70566589899497,248.50458077740345,422.29468459780225,80.92450079672855,71.67899226084631,93.11773356605772,435.4335584538339,127.92486192606086,163.4283426860792,27.172886512863844,112.5729433253192,118.36664675340232,590.3053675666899,140.88699046082894,489.9509913355166,187.14870266668356,57.4665273942386,246.1491939194576,204.78185102899803,155.21999253862208,170.02600176885454,149.37092604487185,218.13544019944945,132.66760062670576,39.12717179977572
2022-06-22,58.693346985649676,345.4352596894895,86.21055883646325,341.68061362023957,299.0561529758463,143.50592956081695,50.880179781535695,382.45724270073515,216.66806378073224,248.66846666448666,419.3415971428513,81.28546438032477,72.96119184227986,91.89907833855075,428.8482539879412,128.22572618000532,163.3113079350469,27.61879161540178,112.6101884347693,122.84490329161623,571.3266625862844,142.92730900398178,492.0579073831534,184.44847876361632,56.08478322925348,243.50224303199624,208.20261844208108,157.72533963519717,169.80430244288692,148.30129678677432,215.62077930079928,132.36914465629323,38.82973633952395
2022-06-23,60.8884720426749,336.4398080913166,86.90311777404904,349.8729650086522,301.6015997766955,140.6336302917654,49.722423472534395,383.79685652216017,217.2484851099026,251.82394986952642,424.1721887569329,80.82672798939575,72.27381604534452,90.32485319083125,429.79815190517127,125.33441051584568,165.11231617682557,27.978385183366346,113.84397289365931,119.44715473169654,569.6829364634174,142.00106825820612,493.17022008283624,185.53460017343087,55.75971845773692,242.45523934440982,210.16841700263933,155.2366837149683,168.23964787938655,148.32133821474068,218.41763890427939,130.73773802541763,39.981857199350664
2022-06-24,59.16039568419106,348.0236737735908,89.00056837243716,343.4069687407203,296.4500838913863,142.48872676005462,49.44723321394549,379.7572373299817,223.58177089584902,248.97742098950067,417.7697926764818,80.24446902348107,68.7868786270331,90.45278718082639,423.6349247847809,127.02258842596079,166.9946835324053,28.124030711187817,114.39806617748212,119.87428874207258,561.6012380991028,140.5415509287895,507.156108886419,187.03513437229853,55.91408334662239,244.02945180830304,210.03359998690783,155.69574619527367,169.59110313105165,142.32913833203463,221.27057968724714,132.186250858937,39.48033703340041
2022-06-27,60.76409090723963,331.85080158562215,89.64601633560255,343.7087123840087,295.5319943909133,142.5524363055615,49.88662395084856,372.477575063287,227.19166416777222,248.07678215021926,426.7281367977938,80.94412610045195,68.28649624612792,90.37431910205356,423.5558162893921,130.4179343906146,164.80772994143385,27.863166941639083,110.9930797693814,120.20138102873298,554.5171025540113,139.3633996087187,523.3154020278539,185.46874787330108,55.82509118572703,243.02250267578762,208.94910961306152,162.0601206529053,165.90505583652867,144.1669427782485,228.96641788715183,134.07634988169872,39.514151550889686
2022-06-28,59.26477464492892,341.4598699986502,91.33816502410204,336.9105249224528,294.5827369658964,139.49284154809675,47.798050122014224,367.657609383447,227.63921812881975,249.61102189806485,423.84744377668704,82.41158345409994,69.57480153799919,90.24043482619582,421.90740142669114,131.25404754519053,164.814254205601,27.020356972264032,110.38534088065049,121.92706101196224,569.9618009150565,141.6699321551144,527.0621537287227,188.40051210309164,56.12518090507036,242.91866312253595,213.2169140000909,163.79239996130457,168.76720497303333,140.8040520937791,226.31373302454145,132.68451367398634,39.63493679746605
2022-06-29,61.63200911091782,333.2703357402948,93.00383785902935,331.6853259009624,301.38170935737526,135.539000744503,48.33685593256973,371.40988042828394,229.9363157811011,247.5629901609777,414.585112360747,83.79723622609708,70.91134316405066,91.515841744733,429.845362432218,128.01884696379224,161.84268620436558,26.634795540364514,109.39293528693332,120.42567151258747,573.3786917818031,144.39442613938726,523.856806632859,186.83858345003648,56.68907841438577,242.34479587373045,213.56685554152529,163.0618678200872,169.5665804009935,137.99555548008752,228.6955182721093,132.65214363314405,39.148205472912416
2022-06-30,62.34374835858771,327.91511329728195,91.72357078038462,326.5467694532522,296.0082156627314,136.86716129791702,49.19447051876386,369.753826670846,227.1453315088233,243.27338630434744,396.1652500998728,84.61731310816499,68.48886307504657,90.1435772034751,431.8608155702079,128.22426319080793,162.50340199123008,26.643370050982526,108.66537680088938,117.55424856399102,566.021242136976,143.70313441668608,503.4545355677788,185.34634032179346,56.455557944399835,240.7884158402751,212.61752823858038,164.6830660325244,171.362472557426,142.2095485810192,224.01386135458694,131.9531716199046,39.9424267739904
2022-07-01,60.064305006511596,319.79262422042785,90.64821072241787,335.65491136865313,293.0029930585556,139.58756850686072,49.179259173452785,365.30168378249795,237.41908980637095,243.8467620634585,399.28848322783426,85.23692338366756,69.07366799303041,92.79415905836456,444.4437107437263,126.3049218936846,166.45506290490417,26.246801102989913,109.36055336135314,113.98772849254216,578.4427433419967,142.97068196807018,491.4565473713589,187.74215764050973,57.44793969179761,244.47358141885326,208.31430522931288,168.4933711949959,170.76097494555606,148.13522818604778,226.0518586629736,132.40868771863126,39.95162979829566
2022-07-04,60.05382679006871,315.23776334859565,88.79337265546796,334.157567217592,296.8136235821044,136.12215591453244,50.18336779846896,366.0539387180995,240.42311985358177,245.96866857331125,407.1084952155129,85.30405207713241,69.16365358207992,93.92875933538494,437.161997772419,123.88117693400807,165.58788034069414,26.415672553486885,113.49340742165317,114.11418643870407,603.0589626128607,144.24347000189607,486.8297439729308,190.08572647061925,57.29956362966764,245.20237759706427,204.61473877903822,164.935206823824,172.04220099364386,151.42614442141993,232.348101708657,131.0478351899747,40.91923519504437
2022-07-05,61.774681671521186,312.0154744796957,91.27361917013465,338.4938889349861,300.5174557923846,141.57267138902014,51.024024191327925,357.73236621649824,241.718667263293,242.29379554135429,408.39462288458253,85.44855055836817,68.47429272815582,92.66439374697674,433.5297175837751,123.21766213282203,165.37251698674962,26.480633580903277,114.7981629723559,113.36742945705481,619.4050766093355,144.16562983343343,496.44867404578304,189.52986638903067,59.222505384826874,246.4662790183285,209.23742398476867,163.35030407916068,171.11514185293325,150.67150014968982,240.58222980566967,130.7099773093369,40.37783693064304
2022-07-06,63.52643417232902,312.51920204713457,90.91048949037372,335.87699046434034,302.1518373861081,144.3313972996477,51.6361797657128,356.0248865996414,238.07686369468678,232.95915927687332,400.3969828319486,85.08811449002562,68.4277266805006,92.34716935418278,453.4661890170731,124.22787548682403,163.02007637621125,26.864032692615623,115.68637536456332,110.87168081901534,623.2644069997235,145.48535356689464,507.3252897957192,186.06133726631447,59.70011598670088,250.08746357792973,214.6974119468997,160.55032150836325,170.8539843417904,150.5273931483512,242.94219050706818,130.45448487476907,39.91377219147029
2022-07-07,63.82994975265411,310.3537907747488,91.94674383650074,332.39900501169063,298.9316753139459,147.81753079981428,53.43185328963158,363.39960507620737,237.8830401095654,235.5023454380711,394.6887613178828,85.68249656991443,67.74557083953127,93.93054679267819,461.75766115002335,128.53101268618994,162.62100563576382,27.803714450223758,116.83932985090395,111.05944947772277,627.7743662718661,149.75798481714202,505.9641580891644,185.9556205917519,58.266234124217206,249.83413781530916,215.50779319354046,158.85181681161913,168.7116660044745,145.0883066851599,241.05221343493082,132.90906627078127,38.96558951346055
2022-07-08,64.92472811799752,316.4173280522368,96.51177947296306,337.1339334611522,302.05614896133403,148.81736690157612,53.43836699558627,366.99479535452264,242.66510919267148,236.00107098617997,405.48871959127837,88.92515651633458,67.85618177984246,94.07319340115707,461.1432629180333,128.82989910309377,165.0218622343152,27.860992977293336,117.28653847370043,110.4805087566743,634.312657493128,148.49998810159946,493.1094791277385,186.89094296076163,59.67552367697026,249.22400810641597,212.52865291974746,163.32680638104176,168.8698184064883,147.84273071707918,238.6961276907453,132.95009302792994,39.868262604992495
2022-07-11,65.11439147828418,317.50684715966025,93.75961428966433,340.79639195392997,299.59251361606954,151.87373252641638,53.60662294438222,368.34830400387034,245.70108250465617,236.97993061694575,420.31574231460866,90.75148320843388,66.42667343364606,93.87675910162106,467.4241053308536,126.87867922255207,162.04256274171198,27.41060415918362,117.04896054055494,101.33265187757108,619.9789204304233,144.09768920960758,505.2113254563053,188.79342034372397,59.892441601795554,249.58859322385746,214.14292687662459,161.05253385499924,171.67458394383084,148.11934405519008,241.85258838179556,134.49659939572868,40.220266478240674
2022-07-12,65.55970453125735,319.25664930772143,93.6714892405193,343.10959093306934,300.3140636398316,150.55767560780208,54.104861420403886,369.6632678213677,250.48735569160917,232.87802480310657,420.6291077385232,89.96441869698936,65.84196560751793,94.60056220324618,456.8707951244236,127.17246156455155,162.14116344156372,26.798744695846022,117.42676669163673,99.71199151744837,649.0113176415582,147.08531175914888,505.97438830431656,187.98842684282727,60.27190584557246,251.63082110109778,214.92259274890276,158.77163113457877,171.27226920611054,148.35218271859586,242.9166111354947,135.0696780984836,40.70558341969094
2022-07-13,67.47771065068528,326.43273065704375,94.79155500247843,337.5408838793247,304.20501062938456,152.81664910258863,53.9036190999495,369.96226603461804,250.8239149126408,231.97246062836206,405.53048145034285,88.7413672314281,64.81230679477979,92.16075046836296,448.8682452047856,129.58352634528526,163.11252374750225,26.24540407801863,115.90558838876056,102.36423683263864,665.565245804262,147.276118018084,518.6991626954205,186.52725675065176,60.45408762090193,248.05522737546625,213.90415400838125,158.88318449516896,167.6573368016146,150.1155463800917,245.58929128999873,136.880116911346,42.28673494198334
2022-07-14,68.0902912850934,326.09241618970117,91.88347772695515,339.42132152480616,306.09016141134583,149.13221177529175,53.715772433082726,370.18582407683397,252.99560612342609,234.04441736638742,401.00228247148164,89.01348434021591,65.50170415709934,91.95469568703234,445.9148350438392,131.11893707439924,162.8121246968236,25.577890400779907,119.02624401997771,100.03322477113849,664.4135145614932,148.0992894564338,523.7449936181251,186.91560530963417,58.38900102213875,246.42872005390817,214.80443737300448,158.6822482911802,168.8240344224106,153.1996702321727,247.41523004672885,135.61477820598984,41.921329465406416
2022-07-15,70.51827349873237,324.94354903841025,91.73868247897822,341.8474347569065,310.22446414511114,146.73742736985662,53.32347615004454,363.89476623519585,251.9011149601905,235.46225958616432,397.9556479614918,91.07256670873734,65.66161411270916,91.84673753869518,443.47253362586275,128.2557842445349,162.67962404074055,25.78169232914749,118.77851328359786,100.53533146854387,655.391567634769,145.01753780982176,522.6229546420968,187.40568321246744,58.28969965954389,247.04526811812002,217.11686615662015,160.4994315104607,170.75676843537943,156.29688358439256,249.22136254589591,136.26864120735107,43.273060457429395
2022-07-18,71.71948059073273,319.17046161910844,88.46980243749778,340.8723544010777,312.36470955524885,149.31672508367942,52.338669779845,366.99947043836477,256.5057759889669,236.98502855021727,401.42453641507893,90.96467189956041,65.15041311851832,92.8348592849834,447.69524899890274,127.5897304273513,167.66595403040674,24.956323174250297,118.27180035762,98.90669622749624,660.7797600652053,140.31179723072827,536.8335817675226,189.46139456391398,58.49376518839863,246.39163482021843,219.27488472336765,161.3063880854514,172.92209796774242,155.91963584845598,248.6766252276481,138.21469273811846,43.72596026694478
2022-07-19,71.4612835695083,321.8283077678336,88.81770873754876,343.11424462503425,316.6927469895863,148.3901196841104,51.84091846440769,368.2824758252386,254.43559950813562,234.96240100887226,409.8446873462929,90.67879302030036,63.043489187888845,93.91129892644581,444.6308023066119,128.81762991433928,169.86164439157199,25.06338090251466,113.75637668505924,94.86608992962815,651.7837616379105,140.191747139779,550.6283014746563,190.10012910140142,60.36575023531312,242.8489376422893,219.6763326950335,160.32683325744873,173.50582498605084,161.45088038177997,255.13744728237037,138.33763284670394,44.347865496946625
2022-07-20,71.80021068164433,314.54208123141984,88.86899858083278,340.93772666337736,316.5448672731966,146.13705404182858,51.96732559118002,369.6993446530112,257.3429945094521,235.78449202736866,424.08699367177843,93.28764700497416,62.61445103126843,95.15620836395517,459.9985272319657,130.94915204645645,171.34562407339675,24.09754056547782,112.56389025755753,94.04579475549306,670.944168989134,138.47828304383057,549.6898423419408,191.8503429460997,59.828687851971004,243.640937320713,220.16046993129308,162.40561771657232,175.0444271875002,163.4810306496648,255.94034776905298,135.3834059327208,44.4529257349041
2022-07-21,71.8937340929464,319.9064985420217,88.16021118995108,341.2457613274249,316.8573777810922,144.2815159039489,51.081958666582764,371.43530929706935,261.5258787637488,234.4337876303881,422.15567191748175,94.32377996088186,63.67922040354533,95.46967600501877,463.1234353728301,132.11053313239574,172.82976499584075,23.548679375743706,116.80958510134246,94.60417823733339,681.3230989373187,136.7133187780091,547.5922586339228,192.67138320682704,58.57384342439835,241.56218196262975,218.04827385187852,159.5014935022318,175.34501881109685,163.24342266003796,261.1613855101206,133.45129392249103,44.627291936181685
2022-07-22,70.5604430134796,308.35600389132,89.20996951427304,344.4196411742192,318.79603194679555,140.9034372849246,51.15159994172123,374.0612242880766,265.545020428788,235.99551354817584,430.7546984863093,95.66013569745702,63.82180383465022,96.12701312300806,470.65829743366567,132.9735417207643,175.3315474241831,24.003206781425412,115.4200261014711,92.01853078277377,681.7501499114161,134.01313976572757,548.6026412863365,192.71180917081742,59.507432019737166,242.89928848898822,220.99748271594282,158.43257922155055,178.89333321942576,166.17415621268086,262.8125246822428,130.3800578437463,45.49646705742088
2022-07-25,73.2987850048146,308.53676228349264,89.29203528241145,342.1822455648515,313.35239195357167,139.49308661448526,52.44604888702964,378.70441178599725,262.4278608903771,234.75150385257163,450.4115597669966,94.47531608356509,63.037733488648406,95.5946989262329,460.60686559431974,131.82912870051135,174.29978905919228,23.54262025907018,118.42500361357723,89.76908547220214,679.9019664895068,132.04651450125937,546.2321578217255,190.89591953054534,59.57965252742351,243.79493008903185,225.27768362418803,157.14748046211255,182.7206134958069,163.53130328789615,262.03140041614654,133.42731256317555,47.70350439871036
2022-07-26,76.00109158657769,307.15427856537246,90.22598557202252,345.42007992163116,314.57443266095316,136.98900664357132,52.6365894397788,376.7870659101072,258.552276917808,234.1310549813631,453.38513733458615,95.73348566994976,62.77676067697957,95.51268548884578,466.63687847113107,132.00003430469556,175.12858257819713,23.586477052880745,118.90924507608102,87.73845793106459,681.7820788792376,135.30232182625798,548.2306877985343,189.27644065178603,60.65609712874805,245.67624432819596,227.67505201073837,158.8734260626489,180.15455045014158,165.65518839944176,267.2310438913582,132.6217986248442,46.2326479466607
2022-07-27,76.60714523448225,307.47693404980254,87.55155251538952,348.3307986944882,316.42535223303895,133.4204120447248,54.154971472893045,380.09236959412965,251.07654806059767,236.13505320310384,460.9279341250027,97.51972086781444,62.10663245232194,96.60193731442006,464.93945192078377,130.82343979483392,173.3967196728917,22.637649496629546,120.17270845489706,87.23762548260167,644.4264342770655,135.49042146923043,561.8175371926541,186.73482825646573,60.161678904774604,246.87742305018602,219.95828333084546,157.70894419809494,181.02331967835488,163.8197472979648,262.52774144486256,130.5095420989958,45.03870480275704
2022-07-28,75.585077190232,314.6880488228365,91.7343776771635,348.61949663856865,319.09705187382514,131.18412634904854,52.4885747972104,388.0906942416492,248.82155665745165,237.92059955865483,462.4518638212194,98.80990398432537,63.19356064246463,96.98021124155116,467.90007306251783,133.45927574884098,172.6051372304457,23.417611658213467,118.57122028572296,87.38758449271262,653.0316399407454,131.80787258303033,578.4640367428012,187.73004449949516,62.59502554205056,252.19385250125612,219.966683339976,161.84948201764607,183.07207234655507,164.57765563866508,256.6109843064395,128.14192136606562,45.046036736854774
2022-07-29,74.79672418088707,316.3317024476969,94.26768028896028,352.77179144185334,316.7974116572578,133.40806572929088,51.779735881896656,383.43551104482657,250.39431262980736,236.114853237091,456.28264180106436,100.11636872613363,63.96116638418892,96.51773523030312,455.9547242050583,131.8841343571229,176.64290942791223,23.917255369166693,121.88197036693788,87.8728005593106,648.4451005916704,133.8643340737915,594.3504170326039,186.83483535389533,62.084354583412924,248.49344501292003,217.8175686504879,163.45907459943592,181.73654116301861,167.65928975742654,263.83750523723995,128.20653564000196,45.03822761488481
2022-08-01,75.68912692465383,312.5354059147326,93.10473765365452,350.0109067826645,313.00883056033723,135.60801428367776,51.4012218466775,388.3331658357804,252.5613236181756,236.16336488996302,464.065714888126,98.97278046703944,63.10237209479798,97.46226558354951,440.2762318317883,131.93379099877558,177.92017372632344,24.610472648263027,125.50656591361412,87.63710909494706,659.0279689998825,132.0627251267838,588.8786534649405,189.60841489844051,62.07397372003982,249.0057695524787,214.82998164597,164.50226900450903,183.57288480804337,170.0910708880373,259.5072747424779,129.9061262715571,44.316086083566276
2022-08-02,75.65527043199766,301.8965181845799,92.80472331648025,345.49476239539155,311.5753041950555,135.7680745038788,52.04843981451175,391.9196241365616,243.54483485899735,237.8541671289879,466.06566513987843,98.32000750657816,62.14441398504569,97.39972987821545,441.96679448857566,132.76908612837124,177.55156532166362,23.304755953237844,124.34079007440744,85.46408799456809,687.8580945057852,132.21029784110843,598.1989121660151,190.93985000449783,62.3231998264335,248.08360746802728,213.29262996128716,159.85010445296564,183.97358730776895,171.11360342874522,259.42304158357075,130.17200046073296,43.457836911127266
2022-08-03,75.18947859909802,297.78740794922186,94.05224040055049,345.80317076824815,309.516489553248,135.38937691158736,51.24903039381708,390.6972695832564,245.85845886690828,234.84414464087965,465.4646205121558,97.43629956366094,60.71157425904006,99.87979168936008,450.9873895996848,131.49628485699952,176.9908330326629,22.30962094045541,120.61599285768543,83.44375778862856,687.5352314874026,131.96743667248336,602.4490530815845,192.36897488611314,62.54932864006002,245.52310977444603,214.27083126757438,161.36209018083179,183.02904476302243,164.9464671565125,263.8320645887956,130.34508903489018,41.54275480424346
2022-08-04,78.60543693267475,294.8225040772166,98.69499179338116,347.66224366605303,308.91004406753666,135.85246080628303,50.71240521545624,391.1489326957397,253.81661557257414,232.86808325634854,470.6780870740464,96.5975745262987,60.55267022930572,102.57562470814592,454.86743428174555,133.12631590696057,177.1828332936779,23.655295988874578,118.45698720664885,80.6922285992343,712.1429029534819,131.1294160362894,607.733920129688,195.94517485434298,62.88527031074243,251.1879018134243,214.70646658861915,159.77900468914999,177.6315460941227,165.93862158190893,255.81917093981738,130.91965245288165,42.545981831977805
2022-08-05,78.58600879751258,296.13774664890224,100.51515063541804,350.89083842289887,312.8260067788385,135.8185710100813,49.03453910004508,396.42650453621593,252.94691701095698,230.95422309419752,473.98958226688967,96.87553458923962,59.77254548843653,100.84625951450923,458.3549328720121,131.30879973037113,177.46601994109372,23.851559037046066,120.70366689316509,84.4226967285795,715.8142796622082,130.19988596894123,629.3970823138174,198.183815257025,63.031031188552646,251.89955510927166,214.82468917871628,160.19924055039652,177.4610885181274,162.75522901369365,255.9384147991113,133.96652773086865,41.988114929660746
2022-08-08,78.14025688399667,290.58263968963723,102.8557608053598,354.9039045394836,308.6470811304265,130.96683629275302,49.68061119395765,390.82441226130436,256.3355143616525,229.6013201450719,480.92084878772164,97.47286257885568,59.2265576920302,99.68674535048149,462.663457838777,129.84932759945085,179.84413710151844,23.429336099853224,121.54148644637256,83.73172626848414,716.0612105001985,128.6742630603848,627.0916817643466,192.94797239012408,62.44254846410773,250.53609014759482,214.65549556681532,163.2479114563125,175.93662141084835,167.4007979428446,252.969190008659,132.07617025022893,40.722917939925054
2022-08-09,79.17106871940759,291.2230464765965,103.99824992344257,355.64875311307037,308.67951380541905,131.65444200591443,51.31582906613019,388.98204010101637,264.81429039231966,231.64321981604257,484.60077006898655,98.21159494988134,55.97307523914633,99.35763773847101,457.79332190730736,134.4271883977064,179.16718058274958,23.41824167263121,121.45649664563072,81.44231264042801,707.956564148623,130.48603463762518,599.6113267715834,193.6394074758262,61.79430485892531,253.9370929108183,215.84717381566983,159.77506414962818,175.0584054864275,168.92103712701623,251.98554408605,132.34940546455064,40.71389084932134
2022-08-10,80.66318739077957,294.1037858794055,103.93063339747107,355.8571445958737,305.1924492993784,135.20508137427436,53.6523493689212,387.7595853032257,265.0957242947445,234.07930577803634,494.9302775672437,98.4838952114257,55.02948667072883,101.8233344868546,462.87684940731265,134.93100261832387,177.69269320331003,23.451696308313075,117.31668581123463,82.74412809559875,722.71558998988,131.01050819180077,587.6595265894055,194.62206545882307,62.396146401557964,252.16911266351937,218.63641114320066,161.03009400856084,174.50342829231295,167.0609157502289,251.4438791664832,130.71502809020896,40.89057877732732
2022-08-11,81.64283416890592,301.7304085164759,104.57033682501458,357.8366044370253,304.382040116822,133.09924750114206,53.31339872215945,394.08121404645556,267.8299296344531,235.12483433178616,476.49335507665955,98.925916029564,53.76250998761839,100.14310265981437,454.5283944712956,133.25645549122896,179.490289438957,23.571158232371044,115.23111159517151,81.73473125877845,730.3827931629502,132.58676094821746,589.3705184126088,192.33246135849046,62.10927246628488,258.3756965179111,215.1189683058509,161.94708055303187,179.39418323376137,166.1577907234459,258.0445559451122,129.5762222142336,39.5999273043608
2022-08-12,80.64632156499809,296.9305482821671,101.22683111391518,355.9810783341447,307.6831216528605,131.69077945863535,53.01944552389343,400.25269808337487,264.7874408254358,236.66925450022072,459.77955599214556,97.76773965692593,53.57853588343522,101.7956073306336,448.0035043569165,131.27688319137727,180.11196309712463,23.797349143737932,112.9817288208506,80.83884052545214,747.1858893022163,129.97055922306,593.6799062161115,191.3389014899689,63.17571674170394,260.0020966837801,217.7411255849008,160.7510694457727,181.3712290300706,168.82096997097557,260.00950657826144,129.12492421550655,39.7085745275834
2022-08-15,77.51999276979974,308.5429667467645,100.06326128936568,354.52404111269675,303.4449099506063,133.3147162279367,53.447669410575664,399.1475464778783,255.3449876154981,235.11207772923308,464.21704021760684,98.12995003923704,53.554334031708834,101.23953196552247,436.89091441036936,133.3788018451113,177.126935529737,23.69635305803363,110.77776019590081,82.57412341025278,756.4237808022029,129.19870167788866,602.4421544793706,188.40152404481998,63.135353589259466,257.38702904364624,220.82713016794736,161.66497497230674,182.95861083915204,166.97660764421045,262.81384394815575,127.28823874865068,39.08752962606716
2022-08-16,77.23902313345504,302.47517552009424,101.4971880233255,352.4233341746988,300.02394705337827,130.44375415962398,54.015397780782855,388.332547783636,251.40583139177136,238.49704240850764,460.88160400896254,99.07735094704191,53.98331127649821,101.0008903154765,425.50694511484465,130.5387606731406,174.3913264071848,23.94924082071486,112.23300923469328,81.05092201933824,755.3610821958245,129.23066649014152,603.4910619594555,186.9448792855337,64.39989743539073,259.26022095085784,221.0869770460284,160.51422665953456,181.07014225819,168.3065443862934,261.1727530559492,127.53270293782957,37.900415172698025
2022-08-17,76.37711484121014,301.866045153308,103.47491554486729,348.251875640828,295.36072066882787,131.50898296003467,53.96942589469692,381.23827214339616,244.97348035207062,237.0793293259171,460.06991581349075,100.89298765040179,52.97421429128259,101.75107496353594,412.4221860584233,131.32891338218622,177.55780254274907,24.02700937935633,110.82181814617766,83.21273833657554,761.0143521938351,129.58238144747682,590.7462564921057,187.71872057274848,63.896193059717355,260.1900658517086,221.2735378371301,163.07902001912214,179.79607070613196,167.81051917897597,264.1866524108943,127.16542123856868,37.89060093671287
2022-08-18,75.72402082305754,300.9030873157132,104.8781202650379,356.97553843885396,290.1722924505506,128.54946687357932,53.8609312003672,381.63008082618285,244.21509879184265,235.88813058660403,448.3631538168109,100.16316275656888,53.770194058361966,101.89750853860669,416.9640455356499,128.78991571455387,180.64886807986616,23.740381958198654,111.85907496591308,82.99874239413626,752.7160457511258,130.55263819783457,598.3213614796659,193.18125382961148,64.40473410130123,261.9429394142502,224.77418330112053,164.37730227546768,179.76955892674616,168.90446502096938,267.44592590971104,129.5069439029443,36.973114457448325
2022-08-19,72.73006097301877,309.9079645955425,103.27938047042048,349.319228950752,284.85143749664485,132.8166474928116,54.580342827142914,378.493212112448,241.42010107021608,236.11770061241137,456.4857761405755,99.83974441068047,53.04292291593447,103.47638550080549,416.8511046652946,128.40504277937913,181.9585753062505,22.67054257485238,112.90372574832337,83.7352074097658,731.677200929903,126.33255919820913,591.3056169415391,193.61077228847873,64.6437017392115,266.5759521140716,225.37531756201147,161.1598021364914,179.25279336114056,164.6006089009023,266.8701755892276,131.92267344515557,37.25410146883052
2022-08-22,71.62506832792819,314.0087488323903,101.74431428682243,336.8427962481836,281.18079892206157,133.93444959685317,55.22212247820783,385.889520267371,242.79192814463062,239.38523045928676,462.5330425310099,101.0871215284519,54.113201979072706,104.172807155419,424.1430042431686,126.96546709361462,176.8758343810417,22.996372058341713,113.74078058260893,82.19678585662369,712.9450020673664,126.6270911123916,600.358207456771,194.73314750492628,63.88257597972497,264.58170719527425,227.4710731546676,161.37627613162437,181.77862615813243,163.54874352644813,269.72862632398414,131.87871567004612,36.8214954170749
2022-08-23,73.07084509941251,307.4488675660871,101.92273020861144,337.75550913794916,280.87690955790856,136.36715884676303,55.704379752957905,388.0035741941606,243.1291401409919,243.92226080644758,476.9089632332832,102.32670552889286,54.86559523062788,103.35693144621828,423.87045702629075,128.3088560088803,179.12490428450246,23.449153842077166,115.03890000771143,85.78021063445385,711.1056396692051,128.83879643473313,611.7942067226609,195.70516388263033,64.26927936536285,265.92706389201925,225.34078315705725,162.35561334836584,183.60175404212998,164.60250289331776,262.97870366411667,129.2130211744735,36.337392447723595
2022-08-24,72.90460033954112,302.51329817890274,103.25409900603323,343.2667854385025,284.9640329435277,137.21294505295577,56.623510815437,385.7987161353264,242.6275460238118,241.22920260727318,489.08900258092257,104.9683923997546,54.546480156819634,100.41914079516643,417.4992316674835,126.97067633890305,176.3927493794308,22.935479686638637,115.51348288380352,87.00089617618185,681.4803184013019,127.6936990895848,612.336559406404,193.56781382977604,64.47032382062804,265.73547247306243,224.0170730749511,160.40256071328406,184.31345964078093,162.12482931321395,256.7879318746066,129.27360630187667,35.61474121039982
2022-08-25,70.38883244621594,303.4651952407132,102.95484757998186,339.4561354431407,285.7197040285201,138.28149483356933,56.833698902601114,386.84867964279886,236.6675888445585,244.4371780650372,494.8163722484385,103.75971561250873,54.55527095794513,100.67836388533573,417.2959804464627,130.76308448123365,172.4403763689118,22.21739616680045,110.54235210642555,87.15656296620644,689.3626107090796,128.4943133006344,608.6750593182296,194.45691116930476,64.26275522321106,267.83802770480645,227.4452711559532,158.32144372392557,183.6969415752802,161.72318064812075,262.03256599175523,127.93821230991442,36.26047311724691
2022-08-26,68.22241209607182,311.8393517919881,104.7223440243142,338.8726036936113,288.589233479514,137.0487456998252,56.05881203405368,394.3598006456609,234.74047880184966,246.18401495150903,506.414570763196,104.88120773443691,55.16062775772024,101.61817143300543,424.4774911881391,131.4616978531681,172.4029394330048,21.571863176466195,111.24074247652558,89.09314566769757,673.9687738517458,128.00948910103915,614.2100494847184,197.6455447902776,63.40105276545767,270.0998656279517,226.3875291519801,156.84578594807763,181.6034229660439,159.63121680102316,263.9528561937746,127.58346032980393,36.68809228202988
2022-08-29,66.61162536140479,316.68126018556893,105.64936442443083,332.26672138261847,293.3286647075365,137.90646822375186,56.71210380002917,399.59339998923764,238.408618943494,245.9833024872476,514.1440711824235,102.5475163651705,55.56910250577013,104.02069049872725,419.84035990865186,133.46096769531934,176.08494120218418,21.90014558718468,113.47527503550123,86.17348613548538,661.1865053330954,131.16992925572626,626.8190735512505,198.7411484672376,63.220911583054274,270.99575606333974,231.8249025008119,156.66358692388692,183.30910710219365,161.78544054425134,261.60306083766744,126.63466770410783,37.61539671717575
2022-08-30,67.43742447386985,312.1651260338,105.03674308738641,328.0579722259873,296.7490643127412,137.2938353879391,56.51586111696218,403.4966511642937,232.28232569567714,245.99950739263534,514.020777302635,102.22731128885911,55.04869178622698,103.05729270326381,421.80228165875417,131.29477747433162,176.46361838997072,21.643100446245075,112.4404747615167,86.54314505953883,654.5519379516903,134.03756648639043,625.0303103294386,201.008665316135,62.668732510028164,268.9988517353161,226.702217867164,155.60797021085426,182.82536764944481,162.03658705147132,264.2496535335774,127.68971597615104,38.32109813400907
2022-08-31,66.17656173459072,312.48005359202995,103.02473578008001,329.9832604337894,302.58402808010425,134.37057231666668,57.10774878691738,408.3689340067079,229.12381934648351,247.16893541252986,510.16141534528697,102.12131391948405,54.68523254012919,102.767615998222,429.735224067209,131.14319507147684,175.2613019599971,21.679204871190162,107.96776064446172,85.05876090868742,671.861239426086,133.72178842409562,618.8256169616059,201.434298982983,63.24083653729552,272.7292292924762,225.36307419755656,154.7017462068242,182.36504076545532,165.3908447745983,264.55045197071524,131.3567103957425,38.22424356438202
2022-09-01,68.73028100831094,306.61102441346674,100.28108066120795,329.65345230978494,306.350718768469,133.23036036210695,56.58840959164093,413.19278373158215,231.74505867086833,245.3465444455912,501.1608253872014,103.25522378005695,53.13963928522592,104.2824964102052,434.58084923050126,126.36370149678969,175.3372322175042,20.77299498417322,105.5159636074524,84.16033075926723,654.5880436242567,138.87020129645808,630.2497845756366,204.4241305729524,63.15466002086238,272.9379610707334,230.2841899136203,155.71399109821726,183.87189688114432,162.42346379443012,261.28307175896595,131.8267900563855,38.46066028109185
2022-09-02,67.28694021249811,309.10159934969556,97.93333347489902,329.8286982139841,301.7449125976801,136.47931039220828,56.331090224868205,410.2538272904204,227.68832977003444,242.45799698740416,505.74798008613294,104.63353575798513,54.021195289024945,106.26946283403431,446.97282475037883,128.3744875665348,174.3453045220191,20.852994422710566,101.05654164226831,85.31774379867808,656.764692714659,142.69926017593318,620.5156838620691,205.59964683152484,62.42319306613942,272.7626233191519,225.28035075199008,158.82045106252326,186.44481177312093,160.9066101968184,262.32852948394134,131.9166739699633,38.08245952732483
2022-09-05,67.47255821514113,306.26220800255805,99.86617583420681,329.02052749580884,309.6106111875777,136.3006910963735,56.4325767279179,412.8401745838548,230.77035165039536,242.74939686599532,511.12421679287723,104.92963443423987,53.29759085244985,104.81016976848905,452.0664805507569,131.61440115419668,171.0709119954909,20.21834009447384,98.3089303630253,86.74470437557274,668.7063439985714,140.36817260399806,650.0863920480859,204.82419376206047,63.520053101272346,275.10763283689073,222.4163914889776,157.91814117702202,184.42814110488018,156.66415281854805,261.49340750769665,129.90249264504325,37.97758545954906
2022-09-06,70.33094212153962,311.015443550588,98.80898301315108,326.35351782381764,308.34980893937785,141.51207993580994,55.52516233924314,413.031093111605,232.53423562911718,245.78866733955087,507.57580440794294,103.70573812602038,53.592734733033794,106.6902053450713,450.1609977863256,129.83969926018983,171.33590152428647,19.522887814593847,97.91488530533243,88.95511321298544,681.0943560642827,140.0410024355386,673.2719129069185,209.0588846621729,64.04453995613615,271.2163189990836,216.86353906210036,161.13200002092006,185.07473628197877,161.84756449696187,256.74543301329606,129.65437796964838,38.62306290801088
2022-09-07,69.24905434748639,318.02155270050866,98.60027134843854,326.58875516558237,304.53845752799776,142.17015260293968,57.387421906128615,414.9955161346497,229.73603725762445,249.30920356338441,499.55270975270764,106.05249706736126,52.40985251952169,107.10079490311398,461.3564250237609,128.03160071815932,171.54664513144166,20.022003410931696,93.77931050220666,90.73550107153531,680.0084703793718,143.52826901878962,661.6996040791462,206.07785507653014,63.651003848814604,269.8123435406805,216.29792291821477,160.10041908485687,180.417429265421,161.5452459175951,257.6647885602635,129.3528664573938,38.807463889580006
2022-09-08,69.38326420829658,308.76779978442755,98.04859496159305,327.19712891129296,303.8298287644339,138.3999221688584,58.455990650585,410.7845068828433,225.37318046724113,249.51720102502824,496.2600747637595,106.91998396526871,53.2498420768587,108.15897161532413,461.40902876218183,129.2119507369066,168.46551480690286,20.505903922108818,93.06989102761816,94.6293433935049,696.2026895022098,143.06388718500904,662.059329217481,208.73186205914422,61.97845187129172,269.5034400296703,221.38279457844175,162.10123788087643,178.54566602743904,162.56196773266052,254.2665082749561,128.80384139148128,39.02261014556221
2022-09-09,70.15281503767906,313.7818348952873,100.4824910961674,322.16042381218625,303.9695721043877,136.30282655709084,58.11376538757804,407.5900140841927,227.21711747398905,252.23589472366942,507.8727125149133,105.48166545295989,53.152811980447225,106.55286826850725,452.94297202286634,127.84020858425723,169.19031944165286,20.741301713362382,94.26470868545533,95.83843514428528,684.2322589865864,145.98245088552073,673.4189692540656,207.8837029265729,61.72115574658865,267.85695764943824,217.58235709453334,163.70653733355223,180.50766196680354,159.59812133945692,250.02189177199872,127.26965571407021,39.0963190567611
2022-09-12,68.11613669120617,321.6350651097771,102.64206874267266,324.0946359166891,306.6719496212925,136.46085872055897,58.526893279774114,402.0027526097184,232.30087890105833,251.1321018257288,506.5009857612121,108.92402220667934,52.964725210750316,107.63274804902608,456.7526455809572,125.10389853890867,167.25155251096095,21.680341124666505,95.33725212757851,95.81239396842203,676.8324433742713,146.7941886215549,679.3963619808694,208.44178099100446,62.53180313639857,265.6628199033527,214.6923162927755,166.22442993353462,185.54724642177393,162.29851104840372,254.67452628902433,127.16910891022677,39.269729874057994
2022-09-13,68.4935759375329,321.35987435922607,105.55723983270245,329.0498957887136,305.42926637809666,132.47578875841228,58.47750448576043,397.1265349352762,232.46013066117584,248.58319164148566,519.9758691839762,109.93087429085269,53.61046540737006,109.20862510445879,459.68559943776813,126.24385984042203,170.14427104495087,21.620969332181776,96.47009388426802,93.69667603281307,678.0988555613354,152.5523980880937,691.2215471050841,208.3124934360961,62.748615416578204,265.7290900979645,215.40734123890147,165.32517410812056,186.79806237175623,164.02261558526823,254.78529466473597,127.42381601007034,39.491895943817525
2022-09-14,67.7329557848577,324.8594937605679,107.21831575534983,335.63377494989203,306.5318380416067,131.16509836832284,58.39368156943649,392.35984588716815,235.20163219697858,243.679337036581,531.2280316984238,111.59884580110358,50.90499088845815,111.10901096999683,467.37095978628895,125.66436654796408,167.81450578582047,21.23574380915988,95.09186718544882,96.36695066896844,671.9703181026696,154.93285831733968,689.4814038101956,208.49376557947951,61.6033699365926,262.81351865697553,219.2550059270178,165.0056744645783,187.58792765645268,170.02614169433147,254.41935376045745,127.14234752326551,40.27898757419987
2022-09-15,67.7588555439753,327.22623102869636,109.36978707065121,335.7510081972051,309.1838563327961,130.9035224207542,59.265564562036786,394.37023299417973,234.44498871868862,243.963224187416,504.7582010037412,113.36190802735275,49.7994409013813,109.55253115019505,464.1728214779247,122.05367170611721,168.78346677893742,21.40616641355263,94.22446659459999,94.99442479398344,662.5337445512434,156.5760597955256,666.7816097236662,207.65467054845507,60.509284926250224,264.96732540201214,218.2991205393808,166.3548392116255,190.6953591885579,174.3667345524936,250.904963312405,127.67761742495033,41.02514009283207
2022-09-16,68.78464109978758,333.01410851807634,105.63789053955806,338.9212787238724,306.6390003491743,132.49809623397152,59.846088493650974,397.12581288130684,234.11185912500684,247.2633971864489,510.1658129162454,113.88330057974925,48.996324102972835,110.15578765554541,479.17292028120715,119.32933512808465,170.28366206916792,21.810711305406734,97.41894692771777,96.48171595213711,662.8304865880148,157.72109269692433,663.0887525768266,210.4072028042589,59.42078287524664,263.7966063650776,219.66344484117207,169.2235833163296,190.72841829908592,171.67770642061484,250.25393918582176,127.09361009088961,40.81497758739788
2022-09-19,68.1549583941978,330.0123219269673,102.16841490018025,340.39396837648115,308.91939537788505,136.14776327876967,60.62979332199693,400.86594703327665,235.2753884011246,243.09845611754767,513.1562298364805,114.10339620515776,49.92108260182919,111.01658366227352,478.2463329961752,123.22541200281896,172.0368330537581,21.97567671833926,98.29318799971811,96.61589413507535,663.2074211070296,152.03082172720733,650.4902832890891,209.2685483100904,59.75920242992209,259.5865280942601,218.15847255627298,167.70479857811713,191.0821817805147,173.23528056188408,248.09540726630087,126.17262903083996,40.36895776153095
2022-09-20,67.59618896166187,329.7604762015765,104.87192440507852,335.96214560752037,314.8140287246388,133.15890764968262,61.510620321111034,398.9680952184896,232.00982106764607,246.38885096861736,514.0278680196842,114.22386473087512,49.69393703805275,110.1777515855764,476.96290065367816,116.91359237878888,168.36352772787458,22.167066033715027,100.5712921841455,99.46988541038658,650.3316897082913,152.54617447930804,621.177148943091,208.55321985190568,60.36735907835945,259.66039006375996,217.22053559705623,167.72306720113667,194.33077349399326,172.39744504041423,248.43185965795544,128.71073335409946,40.22280685300006
2022-09-21,65.2771157489458,339.77603671252757,107.01576149487998,326.32493490680804,314.4405545519186,133.1185117281456,62.792845558707405,399.09729149881235,232.6875308170856,246.9752760303637,509.0375081789731,116.18106085694009,49.01635628566171,109.48578195354897,476.9855821900053,114.40137403600127,171.9439193820752,22.17046744927971,102.19643398912574,97.47165465473013,660.1441371783213,154.6407411041615,633.6691270970088,212.8540452347243,59.985550100639315,259.29447243307465,214.78717771158756,167.54187019474764,196.06733538383293,174.50603112046338,254.26808910751726,129.55638491526972,40.226859641199745
2022-09-22,63.77694468580424,346.3168884025511,106.71904393888073,330.31736953097396,313.0809931462341,136.05146189863387,63.16452442914167,403.66629395077285,234.17364589278196,244.83249546554376,505.1580637221924,114.36316208527491,49.195906466013064,107.38529700881104,479.302165995353,107.84752282112333,173.63538200203857,21.650366454531525,100.35888649555385,100.36868967832969,664.6838595177915,156.89654175165103,620.4490148493303,215.08991989054806,59.90582479829317,259.7196140581078,219.20862872304625,164.81934288396351,198.45405447082746,175.85226385652726,253.60049660525712,127.7514633991001,40.08383662529576
2022-09-23,62.6769502191155,355.4377256270326,106.94314554736403,327.4733890498746,308.37362166099655,134.93095345571774,64.35332528509193,404.35555585287875,233.58593025250735,249.08442790587924,500.79315789190105,113.25118942202813,49.56931717153624,108.0105294567313,474.89054894016385,106.46589262896237,176.66425321080973,21.451913030190777,97.6158893710486,100.79039927228638,677.2744147117199,156.40664105748817,627.566593133839,212.78453871348088,60.37468380983071,257.36420282189107,220.15773064105608,166.6944553677691,198.7759715252055,171.58691558344285,249.50535792796086,130.44618323869588,39.58912623714735
2022-09-26,63.71935785333524,356.470263557456,104.88664381805035,325.2765728955469,314.0866958357098,143.72717996277748,64.05484747575652,402.8367357621154,227.73045907240711,245.16155506077806,491.8923852811596,112.66908348537811,49.56523436720543,109.03330290998376,476.63987012209026,107.71705478928813,175.43519460485578,21.422721204244162,96.95329458975728,98.11767527124874,650.2753029938556,154.6563438571222,595.6682894091933,210.3137299769777,60.78698591775992,257.947749962927,220.262518795617,169.59240004952505,196.9904553939708,173.9335247130715,246.7975747353541,130.94091606733588,39.691888726697584
2022-09-27,64.01056332780337,353.6240381002064,105.57756310045967,327.1128225621621,309.38716604486723,145.96195344438433,62.88557400392741,399.16465073879124,228.66832313006014,246.72065996684722,494.1543299660171,113.19310778001461,48.59066570074743,108.29313328887221,461.3214240501932,106.1268907890606,172.72795253658512,21.43259004099406,101.46229819231043,99.72682109516307,620.8579714179625,150.73791409618303,579.6464789825724,206.50957285150326,60.60136666961798,258.6585184777221,216.47797505602293,169.10125779832336,197.61874462724293,176.37193004276432,247.4200381032834,131.52794801440828,39.671346208257276
2022-09-28,62.64339547539245,347.71439348705667,102.90130020501135,333.80793788260627,304.6323858826959,148.509203882864,61.531018875034064,402.7384544239097,232.25525132280805,249.65292971260413,483.5059357054971,113.48670588175229,48.09185034821423,107.03708534118748,461.71107514170234,107.56225353110571,171.56426188007384,21.589693177829762,99.72637663371191,97.54520844241401,616.8379065967761,150.0788699986152,587.911726027615,203.85595488804864,62.199875357822435,254.1721913002687,217.18825470449835,168.46155642160588,196.04566818847997,175.7619687568981,249.8353988910827,132.97342606375736,39.534647289419794
2022-09-29,63.097288979938725,337.9741229990337,102.56004982508321,335.6783789369553,297.3551659224735,148.74093531670775,61.382716630042694,408.5932388025848,232.93805732845763,250.94758064335406,480.7635569592324,114.45951868068559,48.593495378536566,105.20291341984232,464.08044175824693,109.67503909545177,173.60712448127993,21.606215319901565,100.36330320232594,99.47216289560006,602.587220229704,151.3093589931051,564.0566912512979,205.78081088764228,61.934398901599224,254.06891439615853,215.60031907812055,168.41282728197956,196.7599701040769,178.4222866284625,254.49076244005968,133.0814849418966,38.4826560424915
2022-09-30,64.89313008498009,327.5021693993349,101.7434091429548,333.6144181551079,297.45233723768007,145.39765744933953,60.19346663921712,408.6934939547119,230.11309951415464,254.41765517835523,475.25297352064234,113.0301229112143,50.07952539933826,105.88675930645707,484.7703974316903,106.29887192908552,174.07595069512297,21.838482243188015,100.43557342024462,98.7172639940314,618.4842373245469,152.52925145968013,544.3898970042458,203.9582988583286,61.09995901604711,253.87740035937944,218.43037534086614,167.5492242980499,196.1889357812975,174.98481588818163,257.2948792264512,135.2538857855477,38.4658515391394
2022-10-03,67.13317785385136,323.78395127635963,99.02000353173553,337.31632710820844,297.2083550525922,143.89253432973922,60.26927933851064,401.83444966236607,223.9586797263504,254.76015619232342,479.5824611579425,115.10814081317342,50.894830917101636,106.81114267237668,494.79650048166934,107.16780098480184,173.41498128768512,22.278280426026132,102.1585796071912,98.70947278962883,603.4328479588867,147.99108211932662,554.1870002733147,205.05131662610754,61.57144137169863,256.2427683686299,215.82617233962338,163.1473392385125,197.56482888387183,179.20700549922685,258.64885134044533,132.69188644507875,38.62047042353156
2022-10-04,65.54404353326426,313.2743526771334,99.03442099702545,338.162973733858,296.955849012666,145.050326291796,59.56552128535178,402.40671881648177,222.32969542535426,254.23672320396824,482.27534503601277,116.7274786089804,51.17921499397823,107.72723165365046,494.9480131624353,108.0398090869515,175.5832632151368,23.207982645485934,104.58251876887546,98.60242348218937,618.0578315991957,149.3937424409717,547.194667245349,206.33350379686507,60.76745819491217,257.814104853528,221.05075635367547,165.13354540629524,200.70081358585085,177.86738973253057,260.4781460641565,133.92496405603868,38.43252295515732
2022-10-05,66.51811961526907,316.4766556728176,100.4244406019889,333.68223758989717,301.0917622322947,146.2504808609641,59.466584591535856,402.1850138231468,222.2640734515539,252.27118016546126,494.40905414717486,118.22446668964187,52.14559605582479,109.951187833647,496.52407689244166,105.17101582641685,176.93280537636724,23.51140583297013,107.77204746058484,100.90870368857732,619.916668235886,149.0444024157792,558.9373360753715,200.68467743598376,60.96133784746942,260.38807203711633,220.7296888396084,164.27989531752354,201.53438297466437,182.70961724168848,262.2112578649516,132.77657781944725,39.205457559559726
2022-10-06,68.56671182768382,311.1083328567253,106.12829414581118,333.7953842636718,304.2188192854599,148.20001464782635,58.8538587703657,400.38766425273184,222.5701373742147,247.75851820741067,502.96179081285214,115.4680364998775,52.17853214689864,108.9887522963965,501.2155500867297,101.46519967786058,173.5459365713731,23.213384242426738,108.87201912847512,101.39466634203134,633.7004838742454,149.33411604778314,558.780183433954,198.48285609094097,60.818014803045266,260.456895811986,214.70974938963127,162.24380102347382,202.81070954427557,183.36657649533961,261.37728890440974,131.75706371731448,38.11173055288812
2022-10-07,65.4550335008045,309.1585443876438,109.30899781988516,334.07524271455213,307.617998053228,145.09628488355048,59.11071043999008,397.495597685011,220.0624725550444,249.69581212304757,501.69093616850995,113.50954495096181,52.28900346311642,107.97051838559125,489.8344878459487,99.84236403957931,177.8230158906418,23.83528319767118,104.7576091300805,100.99776955219144,632.3289661119378,148.67726198319684,551.0715977833818,200.11310922983927,61.524145479433344,263.3297470080597,215.7122309873982,163.7157174977963,201.98450849168475,177.70957332545436,255.68821561949525,130.33124811453806,37.990917145408126
2022-10-10,63.68932193451834,301.8029214876095,108.5320484619846,338.05051545534855,308.78108346426234,142.863697594326,59.158286676709565,391.92413915935674,217.16960683389544,245.7456762356754,506.20280728784127,113.15913954874242,52.16175903135422,109.16187606116262,482.1487753179503,100.62045978858785,182.0747035636604,23.337504633668814,101.67700892346622,98.33813269707471,637.5858103437143,153.16916120954212,571.2789824687761,201.96538974245743,62.191464614496006,264.67990711590363,217.8822330832256,164.4799652902989,199.98663037884455,183.87392017221177,260.58316190817084,129.0460125783104,38.39779864283387
2022-10-11,65.7205224540318,304.65075246195676,108.12734700538961,344.65355028413035,309.6872142989671,141.26570529681632,58.153118156073596,379.6869688904443,224.06729693420408,243.82668223346116,516.5009757758279,111.89937552725074,52.3363557655093,109.84176142061068,472.7503972281502,102.22011535840757,181.69545952818117,23.62266364168021,104.57816674176989,99.90729393303076,636.4782696791207,158.32758959084103,570.7947352552367,202.22242343561211,62.08944486736564,261.5699593699775,214.01444178200003,163.22632933918834,197.46408515081058,182.86467877405863,263.6926333109149,128.3855117109721,38.53913171176652
2022-10-12,65.02038436083066,321.989486309042,111.41015013305423,343.64099311398024,310.6519321113503,137.89869958307335,57.97278177200264,377.37249410814076,226.765085989565,241.69933530038128,534.7081522608602,111.86256430806276,51.55191993504937,109.91025536792719,478.42501732535004,103.10707753615183,182.07631338815494,24.080254586817553,106.25148312043481,101.67850788046648,632.9959846449601,157.5867792838392,568.3598472852849,201.22765752534215,62.18686688735837,261.6755159872116,218.90811052424664,162.09705450658169,195.04117355772405,185.23203197439847,264.0461061081085,127.2692164874118,39.03675408108044
2022-10-13,64.64089590442572,332.88872830676297,109.38343588463094,341.1178080558868,311.13900499717613,141.33756241731956,57.362114181834826,379.1193501782768,222.73182597806382,244.00397397886462,527.4649767368896,112.80242046647636,52.189976676377924,107.29337755744507,480.0986250588938,102.27286013146674,183.1942702136352,23.632618031402778,105.09049617007778,104.31483073681265,648.020608329897,154.9657326650858,590.3321567290237,195.86937467905778,62.365336284071695,258.448445139132,220.05319960141424,161.53814286095752,192.57132876597936,182.5385063045309,261.25512580589606,127.41869952349168,39.665033338312
2022-10-14,67.41661588487433,331.7748234196231,110.05965279351545,346.65730984840224,309.71377984591567,139.36523695706157,59.069149606639925,378.5536474729755,223.56269704084596,240.2704284594672,521.714227116773,115.59870988576755,52.64109080856081,107.2729462286496,490.99572951201395,99.57449997149351,182.34710044554387,24.830850613555288,105.0090899583302,104.19770705621384,664.2006468602552,158.30415094685534,574.4209915092728,196.8135869949118,63.703783599446105,256.90671099361725,218.98638466760855,161.65336114085943,194.36775619876227,177.43131986006378,250.244717480983,127.79906025729677,40.429092160358444
2022-10-17,66.97586489446573,327.538243693547,109.73193586878784,354.2173928677991,307.5859573661726,140.82245957285903,58.06253356990333,374.16301896042097,226.61728469782858,244.2878086563597,531.4946070050173,112.6768875711667,52.26850715985748,107.6371148195448,491.5340625392491,96.51342186193496,179.62715695131564,24.40746191926588,104.89219695092399,100.0039926831348,672.6661640586694,158.07170209026708,561.9885133193861,197.27329911890706,62.639104750272416,256.8907724490137,213.74837660097708,157.90827812305577,193.30324047243192,174.92475838310818,251.675367723168,127.79131650299314,41.83984847521376
2022-10-18,66.60467671936588,305.0971859817599,105.46661441321613,348.75362832217047,318.9720948760464,140.74270421396875,59.04214605721274,378.5087594437641,222.22749034937777,240.10043642554865,538.6731449186724,109.59657730011638,53.20556287020478,107.48947820959496,496.47418368632106,97.00642067554641,180.4287353751859,24.46698220988147,105.48083538584926,100.11089311727052,653.8978641489241,157.0351759751128,588.323622917497,197.98601392746107,63.517416584723016,254.4897986473239,210.90968588421904,155.25193828844473,190.0854934480768,169.3732901208639,252.5815618894374,127.22520085885972,42.44459149003971
2022-10-19,66.17144740378218,289.75234680844903,106.4207468450527,339.5888329590793,319.76827059675276,138.80809099000118,59.254809361862975,372.7322989619744,225.02818607712297,240.29313035208656,534.8045273645794,107.315099203496,54.96814447559755,106.21407614256958,498.63852655341185,95.52739486529941,188.68466157708886,24.550535987518103,104.26162348540373,101.41894761951936,664.2915265094745,158.10833491400908,584.3822035246747,198.96678673649689,63.41948280120259,254.54232835217843,208.71615404060427,152.07203792705775,191.53535011552208,171.4314669529068,257.2778292712854,127.3285324919443,42.29959723637371
2022-10-20,64.21208789841117,289.60396566379177,107.2077781641512,331.591774886581,323.5056813846024,137.04689120148842,59.0872735350513,375.36907476630176,225.07300945054996,243.75378722125424,541.8747368437812,107.16681883975016,52.01831792946586,107.6596809104477,489.38498645202696,96.8794804079539,189.82458806111686,24.449237051799702,106.20868973598542,102.55898147242917,668.9786893774324,153.58335765891718,584.9270159507977,196.4281420450899,62.61581041238024,253.73963569122049,212.93507492364145,152.91707844039772,192.66878338017537,174.08202085433354,254.24604654858084,124.77062631602243,41.11212259081557
2022-10-21,64.5380702458137,295.94797986585166,109.17868341489218,328.06451684019396,328.2896215106937,142.21460666730013,59.63458846871468,381.7369431238026,228.24887356074916,243.3057971549665,534.391933221279,105.0449022004952,51.62733487334494,107.3398996220343,487.77590438888154,96.71477996627905,184.8112263007281,24.869656469343134,108.07118371978629,103.38120292047199,653.1106057725511,154.56043298373913,585.2597901812275,197.47206108089344,63.803807501151134,253.40282572365658,213.4990684852037,151.07784840948736,195.03581530893516,176.5357130987905,255.10225011999063,123.09792103388965,40.6608639363912
2022-10-24,62.06468207669869,291.6344621513572,110.74271960020607,329.90885953208334,328.9168299561619,146.09469939288323,59.914051976944805,379.5068031667295,225.8271921336584,242.85383195552316,529.3797561349575,106.37837205203388,52.03527186695399,106.90254221818459,485.6521320873273,97.84580756935351,187.07163605418168,23.900123226862778,107.73618494995704,103.59178724453875,660.7212178146395,154.874262370128,590.355825849057,197.0350964275544,63.213429720958395,255.5190610370896,215.91226590869329,152.54292378387686,197.19862910096475,173.15971097199036,253.3903458851081,124.92422112812513,40.90120103864242
2022-10-25,62.14667250172003,290.1501678395453,113.56776252113033,322.35086239542886,330.01853522332283,145.9331227976479,58.80572670985106,386.4937792404169,216.56146179541975,243.24972607111977,535.2542442304932,105.12102964930669,52.31202898141481,106.60261787902179,493.46170629374046,103.64105856475811,187.8660828221688,24.219112964824756,105.75585982707155,104.07560820267092,655.7821273499707,156.95338836445535,572.939646337437,194.86933915268136,64.12850276207091,256.1749645148058,219.86045574835896,153.38695858322654,198.56607734951618,172.10027429718815,252.79365389578808,126.52190312592508,40.80963614701206
2022-10-26,63.74862279759472,289.561065121751,111.00051388738616,317.0640797212433,329.4807842893743,148.38238138273212,58.228536826288,389.801421678305,216.97206287654126,244.81674361123677,532.0161635805994,105.41878384960509,53.212999370676705,106.59872921083773,489.40453474894275,100.62238834571767,189.11539186490302,23.82168723503932,104.72272678307898,101.73904416966612,652.8106287699965,162.66271410212002,577.2573091330829,193.60356520026764,63.800367601184334,252.62494194863567,216.5586744162576,150.62059392745238,199.3279009150547,173.63953826205653,253.15396531659277,127.1542435816489,40.30724042065241
2022-10-27,62.208266987257794,282.5205585122951,108.45022406770343,318.6894992045861,336.71165975164536,145.61494821268155,57.93706246886739,390.85956738924193,216.09226969554643,245.7293788939989,525.6486981526111,104.56372580463791,53.0602554531559,107.0860788709991,499.6228773503754,101.25738298598016,188.60167131545614,24.2585052828474,106.77439815466519,101.0930759853064,650.9865698750367,161.50487908288235,587.3799136762423,193.8111701454918,62.75987756715677,253.771694095395,221.0146111069352,154.0946101069948,198.17230333831904,171.25348789375107,260.0317156683278,129.7918237925651,40.61889757917634
2022-10-28,59.97682294359433,278.9375219018655,106.17796006871724,326.57040005618217,331.3375254203452,150.45350999595104,57.85176958022031,385.93594515321496,219.53244617287183,247.36928469164403,511.9106994202587,104.58272757018867,54.395331010001826,106.52111246193594,513.3069660911776,100.04657596223417,185.07898719948287,24.286456386510366,103.83855509549267,101.37103385013309,651.203432261351,159.45422330464902,611.146200075322,193.85885281379487,63.42931153272235,256.2617987650496,226.39305562266753,151.48945717407005,193.8089332107786,177.2311894962717,262.23706362972115,130.02856259949172,40.53452482937659
2022-10-31,59.5863850698877,284.27553119391143,103.24096997536572,328.76246488317076,335.07519762545644,152.50257610775128,57.796176247186125,386.11063290123957,224.07561864040576,248.9030869570941,531.0367053536463,102.34323928943134,55.30065371828836,105.39177956460851,512.7815419608548,102.33517111574885,182.95252845846136,25.4298835953581,106.08786611616364,102.63754202540687,638.891148290473,158.98571430360428,606.606293149066,191.40663837075343,64.28139480223611,255.34308435272854,225.89724886062027,151.26326872926185,193.34333155916744,179.11445487142402,260.0590678582561,131.78375431863753,40.14668326646761
2022-11-01,59.5570398372538,276.45390381136247,105.46750745685513,334.7216297936243,337.71540443268117,152.9877529161105,57.771161030217606,379.72298353182794,219.43248968679953,250.86397295678688,529.0272892083871,100.64100826140134,53.95473939189886,106.31119968030913,520.0771824084,99.81630023068669,183.32627654553986,25.64889404970409,104.92417347795096,105.39126794907688,634.4867040844806,154.43423584817668,604.1802736175018,194.248720584818,64.03702226615096,252.79509934981212,227.87039235744942,151.87053549877007,193.40385547422835,180.82580403980438,257.6510905339522,130.78446951696608,40.62892067932695
2022-11-02,58.34466708857019,286.37216845233337,108.0761905293285,329.78640777577334,343.1501105905553,153.4239520268917,58.989706584018,380.4632887412549,218.8920937738019,250.2748947758907,502.6118492983649,101.88505817794385,53.29978479997826,107.70572565913763,534.2721571542077,98.89252803379242,182.00227003578573,26.219567898804954,104.00503390053663,108.39757401687815,625.6050379140335,158.26985768177343,600.3574291649875,194.98373463447422,64.81107917209555,254.21078532779603,231.24276082421918,148.77579493889274,192.46059611694244,181.05683821386853,255.0027609406401,132.4680540292584,40.29506632558258
2022-11-03,57.405757156897145,292.3530758584267,105.91174716497314,325.5609251587636,345.08801856955273,157.21030691039562,59.139337044933974,373.94875106537523,221.32625384247632,248.92065293226085,514.5209383209481,101.44559531981471,54.416121928554595,107.1261610226863,528.491785208612,95.85572039878778,180.6389403773697,26.324984716794447,104.22526250906353,109.82764086149817,642.0897221792295,158.36427604166232,601.2701571056194,197.34641995903,65.00981357781913,251.98625488372872,229.6554560644461,144.3418586876424,190.22135249078954,175.07408334871292,256.34160334535704,134.59351953556612,39.685963542932555
2022-11-04,56.31276444876127,298.4762212924891,105.00937308892587,326.7870365512013,347.90839841883906,155.22672757330463,58.538183152646305,372.0532755688474,216.06514251415908,250.2284406956128,521.0186100269924,101.59943560216946,55.76953872655426,106.77317586110789,533.8164639890454,96.63287221898294,178.99144822493204,26.996583431267396,104.50162542884482,112.13964204898475,625.1523984919569,158.67710070817645,595.5200622440673,195.63563252810044,66.13151277007266,252.59590666017303,225.14761067778213,143.3586758904724,192.60137459376722,172.13246312765168,253.03735437315044,134.36112039771692,39.994122982944795
2022-11-07,55.44831387280818,301.11063717337765,105.11239818891494,327.5808663064749,339.1561638938793,155.28644499998438,58.32491174725001,373.8323604333919,213.92749280023813,249.42019575309934,526.8514368670245,103.53552291905598,54.490477966632284,107.52936319235106,544.4168389410856,97.74930838311627,181.48308627573604,26.6851447868405,107.03461078622385,110.43329396328635,626.0087604061304,157.34633434842888,589.8050578401608,192.1656002671826,64.61542336885819,255.70921169734243,219.7673412603378,143.91777492901804,189.4751021260301,169.2548244622333,255.55078998711377,134.66866394890556,39.915050406544765
2022-11-08,56.8302865498043,299.3335629090119,107.71358422449828,323.0713093178408,334.94200375706566,154.91426807573015,58.33413741806185,370.50184852108,213.06974683105292,252.91581240806798,522.519197064531,101.06937349209248,52.84546250808413,110.59429468916004,557.2806199992501,97.06888649237384,183.26981480858657,26.840740561847685,109.7000753157581,107.95315711453524,612.7625717796183,160.92917273498517,571.5954298510527,192.3627465515667,64.60092467405097,257.84487997432035,220.22513793438534,143.68845659555828,188.61570380958582,165.9418683201645,255.04689572714574,136.7469457924934,39.73324432266451
2022-11-09,58.573764384923834,304.20482203010187,108.75840866328961,322.4895230754426,332.76931188264405,159.7091912439557,59.03886288942336,370.1131947645756,218.8942548993745,254.6025300042757,507.2244558993379,100.57350181160666,53.55354156113675,112.86894784634268,578.8222723332831,97.12281790295995,184.65097161953037,26.492009114788882,107.86538550249459,104.15716181942771,617.8748447436752,164.4403235617928,581.0674435417278,192.59535782418934,65.5701400682872,265.703611987144,217.79811994165323,138.82003009213622,189.51501611528218,169.55679496485544,249.68846733055642,138.25918010672072,39.51931564713829
2022-11-10,59.004554433066595,298.3235866556408,106.71621553052285,317.90139292589475,335.218165976911,157.93292131313925,59.284608419750825,370.41161910195996,214.94644083388624,254.90376177265907,509.7377520930909,101.9922469820889,55.017191140579875,111.36173315706202,582.2009874499211,93.6804833028504,186.55816414512776,27.134008026268834,102.48665530486464,103.41685799735576,606.6318002630868,163.50657586244054,574.5496158592777,192.5620657055404,66.36673350317173,264.99153788311975,214.94381611052356,138.46846429318808,188.9647055920494,169.26822681903283,247.59638172719053,138.93716539348878,40.364330108985214
2022-11-11,57.430249036261955,301.3471805201357,108.77837494141276,316.18359379227127,339.80024901856314,157.77545483144345,58.2984365869239,365.44890632455923,217.67751488484097,256.7656260300568,526.6765853007288,102.91709722252617,54.94023056403317,112.10416399997912,582.9560332210816,93.18570869842947,185.4012539581262,26.144298546998108,101.05425660074276,103.38265083777601,573.6785100107434,162.1009613415941,585.8534018638943,195.3702357311532,65.97118644336966,263.61692634910975,212.89696510582905,137.40482757276988,191.83091401028565,174.8465872981085,241.91791226670586,137.50547762568968,39.16128933077624
2022-11-14,57.40183288828577,298.28490297514867,109.58009318685204,319.0930807594154,341.8797990411033,153.16693271749756,58.28232813440129,358.876379880157,223.76048340493688,255.97741518515812,511.8380017189349,102.25902034469682,55.16428714061468,113.23098410628991,595.2973476534095,93.29437999492251,184.71984116180653,26.53978558564891,102.35827539195243,103.65342482989405,583.5168628268378,160.44732929581312,585.61119590774,191.2742075849998,67.09377474701002,262.44212825864935,217.00082089821086,136.15819141679373,192.64593891018365,175.04040794569474,239.97786161247407,138.38987844994685,39.987915730251046
2022-11-15,59.65051565872878,303.2158918269359,107.03909339765913,313.2979922736951,346.1339921084443,150.4460808557035,58.829528719665575,359.5780708372213,228.50945086920458,257.3814719957435,511.5048029065403,105.02609086705623,55.999164424844025,114.09635569899545,588.9144622692519,91.57560263550369,184.20219809819145,25.696255606491405,101.74580870530426,105.44496587097554,595.6452985230095,159.5356485878874,623.027644140505,193.92037197852395,67.09049976796678,265.58268604451496,215.34386111711504,136.69601932155805,191.82145206286506,170.8751839491061,241.84955402314094,138.404419581197,40.036077933936
2022-11-16,59.622914250644484,297.4882556270868,110.46244870710805,314.44445620639283,345.2187074927083,146.94301461466196,60.08714759017658,363.39534716074303,228.58660334920611,254.24532208158027,529.5490407986439,104.59283549228235,55.35444075912888,114.04344222532177,592.5446188725543,91.33624296483777,177.04231829602344,25.840042782519603,103.5847517824088,103.4729250194956,615.3621722925923,161.94130930539222,629.2681674710134,191.90928269409383,67.33461535646295,266.65136169482395,215.1449733481696,138.49667794455956,191.0000912129136,169.95771407536026,239.69478995256546,137.62062331096487,39.94205537644139
2022-11-17,59.39288658707837,296.10762237006577,112.51825507073694,320.89736241891404,340.59418552805147,150.93891935062308,60.70452803393479,360.0205781131861,227.47808561922906,255.06965656854885,511.53444807665227,104.53010488184186,55.89528058122192,112.93537199605414,578.7606646977104,91.64575541311252,181.7527917687693,25.44820792046762,102.24520198080806,103.0412894922129,635.8525873022672,157.4774879245218,639.6142785190016,191.01191826439725,67.04726796435956,264.0876519731578,214.46036391211052,136.60153878807222,189.73837816934233,161.82726078765165,234.0492112465239,138.2489530268337,40.77538420655708
2022-11-18,63.65154053459831,302.1879634580547,111.4199133723451,312.6588785252891,342.63286812343785,147.0430936990503,59.98077560470694,363.7174912527142,228.6021646567711,252.847331542115,493.6021887739742,104.86513982834035,56.2510349198513,115.25246222168398,556.2146456512381,91.83557322576736,183.77184401585623,25.221902893388904,99.17435640065209,101.04161288196538,636.4899325809953,156.19760002210924,643.7811187272913,193.6667538444924,66.74950995920832,267.45764107171874,214.16440195322429,137.30847792674606,189.51913656516223,163.00893834862114,235.89475938347593,139.43157661252698,40.78127429271178
2022-11-21,59.27866968776019,306.20775737607954,107.22373549956725,310.25571413964127,334.06151552783376,151.64086555767935,60.3638496548731,362.59251075283714,233.82115698902763,254.28969311125837,494.8836068602224,105.44608031879966,55.890567568960805,113.3789631160868,564.9133653871968,91.74179402437463,180.0484078685701,25.505061730467908,99.27062903792368,104.77358695323184,640.1867020970498,153.1127863897795,620.0153144395373,196.32725542596768,66.71948490355653,265.2695763750991,212.12588286680057,139.93186899223485,190.7401158255921,166.60857131620156,236.78375024131432,137.94971102834674,41.98916446920195
2022-11-22,58.791512995444315,311.6850376606596,109.56316330229522,310.38945191996487,330.1805421880723,149.80852367075613,60.9865583476224,364.90108532638055,238.7160861950103,257.2796504908652,485.1161515081013,107.45263359642358,54.89949117486932,114.30670482113986,587.3152015597457,92.22404234451017,176.35957197446757,25.329973477716944,103.5261439539028,104.32186223058154,658.1846284429189,150.66202173424782,615.444533377814,195.93681466401404,68.31005117106052,264.57934614974835,206.8144471077229,144.83962686536321,191.36633204137198,168.79544952786694,231.616709233743,138.4374950452465,42.00607355946997
2022-11-23,57.594883792299655,316.325923430697,105.98466919662395,306.5078399422558,334.54993892284205,147.87088085211573,60.54366661974003,365.43809694296334,237.40173776366998,259.15382144547624,486.89832190678334,105.46762910873304,54.20626967022681,113.04677852721203,583.0593775599833,92.40563565868483,177.04114973541087,24.067433543337565,105.60500580994501,104.12938452123005,643.2246897738472,153.13515339174918,588.7997500209568,192.75775737092587,70.08726646768969,265.08931872204397,204.79710151592474,145.10871130284934,190.98671496250233,168.91881946559752,233.28165931014942,138.1069792923546,42.25330064551358
2022-11-24,57.40717919365652,310.8691775966557,103.73858082797062,312.03565247331665,336.93955601878224,150.6826343129466,60.55368860282919,366.521816920661,236.81270698840584,262.24812602350613,483.3950408645431,104.20916944424424,54.731733761641706,112.83876013212344,585.4791754760571,93.49831207476048,175.88159539070978,23.95767420419385,104.99644375449677,107.03028979032695,643.5613348983468,153.55918301306087,574.6837050259012,194.3075816256579,70.46751310756243,263.0011576605213,210.24176224814178,145.85604632463603,189.52673414149083,168.91245178804,232.1652840205488,140.92996412440837,42.904309171066664
2022-11-25,57.974629154163146,322.73248440212376,101.67542657500667,315.3787880509924,338.98345598963544,150.07103136613432,60.355426489105604,370.4366568800774,240.06658079411386,258.6992961453952,502.09804058556193,105.78687658991991,54.47837249386524,111.67234771147646,596.0602763062518,94.272623692705,177.4162534711506,24.25997996488648,107.49550820866355,109.00769878312109,636.6247279884848,152.03861290452812,579.0622256018434,199.1223142901579,70.36352198996236,264.0811193397938,212.8449283684105,145.0249412362568,191.54880957801473,168.9626385469149,236.32786986763992,139.23678320946425,44.55609050742077
2022-11-28,57.59495135933571,326.5023918317233,101.71528895398308,310.99915606482267,342.08303222579127,149.3704939928689,60.8397170383847,367.3512743484862,239.16513731156869,258.05869896354557,507.9049521950951,106.25496384603146,54.32755212292154,111.14257574516218,599.1567971347691,94.5906523477354,177.7302470757483,25.321789580213675,108.66172976905982,113.5746492215075,635.8524167986606,151.93031227208687,572.9832384277186,199.81593724954172,70.11256384814658,262.9662486881296,207.47371898699353,148.1513371644116,190.67331966248403,173.9963222396257,236.09171505607205,140.43291698671868,44.61412552303478
2022-11-29,58.11530861448791,319.5676869215728,104.1349841792751,309.5946120216734,345.5518503416146,145.4937355886876,60.16184600314155,369.03259029191906,238.62687218808313,259.33807718443444,510.1077731328913,108.807055787706,54.87280862472675,110.52252978804378,595.4834274089699,96.48313764886866,174.60317365276853,25.634831979258923,106.37656536360001,116.2982987909343,630.3251969739312,153.31092181835047,573.4853517454366,196.96687210208933,70.67146452912081,261.19393835254635,209.77886098613425,146.08069803925787,191.3352552499619,174.13488484906475,234.1964617356182,142.99828017920632,44.64259324086117
2022-11-30,57.59996821904555,321.74804061873095,101.23082691686815,319.95708608317466,341.63780837533847,146.96592486728798,60.2235717056109,374.0298821358507,239.36897896116488,257.8183446746222,490.66824100355166,106.4265007350116,54.66111122883171,112.5888537229824,579.8442050708558,99.45638045100763,176.89699625720277,24.90091163877734,104.20071014778512,113.89667158243395,634.3903476121383,153.18141402204782,572.4084200062617,195.97607965592823,70.84355215967861,263.5149657526736,209.453758769362,144.741885096898,193.86151977250034,173.37321269155518,236.08671421388982,142.8388123444346,45.442667646720864
2022-12-01,59.14761434373794,330.3035290558073,100.16952008748392,317.6867372248108,344.9107441595504,146.80877899326146,60.199257908418375,371.3639987524403,244.79737877635208,260.5952244662722,489.44344693062715,105.61015857642802,54.01434244068392,112.81148687645843,583.5270688139648,98.07843426827333,174.36577237434827,24.948209875655657,105.96602659335512,114.08578489130964,631.2634762598935,150.28641446324613,564.8674892004095,197.86009106741352,69.8148167352174,268.360369111119,209.73428146192737,141.52750557715552,195.1893960125765,174.93607356536725,234.7308193517834,144.61842622054198,44.99034404432711
2022-12-02,59.96021452214541,330.1682343222614,99.64283601815114,323.5189595225857,348.6236269925347,143.91409530044893,60.5501234697121,379.353006320406,250.1897089383597,258.37504142001495,506.04302457673776,106.91962068098346,53.03539386718476,113.14716313454629,588.0880169475611,96.38122320086026,175.86584036532994,26.301186397618828,108.80272616105147,114.48984591125357,627.7355723235823,151.14341481680415,553.4337454414197,196.9211463310741,68.22245273348116,269.65526784079174,208.81628669751527,142.83072837977093,195.55902097225822,171.45734182667343,235.46852913667013,143.31048724783395,46.22406749617818
2022-12-05,58.894358691563355,326.9423290973309,97.70838292192161,318.9348564903826,348.8064790764382,140.7250608575324,60.386355131623326,381.33317515116846,248.61048147956674,252.91983252899698,520.3474954360628,107.33641840496978,53.318716815715995,112.81827867182722,595.8533351121124,97.88302945760404,178.0735199824277,26.459303316409514,105.98339424828606,115.49161757157971,631.3671131075438,149.75813979391427,544.2150842375348,198.11111010315736,68.18184028703678,268.72688587582604,213.64127018530482,144.25660784028258,196.72453700335194,175.66669561975905,236.63675538044413,142.03165144757023,45.935907119518035
2022-12-06,59.83134849076155,331.50129547235383,98.59754856377414,314.25918018733114,351.92107558238564,140.57348078480362,60.93867598060012,378.05304888739676,256.47825903790545,253.64838058832115,515.8189784902243,108.27596396543358,54.159203524559345,113.80121331829253,586.5271066817853,99.74118759018809,177.3959955478397,26.454628039401886,101.59829302375844,114.36644876698189,625.3847273836996,150.9250509716455,538.2799175196968,194.80234182973686,68.40136779982029,268.1767662880426,211.58226015100067,144.48113344905823,192.33792377184756,177.8514308197424,236.11515153874979,141.5651175023012,46.658560989526826
2022-12-07,59.156060487368585,333.4739087439308,98.37626925914813,328.0925341254439,353.83339763772733,137.71711577494744,62.56779206813592,382.5943585393602,256.7398069152691,252.6632843499726,501.70656600783235,108.92478686401951,53.53219042167896,112.49127603532756,593.9344918667786,102.30469636931238,176.4477338866133,26.925197263224753,102.0323286245527,115.25339129144962,615.0043450630104,150.39825955658418,526.0372615415095,192.35793366214415,68.84641352906533,266.8944682019265,209.01422103377718,142.03832404606362,188.6938947874739,171.06681271850815,236.56166021641528,136.8403730627873,47.022402629032705
2022-12-08,59.753892163992965,332.8740298483838,98.54874452404499,326.964578516156,354.75749735888576,138.2630226103273,63.80778557218057,389.27955946442165,262.9445304892824,250.7872011148972,509.71109416786595,109.68273118271748,52.93711448674827,111.18692031097177,590.4493496395553,100.56071312091271,173.62737029985743,27.221583430209037,102.11543351008005,115.33117138387506,627.0709222030789,149.9152427088214,535.3683963614571,190.91710155217527,68.25869374992504,267.0546387540016,215.14829202549734,144.72521019870848,191.4460298049402,166.46498938146226,237.12192887082537,138.33272106092608,48.6512892244348
2022-12-09,57.64559810794681,338.2907876925439,100.65967813418179,329.04739366034545,349.7493677003433,138.91068643617737,64.22639368605505,390.2286245104473,260.2158323342815,248.8977163396069,514.588994531637,108.79857573719883,52.34437237583016,111.00087095944787,592.0451736082473,102.29586205039026,171.24135414815515,26.47310260756725,101.38723456622851,111.00519838518305,634.8833852899138,144.94071902675213,543.4553029559336,193.22259653489832,68.49141766093258,262.2517038138701,215.4978985667732,143.12328462674614,188.57381534450153,168.39781079366176,239.75311448995288,140.68773948773588,48.43059240076187
2022-12-12,57.86496393933355,350.8099203130569,104.91812217345391,333.9209404045251,348.5154861558918,138.94238360056562,64.06199801776981,393.45515107090546,256.97189849924564,249.79688555817214,518.1059032718032,109.38546586921204,51.41963846840178,111.39004119368391,609.1330034752542,101.54902897525398,171.80892842372504,25.441813647414946,101.8999793896114,111.52784585688858,636.5618004173461,146.76569563367818,540.3204776246388,195.69520846744385,67.7952022574073,266.1938201190457,216.15982424470155,143.01910276600736,185.1962593968779,164.7247627623055,241.01134824836342,139.40930549524938,49.226355346883125
2022-12-13,58.22893072193375,340.28551969660043,106.52924434077923,333.3170126831985,348.4160326717524,141.60361116310224,62.74340876261399,388.8108206953384,258.3688574351516,245.74412008671874,511.5651873757181,110.8099121520384,51.3392523265128,109.38200033220424,611.0660178138052,100.89343693773075,170.43621765374422,27.48432108938926,103.05081266879698,110.86664181034163,648.6695859657402,146.05824225377773,534.5050200015729,196.37178733212795,68.22850928387054,268.7978082050106,220.41047418561368,145.5200262064695,187.3144948929703,167.9010898621978,245.1096118339472,140.72612039291354,47.97596846675858
2022-12-14,58.85941833493878,350.6856974555506,104.89429849138956,331.70052889124986,348.2632571640176,142.10466369741053,62.23011858588521,389.24299021893,260.53935310762307,241.01402543512944,512.359397927517,110.3278536101425,49.821678239913844,110.2319147960977,614.204929295579,101.17959182558008,171.70901159610844,27.6810333434825,101.61882349886524,112.5958296915178,660.9519477804382,143.40544752395272,544.561272095481,195.84086436639296,68.7498555468511,269.3311463160329,219.93826926147327,146.69400012044858,186.57867517340307,171.55112960917333,249.48631207669817,139.75510268591358,47.8498643551629
2022-12-15,58.39683330910937,353.6626766162131,107.65922290902294,324.5447557619778,343.09760778548946,141.90412238314732,62.41065926131257,385.4239606593258,261.3611645673152,239.35870550005373,507.59013272146154,112.17893391748055,49.53671727502981,109.7225064691704,615.5890077411378,103.01551277589893,171.66489885640544,27.352974757496952,102.77496786244488,114.57066041928489,676.9709160685716,143.3343293271492,550.0899917349941,197.539806324983,68.92028148838854,273.0406897364846,221.92903498030822,150.75559060758445,188.86124906464198,165.10435117212077,248.18924149958764,136.87387550416793,47.358947742579424
2022-12-16,57.94133450222819,360.4895971017935,106.76550093818915,330.72785205641503,340.72598317732667,141.1800460083836,61.26791379977764,391.7784290044454,267.9975072702737,239.14932400399135,492.11298837381446,111.93874620985837,49.76022675623205,108.81569837255441,639.2776727239759,106.14838338898628,168.2071703600377,26.68229969891919,103.70406692500801,111.99604159012779,679.6956508536878,143.3760965095043,549.6825603831495,199.7348478157798,70.44273901480264,274.25241410679394,218.35505461025582,151.11236084287415,187.5127023931871,171.7815315283179,250.68548503172903,137.616352637933,47.86703880617309
2022-12-19,57.90060732307912,370.5054900731797,105.60673812921134,335.0901002927399,346.6390159750153,139.1323029967725,61.58561495593177,393.7651863925619,263.60054053168216,236.03732045139068,482.7732275427922,111.92091432174126,50.15110774752702,108.29994614435135,659.4290142315414,107.95779382633961,169.14863764552186,26.439176188432665,103.86254597339037,114.66310573849864,692.9355206513892,145.62295080041838,546.2283698714418,198.691796080174,69.27587393958244,275.83535693561737,213.9485387685775,151.12400582818,186.5668166344044,172.54661202004849,254.88019608890556,140.08276884831773,48.42218652623935
2022-12-20,56.96789197559634,370.45337609862224,103.84120604659185,332.30549644142644,348.50037311944595,136.7177724557016,61.17409159767152,389.35175054902663,266.4205182162832,235.29908703454853,460.9092992615989,114.32641922282964,51.08266321525806,105.43983868069279,667.32365566782,110.69231525344851,168.81973473466448,26.52924063715886,103.2475474167165,115.94880523987419,708.0918211932931,142.72265191135196,538.2134935317474,198.9625581449272,69.55392442613999,277.09107114043275,213.43090409519738,149.26843934539917,189.01347194352203,168.40766225489176,253.22330017282133,140.14064813144714,48.810765735319
2022-12-21,56.61979193328807,376.66166758242576,106.45442339331396,329.68148738016566,350.03195580723917,137.34060602781196,60.86873389733257,381.46609755073655,267.989093865038,236.48245901864496,471.50017224038106,113.89785665666952,50.49853866050987,104.17792508837869,636.1550619864735,109.97799418238527,174.45472292090616,27.27455214935188,101.31657224424761,114.69549738047124,700.6461939286381,146.16887328903732,564.0847999545326,199.20874786845997,69.79435928017541,278.66763605118,213.4247300749714,149.91840860995455,189.19701591512185,170.01957295759158,246.33742082603254,139.29591007274533,47.883415974708285
2022-12-22,57.4690953922114,370.4463317976865,103.26391559826044,322.0518592925982,351.7873739231432,135.0680574490637,60.749371541413666,388.34507321123886,269.655697482388,235.39462397628265,460.0523157404307,114.58682425519375,50.40131515336034,105.00760740332272,612.4355548841963,112.05621180035186,171.0133243542436,26.99460076372822,104.07830888388251,109.37959854705532,699.5454112363382,145.50437931064056,563.7953332912655,200.0173598201139,69.82843160162145,275.0778664945524,213.7459972544157,149.92394726264237,189.1167922795315,177.22563748085014,251.06033582743697,142.66716125538784,48.15692256126031
2022-12-23,59.71472318076796,363.7796234999277,102.5685035180192,319.69006131200484,350.0003704412029,135.18201663395863,60.942094685127884,390.37633592579647,277.2250326446802,231.97438465697277,448.6001757008939,111.14103675925101,49.670130682532125,104.40574397335527,605.7155946759075,110.00561027808922,171.23559763374465,26.7740032481229,102.34287924410806,109.7414508846437,691.4417691897587,148.4066073010913,561.9074839874235,199.33665491643814,70.06803907248555,269.72906527345503,217.32965261517813,151.66708333121613,187.26232559189918,173.2877891553928,247.63414119728816,140.10371061550174,46.84867439574508
2022-12-26,57.90613643818715,343.66700643818524,101.86902661214732,319.2215136768873,354.8939372651573,137.62814647965786,60.28162337125339,389.5032123761057,282.15272611763595,231.04794694190008,450.19746349261555,110.34384147276704,49.72324058175106,104.54288444458275,602.42904107905,111.95342015289124,169.54362821477613,26.845606148953113,105.93054752554792,110.48069467289076,680.276421588493,149.30137605134513,591.4972602340252,199.47671660254707,70.75574315052019,269.86712742282197,218.18274551533364,151.54230087518664,184.89002165608068,174.58485067045635,243.53027345530356,139.56166164572517,48.33466891384878
2022-12-27,57.823830823365384,336.99208892563604,102.3822762501484,316.99233275529957,355.37806929154897,134.74616122817292,60.997153205676035,390.22490859428143,277.8398482538348,231.97062066256174,468.7783967642216,109.28823461518118,50.41686173778067,105.14927387795208,606.4157176844187,113.62779841821498,169.03360366573355,26.938983342206146,106.15039562518116,108.49601049181697,686.9306318728981,148.40151341004653,614.8022120637328,198.46653191748814,69.67254229439736,273.03906528321716,216.03402245969042,148.97201974021414,185.8794799332736,179.277255090061,246.13125840545132,138.55426957674072,48.440413547659695
2022-12-28,57.476034920964615,349.42914146966723,101.53704436151278,317.51995520484763,356.0933866998014,131.9634616817097,60.82759429339187,389.6561878351946,283.9954595260835,232.51848735067256,465.0798948085341,109.14168542086321,50.37547543934283,105.11486304899238,615.5698527347444,115.47511585974836,167.1144254674122,27.574280144935933,107.71395740146339,108.38379147280554,666.4166191205238,148.9546929711284,610.2921634588786,199.69081788124214,70.2331947605844,276.7986643075119,212.98993892720154,153.6588763564622,188.0992185734924,181.84581581320725,252.88358312702343,139.1527245798735,49.267295875478915
2022-12-29,57.69207582789201,355.9595566831961,103.91017112352996,322.13097815811375,350.4607859146217,130.993093896754,61.91256732199513,391.983367376821,283.86441647351285,233.78855247896905,454.4664116952994,110.29351532133116,50.728373036186554,105.25513153138401,613.8976011517087,115.92780208657848,166.6170619897553,27.386182757764033,111.50140786711553,104.79391038366155,645.2837506087785,150.9612916111659,594.8672298608467,195.56502532824152,71.10927162998877,280.4441892730218,209.28766266838858,149.79667502725263,185.2372313667993,179.33522912880926,259.8121075703674,138.40331628062665,49.94388596129103
2022-12-30,58.597174145616236,366.40645170911097,102.6712817335662,322.1993598856826,349.7124141393283,132.28557719862317,63.05855983309108,401.67153731613837,282.218763904709,234.21624766118242,462.7704856367541,111.21028815280359,52.31994579786916,105.1236899950178,610.092838838903,118.58024601559657,167.25461057400145,27.713363727361518,111.36641956137383,106.89178937809966,633.9624678342358,149.80742702611178,562.6452032497505,194.32873874625798,71.92535988387442,280.7036760129816,206.72272739151612,152.94609283942256,185.63277013987397,185.48331935017168,263.0243099377972,138.76726914336075,51.46373551714495
2023-01-02,58.13600690670397,357.9593160151533,105.97785723363349,324.91074485147095,355.02910853067067,134.4222607041544,64.63887335591963,399.6129924477079,281.4731812038761,233.8563678757322,460.9720718715698,109.07210267504308,52.49178156717248,106.26250899242363,603.5714790169552,116.83948128649365,167.0287318992817,28.193280341208144,109.10839163467764,112.34926286858901,617.2623925760334,148.37880572214812,576.3007146887192,196.38171061212987,72.7060941278795,278.9108104038829,205.37737442574576,151.12373110591,184.93435049124813,186.90433339837318,259.97340778244336,135.67651750396251,52.45792513941826
2023-01-03,57.91908324106616,363.91898114602867,105.36774950963287,327.3763033852727,364.0335372195455,131.68653081349765,63.896235825212216,395.8685623655617,291.0109564385656,233.91529084855233,469.59877440435616,105.52101907970308,52.862326542632715,105.7713235229823,617.2206969350608,118.11998932991595,166.24660236451234,29.179954685294053,112.69072730078965,116.0184809676428,627.2352971813473,147.69794357169226,579.1783560788068,195.5754186990757,72.92059775400107,277.38163650415163,204.94388499861026,155.88987089255747,185.7409058979825,185.31659193309372,256.1030662704844,135.5253746550418,53.10346971783142
2023-01-04,58.09565804047586,363.6191184839119,106.28331322061086,329.210337031265,366.8604340765829,133.45269002921384,63.81839225365634,395.4567147029708,291.10606603405114,235.3153210315024,480.7296259075791,105.12301419213271,52.72805134461564,104.64687989197544,602.7141886075739,115.7712437187311,164.3338719920157,28.767039371925147,113.71199932929494,113.41262952631389,627.607320914433,149.83085296674776,569.1950535570501,194.61784182122796,71.80446862920714,274.87347306837444,208.82192094717007,157.07037916110357,191.01719520110194,182.62330290529883,261.6363011029934,134.27289550043002,52.67661081007434
2023-01-05,61.588619169475166,357.2369675406913,109.6789015732153,329.18487126937947,362.7389516581037,130.05947857931204,63.9260949914647,390.7935842249547,289.8504650253901,231.0272711356604,484.29887243050206,103.13410773697743,52.69121295850863,102.74752903393832,614.7412018038476,111.86405694035629,163.8280501331038,29.12280845614118,114.52006909816207,110.4519465315576,605.5206401983401,151.84892793899957,567.7667572570815,192.48230012441965,72.53011137769835,273.4538928499465,207.00885663110338,155.17603641875954,189.2259158289039,179.7598784303095,262.92675794485234,137.0295388722211,51.49657971193384
2023-01-06,61.14794078969352,356.0942398096507,110.71666464211935,333.6521395229212,362.1957449382171,128.58330701195914,64.48963936626079,383.9998285743607,280.3516136594937,237.11976559706952,476.1825116134469,102.64479917753857,53.22333385761927,103.24548647549169,623.5998668146256,113.60643720642273,161.1084710911886,29.93990647112892,115.67083406031979,111.35399994225287,610.9840990463598,146.21630902558866,565.3140735927146,190.58175882244905,71.59846178846087,272.2456596395127,209.37577154775428,155.8633765560662,190.36088442287422,178.17448583018194,264.4004494391004,136.70056513662055,52.30358099822223
2023-01-09,62.07255987714275,357.44872992753295,109.02071902143369,334.9810094794853,363.2086303401761,128.87338093114118,64.03810459992583,381.43202754839695,281.8614797493327,235.21967478835202,473.6771132107211,103.46524591978064,53.66301721090654,101.67920117236244,626.6751263849378,117.45705626898712,162.43612667900732,29.76744492135449,118.63565456500329,116.70075171790886,622.154626599585,141.99494596317408,572.7597187464519,193.37240460704592,69.88027342264206,274.9401692057143,208.8392030754611,158.88023247458807,190.25337747340384,179.39843007924355,265.8219579990032,137.99947389499695,52.69065814012291
2023-01-10,60.89662596172257,355.54314208821063,109.03892044933063,340.62057281471033,365.16639958055157,127.36347676090355,63.167943673802476,384.3708806019538,279.85754961137224,237.0790828010235,473.1193670010962,105.45617030052499,52.983389243497825,103.67503174507279,636.7058430921852,116.63107704620575,160.8045391257944,31.04228024998951,116.61738876534274,117.47458218997441,626.7651681244848,142.0346347135152,582.3180219070108,191.53591214277466,71.53097335361556,272.8037088504215,208.47111089675752,155.68242092942234,192.8993632988749,186.2673821753202,273.4640402036403,140.07387863011627,52.37792346391231
2023-01-11,60.906052147620706,353.19104623299717,106.50395000701697,339.4039037379557,368.8026599794205,125.39590757255462,61.05064162084571,379.298461977206,283.56195110081256,233.18786375742212,468.46835815605425,104.99600844502827,53.24693604662857,104.02098619406891,640.8877622525027,116.36415443694804,159.06527354520222,31.65989557839634,112.7523575767648,119.45491539774778,641.9480122092805,147.80044284656358,573.1934132882839,190.46061929700272,71.59852668755104,272.8710337032587,210.8809449886537,156.90068129036294,192.09525749200154,185.90787851255845,277.1410109430837,137.8140983754328,52.18372557670151
2023-01-12,61.64078780194767,345.259125494617,99.38042082458354,346.11083423778985,368.7969990137599,122.59046819529185,61.90580729203126,378.61375348478975,279.08338199411406,234.14223419161544,468.96792042207557,104.23329261019818,52.542089248688995,102.62277919060136,648.5679100229787,114.03071733515792,157.61752117742984,31.734810639777113,115.97925638287641,119.80379106774375,649.9675619209938,148.07342808321238,584.2965033924268,194.4552155788922,71.24794226423464,273.0349351205526,211.41658986561276,158.1451401204264,192.49034131973767,183.91159444453217,277.20845983295425,142.26212418739442,52.45597926281581
2023-01-13,59.17763831253758,342.4417926046161,99.43600390381788,345.58511379488453,368.60247244743937,123.23820073270691,62.38653201255887,379.8749388466073,283.36552143297655,230.8069713695082,466.4918313181318,104.86286077661352,52.8017138519366,101.75091175564052,643.1630217552082,112.48888055618067,159.48093165002564,30.491893400626765,113.17916220632729,120.88671394251323,657.4739227691665,144.15820041609103,592.1122145752893,194.8824840248411,71.7092761645197,273.35886555562746,212.67829275162302,159.2399758135268,193.7307151705093,184.8100856050083,276.9727199852738,142.14086835368272,52.65780751216134
2023-01-16,60.23953315620209,357.4199837014399,100.50287427030139,347.4432139083203,373.49418410518683,124.13628276801118,61.409198413260164,377.00823225918964,291.70505315444933,229.28411064096437,472.07967310237393,103.60546165216566,54.04242985244118,101.14606133089582,644.1073170235272,112.08565378797056,160.47216419366785,30.610690308901326,115.19681767788111,122.59535108580157,661.474844064301,145.77767645103077,600.9675865300302,194.1218320895138,71.32755324449207,277.77059573744026,214.76301887102005,160.21448138324902,191.80975096994135,178.35556733581464,275.93915756846405,141.33330115670321,52.397140765787356
2023-01-17,61.356511478509326,369.5434921786372,102.7465917903339,344.77804170605054,375.7234050060297,123.05991745416003,59.74360210322423,376.87319170880795,297.62522094835305,228.6254048145509,480.3691083562741,102.7843506305772,54.728930602963956,100.83649814162018,660.0950602690282,111.52874191272933,159.49012700913053,31.607696669051478,113.94814392364302,123.16277211549773,653.8604938048136,148.09963096497114,617.6676353512296,192.79900753681466,71.8156540117635,279.6836219354475,215.17051536090193,163.80867073776238,195.66193512128305,175.359624879182,280.72511427096526,142.29222613158214,52.61060117205476
2023-01-18,61.059539925094526,358.01356608019074,103.34972844894459,346.3116730159369,383.891374977994,121.5818069234278,58.32733806855256,372.20150479523824,305.24406314725906,227.71394624968548,494.2563229267033,102.84419365585583,53.80773546932552,103.59238468668033,674.2578532263437,111.21745152792998,161.41394398187848,31.69752932154942,114.93156553723594,127.88181227839189,633.7340057878384,147.216518533145,618.1049721270339,193.5372151215007,70.77661653937052,282.3946296175033,211.8721186245837,160.946016362978,195.09995323412235,182.1007063041912,290.95200546883194,143.22399450571726,52.411699921678725
2023-01-19,61.27139755686795,360.73802878896595,106.40004654848487,340.8700999809882,388.8989012481743,118.4989112507763,57.91457914476416,372.37034948482557,307.315686485467,227.80389784177942,496.0626028337075,102.94878794532718,52.39044607577558,104.41258485127433,683.1654968380918,113.69961284588835,165.00516809908902,31.98641594858915,118.11327182770778,127.9422775494221,615.108682292581,149.65536741543286,627.8666848618238,193.59424288728067,70.74591175107933,283.8807706036845,210.94457889962493,162.0189322806726,192.86608852408654,179.19440561888754,285.74122769859605,147.48678885493737,52.4789269630725
2023-01-20,62.88405118542415,352.40715741339926,106.05257157517991,343.49648148818744,395.13809027387435,117.22720634471048,57.57235472099144,369.3223335076476,306.8310473654056,225.6166248174759,481.3787687415779,103.3397245543432,53.03906164466513,102.85366422080317,675.9282250610521,113.52974770074161,168.39776127982387,30.087697998800426,119.14954360072194,129.81690246977666,606.2351435680283,148.78675094609295,632.3445028509965,193.58939102965508,72.21537511974797,284.3035548777021,213.45991737466758,163.11772101142412,194.6646994520043,176.44829377634,286.6420505248627,147.38802778442758,51.87508126510195
2023-01-23,64.14906863540718,337.5003400265699,108.92691104132561,333.63388145470964,394.5701117127378,119.24944784588831,56.561714696013354,371.2245199238444,308.4508665437893,226.44354593204244,477.87668149313197,102.7820473947027,51.59665947194921,102.73055007612571,686.0227928547853,112.70246709295128,167.63584808962122,31.147311753451362,118.7978104426924,130.80509839797932,613.1416971114027,148.38882732874265,641.543237721416,195.67975412081526,73.01977884880175,287.34263446130444,207.55960303027206,160.44630923170348,193.44806938443398,173.68011664313207,283.87544529157304,149.12794508883096,51.970247935789935
2023-01-24,63.96898627265794,335.97376542629934,108.10651270533371,332.6787764615228,400.5422032506181,115.51907831269159,57.659274411321725,380.8816358590974,314.74109667460846,224.3356456444526,473.03510646038376,104.19309692450418,51.38787370128147,102.05727820947405,685.0128344827416,110.67094756565734,167.42067393754735,30.349121564382113,120.48080317280866,128.4864802535577,613.9354792215764,147.28922000456697,646.7866346622254,197.44391277066745,73.29213350264526,285.46480673457006,206.02031048436595,166.0209572701714,195.89231351564536,173.00124539630917,281.7082282702287,146.39326144193478,52.93887299825054
2023-01-25,63.01042672015328,343.8314521450279,109.90974421409389,338.830377274127,403.88354495888115,115.0930561433077,57.679318589180994,381.1679165416705,313.5153311326771,220.86080900336708,452.19171199694244,105.25570773596077,51.24166203688388,103.39630149394254,680.9623256321665,110.68411407436369,169.30595781858884,31.394588132258413,119.77324161467727,125.7912417994106,629.7061933417416,146.58895346557014,640.2687873364457,196.66841366282134,72.68948841148385,287.8186656696025,202.35639036907912,166.31400929485625,196.59170121787892,170.9570966723026,288.1107050866031,148.13831003551738,52.553245324608966
2023-01-26,62.87484981445195,350.66230948055056,110.1151802171899,345.31945048311496,406.41581419286854,115.6314009165386,57.89728730888312,394.77564113479605,308.6428433489365,218.57902612282842,449.90966227613626,107.20555073104283,49.061554076289255,100.81583153525249,676.7171170143291,114.60084148087174,169.39900417873514,30.61910013926046,121.70268566208219,130.3321870800715,621.5674001601525,147.74069832745747,642.4457989267439,197.91794884004173,72.31526067895747,289.7703332309834,204.70620383027327,168.0773890786161,192.59774041397688,166.1534560641069,285.4527676538729,148.6808955883618,53.03891162324586
2023-01-27,61.479426876710754,353.24932966663334,112.21217061588199,348.5191879939256,404.50708778267415,114.87532188587741,56.78789434760224,402.5904190349676,311.04422917468554,215.21671621050868,461.590664281723,108.16094377967748,50.13402437960822,100.08467095842367,672.2907463841042,113.10500827983465,173.71968168099409,30.293771942493166,119.5114297455181,128.56094558394017,617.5330631040366,151.7131233622853,646.2627773850123,200.57169928994458,72.58395413913495,289.38057445044757,201.87280704433914,172.01677517358866,195.1377968203255,169.77109350876145,289.258037786591,147.34263695710422,53.273203355223096
2023-01-30,62.93382214811046,360.6572200871112,112.59103692449969,357.9103064639225,406.89882833977447,117.66391216236354,56.96478651466904,401.14308576219014,315.90872293943073,216.87582709366768,464.9405510893322,107.05781344530317,51.063067058561316,99.04716674032605,680.8024689003474,111.11135945685437,172.0381389386532,30.49132369322814,120.87077192112531,129.16657623403714,610.9620381937968,154.625403510327,648.215275224163,201.03973973063657,72.47016479697784,287.42492207976267,205.01595327095765,170.48906978747763,199.5168329349026,167.01121687034825,290.66294685256196,147.5025986731344,53.18045153798955
2023-01-31,63.866664985205425,366.99243000742325,113.81580045629181,353.00930039468193,401.92227827710275,115.08571911943073,56.762868905209146,410.77289701422376,315.7642187003131,221.52103494851133,464.6104357551493,107.32964518576716,51.62645820093,98.68141369082986,683.3804123313618,108.07778363176364,170.28848580513537,29.405392834433968,122.5896471386994,125.48303821863168,629.2415627364124,155.58013998807817,661.5092873040176,199.72857415497936,71.52832285747907,286.5570579073577,208.03183448614254,175.79407097551814,200.89670088339452,162.70050239043218,286.84863934251393,144.70487573534416,53.073554051227596
2023-02-01,63.496295557864734,366.0355532921249,111.47518291811235,347.6681962991211,402.40826209228317,116.10876984428721,55.76940051193575,413.1153371510945,320.58978499068644,216.57016082000885,480.1640025435101,108.34624228910288,52.53187188713005,97.3618263162275,692.1409852792841,109.69745442261411,169.0289162720726,29.911583919146494,122.28728489374977,123.85530120384692,626.8271100052389,156.0424592700707,657.3670959529827,198.12197415461023,71.88626344761754,288.3012238008686,208.48253483096713,171.8131270236971,199.4610858488406,159.99474923357158,293.95745085300297,144.9529680900046,52.83672229957995
2023-02-02,62.74888233948878,365.1739423810419,113.16576714047751,339.4350267907617,403.4806520848706,115.0660858996729,56.13682831696348,416.9590636170907,317.2103522979629,213.7515097095203,477.11241497762893,110.18849452028255,53.33868749330282,96.8899909904866,685.2432808262085,108.71456797252556,166.50678755588817,30.4297185250474,124.60479161782987,122.84960813637525,620.4975738864867,154.21992576831343,651.2208161523154,196.64586758033963,71.77554397311616,290.71531646311854,210.46075883622322,169.80914680741716,199.92120661863535,162.06737139573434,290.2298271941231,145.24585575505822,53.896418035347196
2023-02-03,62.42820198161475,349.7081858039472,107.7406172859026,340.9582335276011,404.0220254454895,115.46829415299007,56.556364595448,410.43418771380794,313.3190359044056,214.73948634578306,484.50307333642996,109.88453722245553,52.015582830899895,97.35040493096272,685.9019512925627,106.86591586106309,162.70235646466634,30.813955771916014,123.15799080929402,123.349568282185,622.5646587788751,151.26180932875332,657.0387653252194,194.92398700353766,70.52941210905522,286.15647914318487,210.49065120981453,173.78930583250656,200.09692799987928,167.92183038565446,296.25407825053793,146.2496949777489,55.30141414787229
2023-02-06,64.41936137131378,358.8550559037394,103.8581394934226,340.0056054924089,401.1214477745572,117.9493087132749,56.30254381019246,418.61405624622597,313.9171626780468,214.77262967003847,480.67724097014536,109.68211694126082,52.28431124753101,97.28319079309081,680.9158189913583,106.17471076703751,166.2712279751178,32.18225512329069,122.07149672150395,125.60985291057747,612.1145289050256,150.44108545686808,642.2184600592137,197.09211429930855,70.95975315918223,288.2320387887556,213.0786034497872,171.6861039755642,199.3332517743524,169.4187365895556,294.9309419010765,146.40823681207158,54.590804613341014
2023-02-07,66.2869928406895,366.33452494446254,106.44312502546961,343.11561722334795,396.5433287603811,116.9430570576234,55.71930218084892,417.63363623455643,319.269946663431,211.76054533171532,474.8423395655714,109.18843764023688,51.09478124809239,97.56885536198433,677.2964715981636,108.1357586515455,165.7747138645441,32.509424910667946,122.3641645931337,119.15765412127745,594.3126639381645,151.44073882725326,646.866370145843,197.00591836058473,72.11586844073561,289.8417383662938,217.70070191769588,165.7832237629553,203.90280079587467,167.38825741222504,295.1342135753147,148.70954528472316,52.747430828087396
2023-02-08,65.93631323086505,374.5384512993111,105.19247990193901,347.4274754637471,399.49935091674286,117.31245937229889,56.228057528665275,423.8205107060661,322.40314243606315,213.805920154957,466.16844207307423,110.05437032367719,51.560792699733845,99.06588020739444,664.9568448203892,110.06430565719457,164.10798540734265,34.20635407256844,120.31519173365764,116.24491481499965,590.8794032452267,154.177915809003,651.7824463470529,200.59020473081705,71.88021711344132,288.5550564262714,215.58531983478085,164.58550599229295,200.33982794387902,165.24510260394857,290.29388230234696,150.13203704110427,54.03941934768995
2023-02-09,66.25767210863465,369.24864661228577,106.77256770207632,347.3670512855169,403.93487774111696,115.3365629510406,55.500369856136224,427.42117157322457,322.4018385417865,215.8662465337641,457.87088909034827,110.718232893448,52.083973718711135,97.06853728158687,665.0152311045849,106.51267383946981,167.01547305847993,33.249439446740645,119.9014995940091,116.24295125816374,579.3462007451011,159.11383615052236,642.4144988076318,200.07692970961884,71.3139406967528,286.6759781464184,215.30726706004938,166.30373051887707,200.8234785417961,162.77381057726313,290.36778775609747,147.51671062942333,55.09596512051522
2023-02-10,65.55173058333601,365.78012538515287,102.80012470348453,345.1562747168253,411.3414325704182,116.62941472097909,56.43714829938639,428.17535492547205,309.5155175005809,216.1078056415608,459.7954684169933,112.04203687283044,52.06921322822712,96.09014877983266,664.055111924425,105.93335964364785,168.0907076609143,33.18536738181921,117.66368115313577,117.66442291497792,570.672487105232,158.27962285022525,636.2263755330702,200.6367306510832,70.17954516194759,286.9001004280536,218.52265664296596,166.58227376083875,199.1759631186133,161.59734517665856,291.6675082004623,148.62117902208232,56.46730867700138
2023-02-13,63.31740677150808,367.9947492173285,103.2055569743823,344.9701764104734,412.98979306693155,116.15795438611717,55.604265689739805,429.38782607106816,312.7823155043447,216.09980765628555,470.08610235296794,111.760644293234,52.5171894263561,94.0966209545972,688.413463822347,105.55477268355484,167.16872883633593,33.00052853374316,115.55941909762883,114.78392668889077,571.287460574663,158.60402943274272,639.2928072999174,200.62257200022975,70.1317064357565,283.5930673682697,217.12489833762007,167.01815805572522,197.8693514005022,162.54226368206193,291.217799314988,148.37250665127453,56.66343605931023
2023-02-14,63.98586705375139,373.79763841107626,107.33489633866104,349.0735494811401,406.59415708113295,113.91619014736263,55.38178609210346,426.00897434146174,314.8031073667196,217.25644811799614,465.35282312637963,113.52034931903654,53.913991700801944,91.86129627344057,672.9480840195938,107.47877233573139,168.93234920756245,33.367599773481636,115.60512259114934,114.54227744623147,577.8064165662854,159.09749743534186,657.2079454583856,199.24131279726438,70.16838403577682,286.26568567471185,217.6495393067859,168.68941477007567,199.62341873843692,161.1776068613692,287.20083895311666,146.96510208210196,55.67716183723517
2023-02-15,61.501084564440795,382.85449270990256,103.46359967534846,357.9392773228211,404.39100187988083,113.3556570540532,54.14386789486839,428.01887445545856,313.615737674344,217.48128413213362,457.75254789999286,114.27359607438834,53.148926321830146,91.97590150874586,678.0378157271497,110.07271146738084,170.5860848084905,33.43838656795815,115.60883465544266,115.31904832890417,587.1931821687208,157.1163979990842,669.8929026841641,197.33569096672187,70.57279070753556,287.9551295407366,215.71837508539002,165.04725756246577,199.01475643252869,152.96623681888187,286.58551485629073,144.62787254799284,58.57836501726476
2023-02-16,62.918047137245075,383.5836301872792,106.23742888096226,361.43375723115963,399.4782489806553,112.09267052842894,54.99213217100373,423.7297992926193,315.6657880904658,219.03062625764906,455.25966090018335,114.55259905464297,53.96150891743654,92.9636014276208,683.0151557062995,110.06457826251919,171.81318604756734,32.01102804927762,118.95564095969745,115.0041812541396,578.4486168576218,158.74141471687764,678.0674337412406,195.3668954850025,70.65140507210204,288.1953434509646,215.6768878682865,168.9883160975166,199.0329379090124,152.57441183337315,283.97674780558606,143.11268178517645,58.958983747273386
2023-02-17,62.29586255676626,382.15934872369445,106.68317459157593,361.8655449270203,400.1357858805507,112.36987118655203,55.51563804203608,436.4150956881897,321.9135538442482,218.34182638544948,466.97080738868976,113.08542956603466,53.44025014418376,93.86491978248685,690.5403244283464,111.1668598205725,170.66541083874196,31.614386540090937,119.27788394293275,114.39824822667555,589.3273316070062,158.01286587905747,673.7618125690936,192.0953558256872,71.41434672668186,289.2606546768666,209.13851130630493,170.12158351134389,198.0775808707914,154.95041140200917,283.65792399851256,141.65101247428294,60.64842329250065
2023-02-20,64.4351508569087,380.758871199391,107.4984006463778,359.78935693916736,392.9893528750523,115.08871095984883,54.86151205345246,442.77758123369915,325.5561287243354,219.05661765083963,466.56597018834077,114.15543698477445,52.58216257147862,95.57387421698931,692.2231888983308,113.93114718100558,170.4623040314824,31.717594702443193,119.90644379918496,115.81960302165994,612.0015199269086,156.85891517783347,672.011249162084,192.11164533396314,69.49196022771409,287.78924765493616,207.79380029892351,176.7363601194206,198.80718401108814,156.48179034557256,278.0031809161093,141.56137367458578,61.58577725756286
2023-02-21,68.00923106751846,375.29685051385604,103.76462332664788,356.22559569337153,389.84464444252535,113.52597184051567,55.61921398188777,444.6624247215944,319.94414267334304,222.23963308238112,485.3946645977669,111.76448443642542,53.71567695300745,95.37506405224629,681.9644203481319,111.26986825929578,169.59801784679956,31.36641317730453,120.26902254195181,121.2435417264513,605.7308028502673,153.17332932524093,667.4155222328726,194.29399679282483,69.30849648563101,289.80704345486805,208.3116355767819,176.94450851144381,202.9805625077999,153.5002722771529,274.09208145419296,139.9256452288589,61.93878930642756
2023-02-22,68.09508740389619,381.2322631910295,103.64049477166044,355.42454612514973,391.2970111946997,117.07129196629576,54.66424092008803,440.40191088366623,320.2509954611061,226.84624220381866,474.6354481589107,111.80645965271938,52.90304771736825,95.90292985053361,659.9004837084927,109.41722065597395,172.2138867644719,31.378143691905038,118.58080300941342,121.13596402641872,605.0738401767908,154.65600634156155,638.9215998737393,192.2331749374096,68.5453404339806,291.7745040812666,208.3325476934988,180.6935617604772,205.2297633105442,152.45069825778495,273.9965574356264,142.32292511436242,63.40737618316969
2023-02-23,67.96379446931515,373.32873966873814,99.48192774033323,345.7595438642823,393.35474830578477,118.04281988380092,54.119337833989526,446.9597314394905,319.3132133493593,225.6281400120666,486.39389776299066,113.3489809238034,52.87407485521111,96.58779568971806,666.8278227808014,113.39115569404962,171.99129208029288,30.591492811208433,120.03679350771864,121.30709608536166,606.6212055261342,154.59096361477538,617.9176389426915,192.82022823657906,68.27360824512242,291.00618762339514,207.2502512514735,180.64608003304104,205.99095715178552,152.364761889398,278.5396221365621,143.75376235298805,63.3377337721193
2023-02-24,66.48204922912261,378.1721537476112,98.89802744101955,345.0959892999289,387.93277137989594,118.93981075675104,56.27144235268419,444.69466069154186,322.5485318629853,228.52162510027372,481.0993335637473,109.96379109137202,53.552417168160886,96.7090029919367,670.253626521155,113.50852787333805,174.4004101060994,30.532177038323045,125.17299973630541,123.13375596413945,619.6110425242229,154.62515328139082,622.0342897396387,189.4636072602718,67.82663675753584,294.3004729960567,207.10105786456995,177.80755979746215,204.25694329813945,150.2839910116546,278.48379564788394,142.2304267129777,64.82876905109437
2023-02-27,66.78686042557648,367.06085357037625,101.9564703041464,345.0060655385126,390.11407195472265,119.61249830048682,56.630927007634774,443.23302959431004,324.32835240198153,228.28311648949534,484.74927403924823,109.75967312308208,53.29644961198891,94.85440330591302,670.2933508325706,113.94150804508784,178.28435813252156,30.856222029728865,123.46495109601692,120.51335079512207,623.1956443030178,152.69809506943866,614.6872091638796,188.02628022270156,67.58237179221948,296.61536015310577,201.63006379687394,181.19511606418206,203.7925682084506,148.40333048847285,282.04902279051646,141.87569753912018,63.73867455938432
2023-02-28,64.6540722764388,372.7476749680881,103.51937119367079,343.23713895157243,395.73856046900534,119.7015843475896,57.776208818022376,438.80677840740873,318.980750180558,227.22508504132182,480.71124930193383,111.43320800554879,53.59525184730637,93.91409403039273,670.5086175911439,113.16307100763362,176.64867359053926,30.808258953365236,123.03578622999062,118.57551165817115,613.3884990592794,154.84207776478755,620.2512993280485,189.96477590279702,67.37497907935591,293.53535072239094,200.10562746250585,183.94040918223774,199.70867844890577,152.73256178552708,277.81164822100527,143.3458017268933,62.693857750195214
2023-03-01,63.843202946954605,356.65594150668375,107.38841468656982,345.98900263345377,398.5068857897441,118.6517776264727,56.98168586410635,442.7797310631787,313.1149360833875,226.94780217688475,468.2993531085755,111.66498990613606,51.816948606666145,92.09024438294009,661.4410237980145,114.32106590799508,175.59053101116285,31.477221680778136,126.65871558778129,117.80936246658813,595.0154139348535,157.41953535273214,600.4901475208156,188.2149331176327,66.04315264561106,296.5179483962895,201.70007025932395,188.3171134918681,198.64760404553041,150.25268072024775,275.88050040188443,140.91133596498028,64.1755780615219
2023-03-02,68.6362889372428,351.2395617285346,108.6775734548215,345.395013640418,400.4727460135533,120.95739734543427,56.019444987386116,440.66991320075783,319.18122268991505,228.19011081360455,471.5091793705588,112.4471746486478,52.39995791849078,93.54558133437624,669.5626688585602,114.24209971839585,176.36621881265927,31.436678022920656,124.87888554022479,117.69026017667953,593.7481987079781,152.96163121611644,610.4288155486355,190.15697018885214,66.4930868216043,299.29549129567266,201.2573568855036,186.98941039774695,201.1585578820336,147.12432992829272,271.7991557826154,141.75968622321696,64.62278590258944
2023-03-03,70.02459825705823,338.6067773894261,108.50134072291618,340.3645952075666,404.2296944533877,123.9199530179827,56.450975595618594,438.18842002800704,315.55383936702776,227.36117288629484,463.28505288835237,112.27623522195603,51.72357648991249,91.85035474152006,673.7493570216091,115.1156297121602,179.97685752913412,31.14838022436141,120.44696527567643,119.7609831228824,605.411016071573,155.9741198486641,629.701331971303,193.220311925485,65.74376749745184,304.1135708851735,200.4021627778793,189.20023898769256,201.90216482430233,144.30784777234928,276.32714342857474,140.94798251901005,66.6151142260981
2023-03-06,68.89806842430151,331.4478294541342,107.13009042235993,347.31482789454054,397.60116079149685,125.9936686184811,58.0298172304389,437.5845057720548,313.7123772405325,227.63875110262285,452.53544793137513,116.1779062248717,52.36320330414694,90.38044205893246,665.1979186907142,115.4689142964285,177.29805789797834,30.15478157850158,121.15121334985423,122.36382187466813,617.1426011402089,155.83304491523222,626.1287177603201,193.3814938880431,66.54628215025959,300.4464575700739,198.3393930152716,188.2340367540343,201.3443992188732,144.15432767283554,276.32577555620696,142.2131857785921,64.73571733972318
2023-03-07,66.58431119757047,326.8281072184467,108.99431385409324,344.4389898470241,397.5075576885669,126.29799660366056,58.31187318303081,445.38588381618774,317.24929202281385,229.9927546820151,451.33209530551676,118.43361848098866,52.4493977112034,88.06420517247935,691.985274044281,115.57198499277305,178.4523704636034,29.469750701269874,126.39880598913214,120.32558047510818,612.3739882925095,151.85525325180996,631.0138463634572,192.86278034500617,65.3533751076948,300.38121165051126,198.6311955717416,187.62313466978168,196.7505686800334,144.99329123713045,271.57737899275264,143.8913661290465,64.1586569030298
2023-03-08,67.92754769060372,327.0394626108757,109.1666718646708,350.4516314129509,394.14169657308116,123.83387980893335,58.80619754270558,439.2135967550903,313.3969907955368,226.52889682032938,462.3262810702227,116.99272143457901,51.86144387803617,86.57431968408237,687.8287909110148,115.31828969329737,180.24191529641922,28.642638943828675,124.97086297982872,124.03609886943752,625.8704711175426,150.13380190695642,630.4149330524672,196.97115516741954,64.44984085143064,294.78999166829516,197.23043103577194,187.45499322303132,194.79836622456457,147.84101381493215,272.46951288867183,142.79209625913037,63.60375143342168
2023-03-09,66.85892800049255,333.0716271385125,108.1905733779762,345.06069849130137,398.2924610394916,123.22889428474167,57.62550467069875,447.77272750890097,316.51250026137274,226.73005618467874,460.2777897029891,116.63522119265711,51.60373431131546,86.27475603863537,681.4660394064928,115.13960610179168,178.99739178495133,28.7865863127667,124.93763826449296,122.2111154647253,624.8869493526221,151.54106544750638,601.2088939280274,198.23503792682192,63.534261196178306,293.5727542135513,189.8477434337655,189.03899668150117,193.01936329558433,146.38134391443566,272.90756852121115,139.20860688339363,63.673901201661295
2023-03-10,67.80106186757347,334.4425082671978,107.38897622596173,345.36949398835225,398.05238856386,124.9416815079056,58.72658785110141,445.97098618460467,317.7639417050576,225.33617415754705,464.2994606180245,117.37826435643548,51.469847635280345,86.89259196162051,681.5980069790853,115.06507817034992,177.1952141329685,28.89900087860952,123.58082093810388,124.5054159206356,614.2019051473316,152.25117779363615,597.9728104908382,198.8508023504807,63.509711857895255,291.31052477206737,192.71776426334503,186.70420712021286,194.69022965750094,141.5216971191775,271.9033801277478,142.02700609053036,63.39470193624872
2023-03-13,67.94922471623768,346.34915734423817,107.11997764548667,346.6806124478809,400.7125206215714,121.87715285826327,58.306967636848036,446.82298975535383,310.00463681490646,228.50563441558086,471.6942490596425,118.34748117528045,52.712749334282904,87.75425481900126,679.1921232330689,112.05273654268878,175.82311441650486,28.49841427626451,125.08212378165116,124.73089158799375,594.7309361305424,154.52143753405284,615.0103080829379,202.03287139457922,62.679499409459964,292.3849868045682,190.1433840832108,192.0286673766156,194.83516684508294,140.48616099568332,269.9026176061547,142.67047297437725,63.935158178124084
2023-03-14,65.6018425534921,357.088120365719,108.1470117843707,353.26016100919765,408.183706819082,121.6702203490551,59.06742257328907,444.2193046146283,307.83493513501776,232.18402152427177,464.45642683607866,118.70300201350298,51.887255923725995,87.00486058765684,673.8206419415662,114.74926081724813,176.93446930792572,29.027947111710176,120.83643631324965,124.83383145853794,590.1691543164621,155.8358200756761,647.0488003088731,197.0513838342807,62.99803538910771,299.05298294530394,188.8697770529539,192.499552557315,196.607738644832,134.59185099221892,270.99899757912607,141.2322309353091,66.10946192253661
2023-03-15,65.31901552696445,351.76759246925764,109.99230340483554,355.68185269035746,412.1918570376197,125.9559192863574,58.557764396630546,452.90690353116184,317.13595303384574,230.52658885251176,457.97508294725003,118.83396850714443,51.72235709071246,89.03397479191221,664.6645951830301,115.22470117491262,175.39021153814417,29.10124514117444,125.93621167075803,129.7845317974691,594.9514554824071,157.52864346155758,653.5673048826095,196.47614142924928,64.47347124167558,303.17222221046194,189.50566131340526,191.95913887433665,196.29250420570085,135.5044138990534,270.9593238366238,143.36414591199747,66.63334495500864
2023-03-16,64.00666829144002,343.27393809668905,112.18618432423641,350.3806899962873,410.74359847531383,124.97143584498924,57.48661414703995,454.67210985508507,316.61992150988266,229.1767735989658,478.3748634170695,115.27655333373131,50.95261028858715,88.36681421993796,650.466120852141,119.570882909269,180.13968120886088,28.677828576680213,129.0679924718794,131.45451072888582,615.8637612484616,157.25934709765986,659.5971490944576,199.46634298686212,65.46104369920793,303.77279960766924,187.13585823465067,189.92532986827197,191.744107433635,137.64558804033828,271.85514468612973,143.9299490217815,66.61214127890771
2023-03-17,62.46666468859781,345.71960530815164,113.56092387550181,346.4826040974146,410.7027502452641,123.52787407580284,57.307369156990795,449.252040719226,315.38955198498127,232.9925852657683,473.37599175427334,114.34069068015098,50.413868250042746,88.15929309688298,669.4867171856355,122.36544590322478,179.88056980112972,28.286078576190278,124.79689193919168,128.94040131445607,591.3062536551412,159.2658055682054,678.4789413596613,198.7344604122766,65.7815195954659,300.6146978833801,182.3156242005667,190.13403433966883,192.7598633122351,142.39339754114465,279.88540004830367,143.43618737894786,67.61525123455824
2023-03-20,62.89679440534243,345.85486724332253,113.51100323801074,345.93620901952534,410.3393484384635,127.2938636539855,57.498321943545754,458.15294557343253,311.0737391644773,226.65818578469685,468.81161599338657,113.18903817289353,49.10971180980426,89.72383283754466,655.415767001182,123.55306617040526,184.24496646681027,27.594849539088376,124.2673551933286,132.7185941211728,586.3707709516628,160.18489363701033,687.7406496237542,199.1565934214168,65.45115872282898,298.4091681818973,179.66487310667688,191.82555976312366,191.20197970666078,145.8240708657408,286.2545705374361,141.32280381170153,68.43933266439315
2023-03-21,65.73842387147496,339.63561849360764,116.25304929581179,348.6499479119762,414.65441786361225,125.57804200053944,59.1710336591558,455.01364909026694,314.31452408147936,226.61413818276816,474.0951625736462,111.83931456653436,48.06647309865901,90.08638576171245,651.668371081885,122.76262407668867,185.47737309379878,26.720186640564904,127.20635921994001,133.0682835142311,595.848721260174,161.6435666617997,696.2952823074252,196.7077046548127,66.3864936194888,299.36384264701337,178.5455969228377,191.53845154524615,192.16242027623343,146.35054359388883,288.7472165585863,144.41679649731375,67.29972725164663
2023-03-22,66.81050996888169,338.9647601349937,118.92560072329468,356.3865319398031,415.6083145390028,127.00700504727013,60.266444246908385,460.2530741521432,320.67365656620706,226.04487155852274,468.99422396785087,110.2913556571667,47.91741441044036,90.00240678971934,650.2653581632285,123.77085240802644,186.65962282142465,26.686926912694233,128.0805053611596,135.44256359088442,586.1994867448321,164.24367983799849,687.449758386855,199.77851989551843,66.5386734455291,299.6939329495522,174.30091734465262,193.41269423526512,192.46509941944117,146.86115257804448,288.471425570465,145.62075245809976,68.21686210636423
2023-03-23,67.51423001009864,348.87251204734764,117.29258788694742,353.71322575766936,417.50228669387,128.54736035615863,60.74180099906895,454.0070145031357,314.77973608030544,225.72963088899613,451.7698821052349,110.71329576483258,47.87136927150316,88.92537222088392,644.6415577322952,124.01000539887342,183.45065674637738,26.344862570881933,127.45753245009976,134.59276057017453,583.0479800489599,168.0968216621589,701.3880182214896,198.4829600815214,65.74148418154375,298.59263121100963,177.25591232907695,187.65542526957148,192.7398052392334,145.96682630328095,293.43264352754545,147.5151787754751,66.61119382034377
2023-03-24,69.27398590911938,331.82392776032145,118.74628130915772,357.15228404796693,425.1705313661433,129.08905283284307,60.146204067708354,449.22141543945617,322.1749569199597,229.64623140935845,447.5487253131026,110.8001904345651,49.065176190404365,89.86225576752096,642.8094069644001,122.49735436384495,181.68723246345633,26.89927761730321,126.58531833191515,133.44453287949642,590.6220942342788,168.34551127733792,707.230601836963,197.8616709961895,65.47582972543746,296.5398797015195,178.99993079780134,187.94083002913948,193.53610639597503,143.03875769298278,296.394458854626,148.14125870793404,67.41437604207732
2023-03-27,69.79586521485373,333.9959234055069,114.61154358318001,362.7185376329744,419.30206942595447,131.543702182594,60.087129896153705,441.57382761490095,321.840928739999,226.36408558727442,458.0307741604236,110.13163088834453,48.18225983279853,90.6776511207151,642.4655213944918,123.5597880812903,181.48899246503905,27.586595387668936,125.63573479865077,129.05381382680076,577.5099932786458,169.6128345177966,697.5636022714081,200.6202577002097,64.58853824704839,299.7182849015241,177.98591020174402,191.5568462221611,194.86775569971192,143.5902313373231,299.2555041969475,150.54777248062118,67.36479031888537
2023-03-28,67.05529598292156,342.89002471063964,114.03655560629497,375.3984315357314,416.69658441238005,130.65435812658524,60.76824184473515,445.4986647538613,324.083541943311,225.2119304866109,447.0498169066663,109.24285764821506,46.916559213757985,93.2333420521665,632.1080433993435,122.98457355172252,183.02092652490174,27.594461162204375,124.2392940894064,128.657532686022,570.4015090991101,168.8999956238928,703.3907228412203,198.4922930395433,65.44579979976011,300.07457492969587,176.61729855458066,190.74855663695044,197.8866447058209,145.94954732828768,300.3613159157731,149.40533089141667,67.99735125892975
2023-03-29,67.08353515840547,356.1971475838851,113.98627475206351,384.02526444437314,417.64941820949656,128.24172927051703,63.85462588870174,438.6837667450281,314.28646019497813,220.73637931782204,473.39609380440015,112.28841585053071,47.05437897144233,93.7944636647151,634.7415838894077,119.49439159028671,186.2393060263319,28.40470401759035,121.35734053068646,129.56386381298728,569.6633962219881,168.31386530008672,693.465004517335,198.3140104358676,65.05620566716274,303.4307395111309,176.58399069431448,188.91939334869357,197.89184359392797,145.542707242166,299.69681400659755,150.75245002243926,67.69787964704143
2023-03-30,66.27635923506708,345.99614453167715,114.0007961647161,390.5683218533803,417.1823520115252,127.096510828855,63.1405814001373,430.66107868738675,320.24126169371226,221.89176087659126,481.06865411535625,112.70391822893127,46.401978474188226,93.415833307589,629.7678100656622,118.69971858652025,185.38683307396033,29.09776644099852,126.18784376430959,127.19157362554225,567.7979499702565,168.9531465833888,679.3533424332281,198.4818360171242,65.34957120034888,303.33311486072716,178.12355191968763,188.97688765992507,190.79402671060785,142.79127798438398,305.8475589767407,151.8022260269691,64.6320934152184
2023-03-31,64.17590633469365,351.5569805045713,112.75184890336668,376.9250034595628,422.0149139759978,128.78236279301825,62.36708173773914,436.80281119768995,316.38919823885107,220.6250135091529,476.2030609968979,110.07658359785222,46.761353703249014,94.08617773212377,625.2531934012926,120.09375690491002,181.99041818213203,29.538577861839393,127.00282327526075,125.34627137854662,572.8212938661103,166.4608162511433,695.4169103237643,199.64751079617082,65.65365270365737,302.07004299065403,180.0375381204384,192.3261644956175,194.84849637076232,141.25363765035053,309.4642552603815,154.60678349406012,64.38266177621546
2023-04-03,66.14356085533055,352.8869432457623,110.55192367242722,373.5159531062508,415.6438523771652,128.7043518285551,62.22424840870485,437.9187621984463,323.3221006153549,220.68418497711355,473.54548034526584,109.85301804823366,45.26097012347452,94.96862712967354,623.835266382709,120.26803411850848,181.60594446102192,29.62530414941513,123.86462855231753,125.35434885262626,565.823954825448,166.57783583411165,680.7704987693564,200.71719406449563,65.6906579517547,298.31185008529314,182.39453194991614,190.9694642605129,194.0194432876668,143.51691045006243,314.2383764343237,153.7020000446817,64.50557558921304
2023-04-04,67.12404624760647,362.7794663073136,110.77737263197915,375.9951815789022,411.6903372267617,125.24705362560663,62.75098262532133,434.26275736273874,318.76745370604914,222.1831320024253,472.08239318183445,110.22658322648503,44.255459723760744,93.83641925364203,640.417937824794,118.99848502308113,181.21688810479245,29.78316320055741,121.36655201617943,129.0277154703033,566.0401272071805,165.92858367804808,696.3247155281513,202.71827026233564,67.26958544353289,297.1451157499571,187.93050760260996,192.80563932469224,198.35549272306193,146.36152588591693,311.54459922095884,152.0742238544997,62.643537902655716
2023-04-05,64.30426854860447,358.1325300701316,113.60130597023489,373.6447483242277,408.8100947634723,126.85281142073516,61.9523172091213,443.3471980269816,317.56126932463195,224.3326354806856,470.1064180183794,110.31644284468936,45.168813635508975,94.14292608649792,656.0035926792199,117.50160433363456,178.50994735973254,28.68047358230926,124.35178637916522,131.53929102345165,563.0602747751499,166.79082743429578,712.2542674706464,202.36956685597573,65.89350027005736,292.1228138939693,185.19840489581804,193.1463952713047,196.0353338841205,149.40415645907234,306.1655611564962,150.73802017139747,60.818183942045586
2023-04-06,63.70194716777751,358.3102098511272,116.06516641461891,374.3710428542086,412.1414421394573,129.19030376991216,62.324588347718894,439.2128851838702,319.6836778928204,227.7534128924628,467.01583197834094,111.15268767525895,45.612803940271576,93.69752605655131,666.011769804403,116.781540965052,179.50986734236562,28.537029525381154,124.4791280230994,134.19108430252544,540.9172906427603,168.5660861701308,723.0099652383612,201.20218542025862,65.88919557237347,289.412665965396,183.23850627009332,193.95673831932928,202.84159697856305,151.39321486760437,302.6689343711208,152.29227718009466,61.401915461757866
2023-04-07,61.39763799563716,355.9938482093861,115.77506179927424,375.0892635179554,412.08651846035,129.54828838671972,61.46347067706644,437.85767672411407,318.453443924942,230.47842477322786,460.2499311352654,110.86353954426868,45.341531471590535,95.72679169568721,673.2343169347898,115.02953590063413,180.39720430311147,27.92320329590076,125.12711604660005,138.1623037042623,519.5444151825742,165.7227185864344,725.4543371133033,200.41994368237366,66.07778887602693,289.30413038187845,179.14640301593127,195.75377831669613,199.45722059814645,152.01624333398186,300.85980659475297,157.14512035942377,61.28675904710187
2023-04-10,61.867940214588536,360.40540708772187,116.57958518553612,375.0867113413255,407.83293274351047,129.29936841198128,59.77419364527975,440.4215460403152,333.4877474623079,230.98064984569794,463.5226761497478,108.75294395273828,44.70444378825131,96.89820861901421,657.9161900809596,113.6852465050344,181.65318702315693,28.421878410571633,124.88829637425954,138.53572852289304,520.959968751951,162.30553624385632,724.4016143295785,200.99062153031548,66.028561781621,283.9068621600609,182.94654434734304,192.76497450740922,199.71245744261253,152.9952543097058,299.0601586410408,157.6736289743292,60.52333786330331
2023-04-11,64.78515396347022,358.5043338935557,118.69075751076765,369.80924022358977,411.0701641154369,127.64689273850479,58.544873103660564,435.5076709520693,329.1844441538911,231.3347798439355,492.2383814700712,112.65726545263199,44.46558820328542,98.1687296893241,644.9404370038607,109.85895127079702,181.7640325123653,28.765202308784474,126.80558495542994,141.76883606079969,517.5219374301565,162.52203017897065,737.1097040905303,203.59934316835873,65.33868724845384,284.6376010484262,184.59790049320748,193.23132682418515,198.18976947504257,153.00757848841482,301.38046742521016,156.15189503719387,59.360076342248355
2023-04-12,67.71290553320108,360.08361543207764,120.9335363243211,370.96902298599304,415.7916321814091,127.84205886095324,59.068987796209555,430.4383765714065,320.2946410878331,230.34720541574188,477.7770887522697,109.72168850591025,44.72156938933756,95.89112452605796,654.9073176008847,112.49172841339522,178.74558560874314,28.950637809270425,131.43865733880585,140.3639720852471,524.2333469947263,169.2808702086367,711.5903434415472,201.47681718882367,65.79972584025522,291.03457957083646,182.86173812068301,200.16271279589654,198.5962153948888,147.13894343366135,308.2444365068088,155.24261417726075,59.80075986542084
2023-04-13,65.35813965340337,354.38959736658876,117.46585825224008,363.2776716805126,416.311832944773,129.1706127206078,58.59308685985029,423.8995198212713,314.0449066939081,231.2942947634806,478.87824657908584,110.31962088815757,45.99624974814916,96.65062664702697,659.3017321556347,116.94633926474732,178.21253243318276,30.490217292139825,135.10945246325608,139.4888601490212,533.1708797326938,168.68183959473058,690.4469772265375,201.51773492006703,64.67912092514267,291.84882541240916,184.88999477100037,199.6006125366034,199.25717248727452,147.77054017272897,312.0017530686734,155.451383016458,59.500469266835424
2023-04-14,66.49325003960057,355.7279194801372,112.6757724272286,361.7165759223683,414.10296856258833,129.527822572294,58.63462557772786,415.1128105556921,306.8773402533388,229.22520531974695,479.51822804929697,111.89179079285428,44.71869492764005,95.80410062644548,658.8844546538304,115.19618779731954,178.44060368186788,30.921422874532972,133.1835693607996,140.47717513359203,532.0275629085173,165.44022054595402,688.4648105494351,202.55057577498937,65.79844303057918,296.8328833332499,183.50757944426738,197.86985126383172,199.4306892993429,146.18681187717803,317.4325497038613,155.68310922744584,59.55948268870248
2023-04-17,67.42310339693061,357.08115941126374,113.38665750895044,363.10994194038744,413.54786816915936,127.44514406127142,60.20829436808444,411.20057713952485,315.04427497280363,230.09902829647962,473.51972659957005,112.74027352792031,45.365335998898686,98.05042468606781,645.2505120799334,114.94884075235326,181.4039720740083,31.431012841925483,134.45806596546322,144.98105582044428,530.1674513603009,158.85569427384087,683.2335337181261,206.9608878504665,66.05329138465747,294.4734521434529,186.8893040778925,200.34271176931497,199.8783992420723,147.90094791868876,313.06888978316726,154.98079179775195,59.501982210039294
2023-04-18,69.03629212939558,352.9915244684935,113.36291360793297,370.25784872323794,424.93471028132814,125.46802715477509,60.34135942170798,404.6390958159609,315.0714993043993,229.53910769317636,486.0614564562946,111.12795395964706,44.33640336030316,100.08497529464522,638.8375546842665,115.33608504998854,182.08093189133277,30.90475527357483,132.46651271911165,148.51375341839767,537.7803883414605,158.83078299155676,681.3307671210408,207.71407703557293,66.37532545437766,298.3549763253198,186.87123638183235,201.68035127144037,201.80487362449264,150.08421147871005,319.571207824181,154.9836155276026,58.96153408409386
2023-04-19,68.51745246380847,358.0374355188989,113.15606590308488,381.81331019496906,425.07825316950584,123.33353615563782,60.640656103173924,411.73655626866616,311.16273934470865,227.72918168352373,484.16108315566,110.27482416207549,43.29979303136117,98.06223267088203,641.3093334426586,116.70737778183555,180.62854730842392,30.862883018935015,132.96276306801641,145.0733307571935,547.5615271580297,159.42082935415758,688.9631477097678,209.27176056574098,68.34337538283302,295.44373314908546,184.65893981538827,206.6707217316634,203.577078870699,150.29327444335684,317.5566015619381,154.5456103982473,58.763229831684406
2023-04-20,66.36753692883103,365.77385160174697,108.80822757297501,377.6614267710018,423.2086708998398,128.2166494671256,60.555675655050386,413.36970452370775,307.00502346269485,229.79159399513514,514.973889846198,111.02161191228329,43.05797985828311,95.4515085284627,648.559972411495,114.85840161170566,179.07252757621694,31.497604520725798,131.78259992212986,144.7955714170431,556.2618053775077,157.53799525104176,670.5713807549585,210.36131527904374,68.98185873250442,293.8741546267207,183.13070443787743,203.49560937677714,205.52680379602492,156.14341221014064,321.8184682594518,154.390731850155,59.45837134691725
2023-04-21,65.20407986090171,368.82428843950686,106.5458066130847,377.17992945914347,428.1855851222974,130.12450204834002,61.08071908141477,415.46468989909295,303.5753659106373,230.21447964965628,523.4696256765652,110.73467911347029,42.91739461322321,94.87134302402241,645.7015828068785,113.4320555743039,179.16805252231208,31.285188646959973,128.1256436633894,153.0513026126913,544.5539685516352,157.19528398051904,671.4980279641953,209.2363026976955,68.92938968299168,291.6080175504291,184.97815738827825,203.49164865139284,207.50829146485168,160.77895665833444,320.66870506133785,155.9778986701645,60.9704683761478
2023-04-24,65.03966539795681,374.5032527163731,105.60817864463449,383.3610610060103,425.992751513537,131.80095401821944,62.00571786222798,410.3155102705182,300.511078072758,228.7096604084513,535.4157647498035,109.1476543157182,43.182857945283125,95.81626839435746,647.5463976851177,115.83503912705955,175.19611583483183,31.705401943327324,127.70261293497639,148.2385701962946,532.6103405666281,161.4470003940443,680.5630460013076,211.07712936627485,69.74321948271573,287.80304664310006,185.62949532953573,206.78558467943552,206.50846437245534,165.198681491892,318.05004815362787,156.2592550560686,61.372118673276724
2023-04-25,66.10647368349163,372.3086304477967,107.75969780651832,385.6815183913947,418.68709947035654,136.26153927054085,61.12817714420858,419.26013176512197,299.86272477695,228.03184134122327,539.8967403831352,108.23720340828535,41.77307754279955,95.69476092074652,651.5371022406711,118.79833775746398,172.79810298366093,32.111988174186,127.47152559033299,148.3558370471959,543.5708992756119,160.06845033118714,683.0319758254515,213.5830436732607,70.62609004529892,284.436559494053,184.12862942846422,206.42148200515,208.7559149395531,164.37845713575223,318.52619655972507,158.846441259946,61.04014051823918
2023-04-26,68.23216391948984,359.73365136518106,106.96360127640445,378.8806070610807,419.2944678905826,138.13663827561203,60.98723646441674,417.2814551728954,293.62672147069844,231.95222071246275,539.6373991387931,107.67109867170613,42.96687397273333,95.26359167546464,642.2064715353648,117.44396131384299,171.10493748631671,31.384250184054835,125.8076223662259,156.19496658025236,530.8922069584407,156.08043327310148,687.1073171501699,213.47318034868715,71.20581854402032,282.9920237567265,182.0086001088434,211.50123492148774,204.5428575446397,165.56483364090877,321.71705300381797,160.58002386991856,60.74484915448228
2023-04-27,66.44118810009911,371.7114464099231,106.06339096571749,386.79612523176456,421.03150474986353,136.9472829189416,61.35478324016215,422.7944740328484,294.09739373370445,230.36682011901212,519.8372872931324,107.14592240687169,43.6050383188627,94.00297015385728,649.3370486157191,117.51426456596153,172.65705884965735,29.838494521013885,122.44324250621494,154.6780298135272,551.9514227639821,154.11084360527187,685.3382271699295,218.44178460012992,71.59258567745334,285.5711130756611,180.46514762679743,215.17338268584783,208.15028479961134,167.22810825425907,321.44160223442975,161.78046958807028,59.16305398720305
2023-04-28,68.0155396464188,365.0762520264749,105.5160524774035,393.7639627510217,426.08231622643245,133.00675607276006,60.496012253517335,425.9835220496726,286.27059045092557,233.72143826409572,521.114191208771,109.14219576462953,43.04676189733639,93.19950778386547,660.265685762451,116.96276373938333,170.19442230653829,30.208865177551015,118.77555005467265,159.51372776813324,554.1879347799263,151.81665645176383,702.1357821710455,221.20529825295066,71.61785187819034,292.29045725123,186.09142096743335,216.23860692156663,211.09757553899507,171.641888168738,316.50310395056437,162.4135807640943,58.515061509698704
2023-05-01,66.83593186918986,366.162360178393,105.9558023339893,385.55381063129227,427.73618670415874,132.41784933660787,61.78419612945529,431.66798447656424,282.54067728262453,236.87519465306417,526.979503986072,108.89453940327351,42.67198494309199,91.79743782243176,647.6142582371848,113.53867614386523,170.27881347410866,28.89523969817384,116.83594877289167,161.7737765578484,571.7347140662996,148.9008794991047,711.2755211523942,220.54631132927491,71.20054410352765,292.8783757082994,184.48204721869595,216.0423496539832,211.3644654282784,175.65353682932957,322.7515517565175,161.18512197486442,58.26370946062647
2023-05-02,68.00437918260167,364.85769668764834,107.48414129224139,390.3391193748974,432.50525179347215,132.64091657590856,60.72229027433138,431.07999823969726,280.38909926698744,238.80419127500295,544.0495879060843,111.12194725331472,43.365834740783676,90.67427374278472,662.4136160468013,114.34833863947269,168.67481183360817,29.444945397386924,116.36229961610718,155.21157436282905,560.3643581764874,148.75209080408757,709.773393283745,218.14184446459146,71.86291267115134,294.54291811888004,180.96189372033942,224.42747325527492,208.15970852225232,174.06484028978235,324.5565138459844,160.26541567895936,59.66562199813865
2023-05-03,67.75770604298717,357.7829801467857,108.82106379639055,375.7182300889224,435.066448463846,135.7820647950844,58.664364894698124,429.3776472676113,273.3265787351066,238.9380319766031,570.1675763097346,111.50224042167541,43.21346522601317,87.32940353915764,650.885176695316,114.11583203279649,168.9021708971667,29.669741773667926,118.11428208748904,152.26141055084543,560.9571278642957,147.519800701733,695.9468768578383,216.2041666741774,72.34995973890307,287.2042789407938,176.50338767077892,234.93024254916327,206.45977476105406,179.22875473926067,324.37503879237397,159.12960490202198,60.313202797766245
2023-05-04,67.88269735419362,356.5227338435608,108.75931124369949,377.8218004331894,431.96831764450957,134.61800165663573,57.8170574779677,423.92337378183043,281.46409489256604,236.90965914563594,582.1886144608226,111.05491747552792,43.64727757172124,87.34403853264246,632.5839240542056,114.18553920920499,170.15396840436586,29.067196662576798,123.52570884410164,154.93014325981247,570.7114970974035,149.87733013256604,662.6205429860805,217.8828139577894,74.36238061859659,289.53090501593243,175.90878991626786,231.27046134721064,203.33653657693793,174.54620675361988,322.6793597271766,156.96568365112336,60.16961686700811
2023-05-05,68.18770326961008,343.63010404566313,107.16949901923475,375.0564676715111,429.2631726449165,134.67465791604542,57.931654058951814,422.1551740474525,278.59786772207855,236.9634088803384,600.0028643275856,109.07430462574212,44.55172663866,85.47257893945992,636.3478030405757,116.17642540996822,167.56397080988097,29.29396064443105,121.08962465225747,158.85196633925497,552.223041015305,147.63910366968372,664.5182451139862,219.58982642977148,74.46755833548954,291.1045907677584,174.63721610308974,227.7467863147734,207.2777032608454,176.28977338463218,320.60202394515386,153.65795861720633,61.385905691558655
2023-05-08,70.06647206111109,342.1356850190334,105.81977153885096,373.89651419236066,428.3850085960979,136.57367889067447,56.95783923002972,419.65916885139126,277.88349983594645,237.67158132317994,610.9618724836079,109.56130583718218,45.97978975695997,84.36271976225727,651.4990682658469,114.39578348275442,166.82728723383488,29.545824344504606,123.88439129301553,157.5402487524962,556.8592725018574,146.86598085091853,633.2098565480761,219.5639073007798,73.39641318261843,294.9722759232869,177.7212574037537,225.09910798786305,204.72650672302404,174.10134202955425,323.10147439852744,154.76028485312403,64.89540858439864
2023-05-09,69.61328369117908,342.92934164779257,109.94289442672422,375.4522676536052,423.5219563803521,137.43354646286687,57.56925957139447,418.2881603649017,281.4604696292427,239.43936003286467,605.1271532414834,111.79960877666343,45.359864909013325,84.8740523932843,645.344235523295,111.29061209845955,167.57479313895348,30.81226313889361,123.77921658976442,152.62437480099743,559.5543872118216,144.85412823931887,647.4820639614093,219.09732509621395,71.88427774457223,296.61530660205545,178.2580251173676,224.19995398467427,202.07897578083217,180.41196529225508,321.18182949886705,156.60255645682315,64.4135227098184
2023-05-10,70.64347206118663,343.443243313128,110.03596545363533,371.48102658085264,426.00413818978507,140.9813532708354,56.68942963916116,414.68050161963794,294.85972946173905,237.18313342718298,598.1448651457966,113.84030598958014,46.53285757791666,82.17760827070668,653.3900473658821,110.95190894662156,167.32205847707178,31.60536300284874,122.9766533038484,150.98342477244393,555.9643307026562,144.01368885120897,652.2971430582882,222.2457401069395,72.2737951892635,296.7134769482776,179.61584392799452,226.7913786288982,203.6589972203468,178.03659566077937,323.19966482423405,152.37779408551702,66.04902788869968
2023-05-11,73.0055058997919,350.22937179415106,112.7943264034244,371.24421712399743,422.68930789331426,137.83635196959298,57.5591631187351,411.4729922496597,293.22791063468424,237.8114507085421,597.6693711896488,114.28145239422099,45.076075220028244,81.93717157184145,662.1582256715845,110.18711791430874,165.67294265117891,32.27148948827685,122.00082417432469,151.59075266642472,553.670435936529,144.02840929290014,673.7181560722117,223.65700238113848,71.2509699378505,295.7453817883246,178.64778978692334,227.56460828760953,206.12684923822837,178.1527652257279,323.3214092684467,148.05147122855607,67.49495753910863
2023-05-12,72.75224897772615,352.31331415247314,113.39688983926042,367.59697689787447,421.6754139282186,135.92760038095182,58.771952405819206,401.73492176253677,288.9658606473868,237.15783431285226,616.668514974658,115.37212379012459,43.79726082900611,81.8264773889611,669.940803087855,114.28538340227948,165.05253743935998,31.459329993961717,122.78161354701223,151.4643901673629,559.138501997547,145.74313856937155,678.3363705553194,224.9732510606204,72.67600882930206,295.01983660296156,175.74140674134676,228.66042720509125,202.82723102665378,174.2257267491698,319.7457042954877,145.69223371662764,68.7981089884311
2023-05-15,72.83704496102035,357.85939109684136,114.57259227822118,366.7004429496811,426.1097802620644,134.7605667511589,58.63051330447407,398.8149201425216,295.47673511805476,237.00890184299777,624.419076953756,114.58022677052729,44.47891806292588,82.6927006325597,652.8334378054933,114.30882973543366,165.321237605598,31.26108978585114,126.11567194387895,147.60326737549724,554.0938050985607,143.67185496960207,693.2770355314367,222.60596062859113,71.12781708552757,296.4339451792469,175.44296886908253,232.16828223961878,205.03040980931974,174.0818818820037,313.48293698013606,143.46864673192934,66.84582809569775
2023-05-16,72.63038198094351,352.9210616208773,114.2005962258242,367.6748968049148,434.924966636825,136.1956896853134,58.699662380114624,392.20605690759936,295.6910623682392,239.18634756088716,629.534389986418,113.12122841094343,44.19830257559331,82.78989434341815,648.6765501457462,113.17778415052234,161.23297821184298,30.75042196465554,126.74920852057002,150.39165605168662,555.0946957334636,146.29614954810347,692.1946696835392,220.61495312373057,70.74893632650131,298.0567164734431,174.8394228608985,230.10708231830574,201.0325701852314,171.01980072056318,311.8587714264324,142.41536904239857,65.79920423094978
2023-05-17,75.10110761321918,357.65331156023836,119.25844747085034,360.0412536466672,436.4706322637971,135.14341935677498,58.723366051517125,400.4556155474242,287.8214612321279,237.93885694758035,619.7576763486765,112.36108494468232,42.58469332354062,84.24192477247118,662.6719584792653,114.2745446544036,158.7509612976414,30.94126438687862,128.89980605407368,151.65335424632374,554.6527929988471,149.85931584711074,681.9952353386244,220.28525897183363,71.30040033943199,299.1448837270015,176.20360586970676,231.9445779639492,202.46590782104042,169.78654983825078,308.9461075324484,142.69519988112748,67.44491773334678
2023-05-18,75.07001154136748,362.4411612074881,119.55741257380492,370.0315214565781,435.9168408351919,136.63685122007297,58.10009860124993,395.7468887910595,287.88065059750085,240.83603347859264,628.0137710834751,109.4757675731429,43.1597054760327,82.54983090164556,671.7348130110407,115.3113212734263,158.51069354376088,31.438033267412536,128.2710160763211,152.14957766480674,538.4876384641653,149.22508029628636,695.461101299243,217.27176637802825,72.02165845259252,293.2901588957202,173.41881097178313,230.9686755802728,202.93759602842627,167.86661587615015,306.47701830952036,144.78835104676392,68.76963975359116
2023-05-19,74.39996028440932,359.4896952734225,118.92069272413553,381.2299844196863,436.08446010979424,140.58488169894522,58.74773779540453,395.48169377319726,285.0611804727258,242.802205949314,617.7696939157977,108.99406106190402,43.68490136329882,82.30050147128945,667.5981392849595,114.74846467184382,157.27310431337503,31.751117129696205,128.38415874700124,147.83318173858066,533.1961237774482,148.3140922763158,690.06711180049,218.71417879328772,71.44345721434719,301.48255035447744,176.7377101747341,235.65990673342563,200.32635535832003,161.2248741291094,305.1358689726037,145.36782209364486,68.59476607596126
2023-05-22,73.56968704901426,346.3314468919357,117.39639123989842,380.13283348821193,433.8717060694885,139.33130042832838,58.055053825089175,402.9319257261119,288.33750043200564,245.21254092440165,621.2951287171198,107.21408082394315,44.2791598320727,83.81438445341213,683.848165399318,115.93951143041545,157.31422325475125,31.7552764453822,129.6943594916638,142.77099916686626,540.4212979170222,147.11196470652294,723.0083448966643,218.08377866130965,71.63137977552783,302.0588523120074,175.12073400867243,237.28209607037755,201.28070300119037,164.5415258891252,308.3221563226254,145.74809263676798,67.6923263789532
2023-05-23,72.34512180378812,359.083340342081,117.63226275685966,390.90300516213676,430.18418367134376,144.97959119520303,57.2457432376557,401.18915262085216,290.4355839170245,247.74845911784996,630.1575450022649,104.69125270715425,43.84663482134185,82.55584650420292,668.9943282259192,115.92473661287511,153.48836906656203,32.45626804078834,131.58813342719154,147.79107629955948,528.7266397957924,144.72868768991177,739.279202716261,220.76114257287304,72.81451162357207,305.7125072844454,175.67408296719557,235.79179838542473,203.2646827196728,163.1048904540465,308.8808292297243,145.05350802171714,67.99314728079553
2023-05-24,74.30298552613586,356.50321698201697,116.51445389103313,390.4878863596107,424.88801400116176,146.74413001694276,57.35210078739204,401.2264552777768,292.0285375036402,244.27102911610703,648.8744340435649,104.05438177793414,43.57132078499109,83.53278614012815,675.6658760238583,119.78929815273327,151.7913240013621,31.809075648286438,128.62273512618881,148.2246736105996,525.8893649530198,143.04552344831393,738.3255524582739,218.43003281158713,74.1914366081352,303.71792489082196,174.3524017027872,227.9226558400676,199.07578217591285,161.2113532126617,307.67316413842786,146.44180943881972,66.36305228877302
2023-05-25,75.03445037854024,361.4692919506776,118.10837169376867,396.0360905535185,419.73351333112953,148.20068993075262,58.89676963656857,407.6431044125664,300.92045567366046,244.9589459104551,640.887749565227,100.81187765933183,42.63406802178814,82.96381031879459,672.0407121409459,118.26610488812582,152.43769848128605,31.949103461431502,128.74783247653892,150.73632829809964,520.9140995923559,145.7487910657913,719.9064440666059,217.79335928542173,74.49660701710293,298.0723153494078,173.1984376331556,230.33082581353582,198.0535272197995,155.47471574950615,303.99384112075313,143.93167662239858,66.90765986848191
2023-05-26,75.23192921731055,349.59254244184604,114.4043317365121,392.3765489621199,419.95917225117796,146.42656348712225,59.21333467612366,409.25601381606316,303.5391239764556,241.6653959153003,637.195325421435,102.25061970068214,42.14295273136568,82.08172487801153,666.9049703346891,117.29443985777009,152.69408538682956,31.55454279419166,123.86974355890099,154.60134187600613,526.5288593324063,146.13426234584662,718.5463073456847,217.11466977057526,73.81247370888106,292.65210997406916,177.09250324120546,230.4689066882753,194.0579154937976,152.33647586533792,305.39173781075306,144.49083843596898,66.10410394604524
2023-05-29,73.52482295180187,345.4133680745669,110.18414309984269,390.0401283460436,417.96366196558165,150.53672081231295,58.8209455069492,410.5922567514889,311.34385731709597,239.23284773618388,628.9204959050323,101.6030818379824,40.92073344039862,81.81091888205579,679.5331004819811,118.94235097182451,154.87388414917876,31.129577081635414,121.23353065811803,162.2208771190191,528.997308979586,142.20278784966914,758.4325697554314,216.97086716939282,71.28661767454408,297.0846687377462,171.6671635127213,231.49381291401937,196.24183601890877,154.4180971888562,312.19731181620955,146.43898245296904,68.13972837716724
2023-05-30,73.38728978563044,342.45616865533066,109.46917157350133,397.36244691367,415.2037824684683,152.8743577608801,58.07371760992905,407.00831917623873,317.28188805850033,240.37091060773977,601.1500570451869,100.55701649604863,39.10522342890446,81.41672749521453,676.6629604294427,118.04102773009048,157.1296182675454,31.41479850822505,127.13949995014427,164.0900513083182,535.2102756986935,142.87679498596708,754.2169067860186,215.54898413332043,71.10917660261664,296.6587888669653,171.4800707845869,233.68559006405306,197.0701479023151,152.8414419661124,309.10627987024407,146.8928809252279,67.12514743130826
2023-05-31,72.72838901070767,338.66138904787596,114.84369384556035,390.82764771557527,411.7875843000318,151.36200948842085,57.687770627737905,411.7020697402482,316.11742354748657,237.34803211131626,619.3970955541064,100.94523377421928,39.41356824313329,82.14448846699234,663.5482176095131,118.04401767115483,158.6964957348138,30.987372129575608,127.9145631767717,166.01397560440736,519.3778801498569,140.40896037779623,718.8457524030607,216.12812480207003,72.74719373793366,294.7440910293466,171.0647982757513,237.1785595980331,197.8148882273164,149.9127078613043,315.8634348881323,147.29660960412676,66.87788777979688
2023-06-01,72.50468047703188,343.13172944696186,113.50251024842747,399.21348068308396,417.4449685401509,151.39989800479475,57.74738403398483,408.08952434984354,313.07075258556034,234.80085150289906,616.7528434203758,101.07603075835176,38.32810081074548,82.92097579533329,654.458885178073,118.85723929387164,160.25257578042653,31.882864735927754,130.66378742603226,171.98756620996923,528.3492316250172,140.82488447665636,711.7901095780182,215.91777288482908,74.19665421923092,294.2957271859553,171.084673429313,242.32764550014377,197.29105078568327,147.56420311673065,321.00385392374994,145.74840692066755,67.32534320857901
2023-06-02,72.86926495679857,345.59970768480633,108.26822255143948,403.5151325356667,417.26463409843296,153.11017122539445,58.188994925767815,409.7058142911108,311.22379416207735,234.00729281776282,616.0458494578781,101.34746631169564,38.05407473780222,83.98970815049259,651.127435355308,116.98585184291785,161.42032398794575,33.214800616938916,127.78873224974153,171.54441104701172,540.2494922238111,142.20983835965416,721.2322186065356,216.04953091296088,71.90520501293159,295.19269325324854,171.9845035767631,246.34711106963408,195.4622894738912,152.58991791524818,319.7267188143095,144.863926394272,66.54574614771188
2023-06-05,74.52841640681442,337.6242082009693,109.65236565463871,399.34737867285077,417.15269851041484,148.96402720549642,58.88471979598555,409.22810576262776,314.05589381458225,233.69449863293144,622.8727676413087,101.33900483714677,38.573250980964936,84.60789346205512,653.2683953084781,115.29396017835111,160.6310046035818,32.66936440854064,131.36973635380775,174.43289339139187,540.7947412568595,140.87414188423975,709.3990582973221,216.39155375846113,73.52495577505316,295.3460024866241,174.8404309465853,247.39736181129564,196.95145189350828,151.15517853020756,318.9585153733683,143.3351544729644,66.8827983708474
2023-06-06,74.1498650627458,340.3772109365928,107.58353516287909,401.9125656222409,417.9908163210239,149.3473935323315,59.23598280806021,408.3579258336804,333.4869455699128,234.87996975801684,624.2355305164698,102.35058053985351,38.23124292803653,83.9990380948716,661.7829216764183,116.99705079890256,162.94229752862572,31.681529227061482,131.0753603381223,175.67645167635848,549.05206901368,142.15512026731272,696.8595826988316,217.63414282804004,73.82975409945496,296.426275937954,172.29448606761977,244.1760632375754,201.66892539802828,154.152136605424,318.78767809556615,143.27578430941466,69.35480499284719
2023-06-07,74.23060565277267,339.63520472533526,105.95198319786365,400.8060330675927,410.62917328138064,150.77410036762666,60.371684366906564,414.297062109035,329.9356453854187,229.71243254995375,628.6712780428533,104.13274995845147,37.16903512258253,83.59645463245113,665.6734604041864,115.41635075361599,159.6991253997111,31.180517626234355,129.67388765296002,168.77781776210085,561.5075648590425,145.97230845740498,697.3580710382339,219.3809498614102,72.56196058966619,296.1422398662528,170.9802550864923,245.69558308369375,194.85595418307364,153.2255501385898,321.7033558904358,143.74586379137693,70.25122887096133
2023-06-08,73.29459857871338,319.63776386065433,108.29484971427732,405.0100958370337,417.6516246125366,150.99119722032208,60.7562854151868,425.2408290819964,320.5932933015756,230.82354039552962,644.8733833722331,104.46696038721385,37.22670684987482,81.96969544498859,681.5838970312066,117.46578095999016,162.17036460654145,31.171321058827466,128.90106602480714,168.7684848103714,581.7650045927991,145.34438245483153,719.5360432649809,219.10340032187983,71.84651943611199,290.17608656916343,172.3474001659816,248.49241987092535,192.05973751671726,157.79633710053903,315.6741585389015,145.10102488261913,71.12977985385471
2023-06-09,75.00650580999117,306.4123642096482,110.61997452714462,404.3719802479725,416.22084851694405,153.2738545154408,61.64453658211452,416.2512439894645,314.2702692408435,233.67590765394934,651.3010158763644,104.7611874350396,36.592954884167945,82.468211282008,695.1074633492933,122.0160887540068,161.53560201334432,31.774760496242596,133.6028639581883,163.6579960382727,604.001212282533,145.85644289133822,720.7382536583451,217.91583962464625,71.55765924796803,288.1506736195702,170.1680741689007,250.17537945882273,194.8977361042271,154.5448466021402,312.73605480779855,145.61141078355223,69.8567313385216
2023-06-12,75.40836235069652,304.7356121990272,107.15082789580039,407.05544363550416,413.8186363784233,156.1544426929363,61.47080124053151,413.20998048540145,314.20502164688816,236.6635042268074,676.859796668273,105.60687620849792,36.22478879566894,82.52013083275568,694.1125970475517,121.73373727170855,161.09256310199694,31.122422061817065,136.15627382770666,166.69879964954913,604.4280827008471,149.02415783499305,729.8348076824657,215.42286203856568,71.27802149866841,292.5907970922776,169.37013684329074,247.77355837664737,196.786917610676,153.6887989109527,315.29897269620807,145.5695730467781,68.96253379716602
2023-06-13,74.30667749935168,293.9322443499743,104.88184987735235,410.6110012223641,419.26715669689514,154.45648605545352,60.222987468558316,418.6095779578083,320.1129590732118,238.46306283441214,656.6294158731644,106.35397257051667,36.59567307008163,83.53634950651903,695.8908083264083,120.26748472776985,160.36688042910873,31.93175691362751,137.1782763649573,162.13561894680896,626.3266865485285,151.99405959371353,755.9150394929654,218.08257645739923,70.51542684222724,293.6947994042324,170.79233901766503,243.11375532229277,193.90846060743607,155.98114946027812,319.04590058794753,150.144116268589,68.67698946045208
2023-06-14,71.68611854918689,293.07385339925406,106.66478607095104,408.77147723949406,419.8083217865316,152.68958410025988,61.316750172244966,422.251581432935,316.12025663701354,237.33843753502202,647.3601375226106,103.92200767528902,36.116147715968374,81.5944072017862,706.4651295890066,122.2909938215702,159.8434370448621,32.07919466579374,140.05646989035782,164.8776884590197,653.0421747578773,152.68184935388044,779.4739539315393,218.3647054880547,70.43678652345692,295.8346296888538,172.10673088999346,241.0749297123177,191.9305226004142,156.2162868233801,310.8537473630473,149.5727599087024,67.59317432003849
2023-06-15,70.81557874925286,288.2806431629566,108.31723812123762,411.347744377873,420.1311997518394,151.65020494730356,62.28227628602486,426.65605257786655,315.66863498407497,240.64090368343213,644.7923578866488,104.24510210477864,35.762205026955236,81.182055634837,699.5122282747261,123.68949355534458,160.5934049444721,31.36122784494963,141.6154315162716,171.30670554065534,644.3161563883452,150.84992527290888,779.6785323578955,221.63110497059483,70.09140048427548,301.48304430876,169.69110853471486,241.79859054632814,187.84040609336768,153.3373451194601,310.0362441951595,150.12587718983613,68.97924869159485
2023-06-16,69.77170700910071,291.0132294682548,105.53772536200928,417.04930903626376,426.1386589621988,154.535113589577,63.26430196819849,426.43330288536,317.14146285100395,240.5139200473134,644.1715165415987,103.31637409253803,35.955232065950234,81.65279645602142,710.7295054663289,124.50154432031701,162.3091617351587,30.864905881304455,145.56919489893647,170.44416261184358,617.673466911988,149.87187246337453,789.2800383643042,221.8875480575591,68.50885915420407,302.2725861097757,170.01430752416474,238.5236585192913,189.27622551152754,152.93263090791277,301.8185594270974,151.51488542068253,69.18225995810943
2023-06-19,72.0775554715277,285.72078494199945,105.08705113029256,423.14541835525864,422.0777575762051,157.45562472709167,64.28182349313596,428.11213000326734,316.42027897188177,239.08324704788507,634.5261550833426,103.77746932815162,34.17305206089757,81.06229426084752,702.9699133102068,122.52489123226302,162.7052069963696,29.90271213659531,149.00051864253763,173.80628594529074,635.4670172957204,148.55228676139805,792.8156394792346,223.88996362618397,68.42323474883563,300.69974544377635,170.3218478053455,237.89438370445515,186.75187466413146,145.86335297826858,298.0586915079958,146.9684092845038,68.21517520089299
2023-06-20,74.30915873883619,274.6236412236077,106.04874917443853,430.22543275144386,415.13230548855677,162.6602400898599,64.21515954691694,434.75753044709535,317.86734091321836,238.09982665650998,597.1003736000554,102.36889571946953,34.60176478955615,82.7624372108475,687.4439438204063,122.4223772361743,161.89320139999526,30.179805706337586,149.28137985161337,172.4517260863492,644.0850899330161,146.8340502970799,793.0767288494834,225.78384603236094,67.85436867603656,299.7580657884331,169.07049591419909,239.51431725532143,187.65958512311505,144.37055165887242,299.58127836284854,141.72304163511953,69.15582328434454
2023-06-21,75.75646055254141,271.72710327020667,104.62126849338847,430.04623674487823,411.2006577671411,160.47277890168937,64.51930355913346,438.85063951064126,319.55669828613003,245.09462206896745,612.8839490709368,103.38208138264005,35.04797770937482,82.87455062617225,693.1164146704602,122.83512827645751,163.950325404564,30.003003822605187,148.357919746363,176.84626196472593,638.119139916662,144.51248251157867,780.7493416577619,227.6420645460021,70.0715163401129,297.24056558607384,170.5864218317379,240.1152066817027,190.4705537359774,146.21235210483525,304.6988114025688,142.28767549767002,68.22822758385185
2023-06-22,74.67061972636988,273.0683935550195,105.61640264395061,428.005251639674,420.2310889774194,163.24121033834714,62.54125016040277,438.469661337412,314.5347806377807,249.86318178894427,585.0909506248164,103.98598786159197,35.13799435042796,83.79792998259877,696.8046710172999,127.07625828051965,165.7738830895387,28.836665458441228,152.44361228795367,177.62817771228563,657.1327600142612,143.75217914578465,763.5435267470002,224.71724782338885,70.98543753736307,299.76189162124354,169.25530867728204,231.160711881463,193.25270785225769,140.4079701963207,314.18394110655385,139.6666875605581,68.25012308286297
2023-06-23,75.04800276288827,275.32455494766543,106.32248634487311,428.8967894676728,418.37255083937146,162.5992156092543,61.93972173925354,439.2397973279293,306.0945478742702,250.7512883899983,583.8783081876667,105.15682630418475,34.96156653996355,84.49202121304508,703.0871294019759,126.80534563832921,166.505902771998,28.01474982036123,156.45336666512935,175.59278477792625,654.8572984154887,141.22032094511013,751.357301482417,228.71879715218765,71.12412090364094,299.0093386406608,168.5947451581702,231.23653541825402,195.1260657316469,140.95303988038185,315.2359896986816,138.02707055570303,67.93055268633137
2023-06-26,75.30873091915909,275.233132046835,105.489105033939,426.16255431721066,420.4086798187714,163.97287674766446,62.872350359223645,440.39774638026915,296.37833162630596,256.7743345769677,583.7639157072559,104.66284638690347,34.93833748549307,84.06178333196728,694.0354181343678,128.1025236575206,166.2563636508526,27.965327450091976,149.13502280906243,174.76357733932556,640.5539938469726,139.98829593302676,755.1759200195726,227.3066850365698,70.74396784680648,299.43644942401914,167.47290318142765,227.8303366636789,190.91810725390022,141.90252620698215,313.0809528189203,135.09778493262294,69.32911238027089
2023-06-27,75.86452101282609,268.3475850367489,104.0705483188693,432.27939045396135,419.7070909893842,162.7537445065941,63.590973730543055,439.7983483126758,302.2460586381464,255.83935599175925,576.8376565794598,104.7375401931555,35.55648725638446,84.3591111497563,695.2853940143503,126.44132515424364,164.43917512793826,28.561529133099825,152.26362548167666,178.68575830957934,651.2885291335037,141.06927973491247,762.136805552462,227.69327017364162,71.24143258387326,299.44905771956684,168.77802383275494,230.91832682556904,187.91893230051926,145.03358696917024,312.9357717381393,137.70593232834293,70.78505451478185
2023-06-28,74.21786929202352,268.44308007935757,100.35676172518043,430.2171413072637,421.39032527440145,165.27975208509963,63.663967531139285,442.155905324605,299.0275415715482,255.9014320704465,569.7578185961044,105.16718205814637,36.46032802568,84.31117580266535,680.2943457254415,126.864892169577,165.85255853265983,28.003901823262183,155.96949196681666,176.44737450360276,641.2535837008768,136.88241825880075,766.5350865531589,232.17039641318271,71.57558051798556,297.391183740517,169.98722213626408,233.65496285232217,190.81350949665415,141.51707958359881,319.89594802566415,138.11332888720926,72.84200527782556
2023-06-29,74.47422737124319,271.90362145719615,98.53405956810447,436.0353116965273,416.65634536570633,166.100544948161,63.261191577952516,441.94098259660365,304.2574806724867,255.11500413791694,583.0740013021572,104.67722333088805,36.55890442216654,86.7876423058088,681.7178252327226,126.72521055165817,166.16766074122643,27.809037386310546,153.02552277289803,184.36924106900108,636.020802311994,133.40334940517343,764.1006742576061,233.11446027037363,71.42055900133977,297.38268969720104,169.64170709752202,235.15616477716014,192.9026586874522,140.97904982444882,331.77184875288725,140.01869913929738,72.84220441498378
2023-06-30,72.41050575509861,272.66931048156937,100.15091619005935,440.974379535347,408.57654450545556,166.46330566281978,62.81380882017904,449.4871646030043,304.9440955241433,249.5281189200348,587.5740154009841,102.16633286158383,36.8665813434678,89.86105094799564,696.8190393117915,127.27973016175852,164.92319855534856,28.592300534496335,154.93543575526837,183.34104409467147,629.1018165931404,131.37930868555273,770.2262200630813,232.15723552764882,71.58564708946514,300.29786402761795,168.66091300865926,237.41365196850987,196.02948543901553,142.0942489035909,335.1386817039008,140.77845499971107,72.86817389538666
2023-07-03,73.72835310718236,282.4170490629132,101.87649217119831,439.99434875788984,407.9294032136944,166.08868469409535,63.719471641917224,447.11126034157604,300.1769907090314,250.79509372399355,587.8329094042039,104.16033819777373,35.42849426002319,90.12893142094984,692.4306643285335,128.9935687549739,164.42127919660666,28.242543079600026,157.7760325780597,188.4173765477398,627.9718758578347,131.21866462296973,791.1913246447434,235.08447079428169,72.493417744665,299.22617750198594,167.19407828981824,243.12672853649758,197.6428117707107,140.01666211872427,334.756591821619,140.95952712240046,72.74956881513808
2023-07-04,73.27723115967316,290.12919597564434,102.96941733032841,453.52440535802515,413.65193936757066,166.51444313546173,65.09502116409138,449.06409601954,311.8816333893706,250.12340652596075,593.4197080884265,103.42010156524387,35.2020873792096,89.73562377044341,706.3650084940181,129.45054462190194,159.76755339971365,28.304775170644444,154.8796974997448,186.67461678832882,643.2710107147406,128.27291800427227,771.0574915182032,231.06328983647003,72.18171316854493,294.33880325322866,163.62661284218393,242.39913816172654,198.51186860249697,137.50468313905,336.56158129901075,141.18795281276482,73.39910455791025
2023-07-05,71.671533711893,302.94504844856726,100.7213961671654,449.9277640889305,416.017757747782,166.88548517530586,65.93413215383188,447.7533371281018,306.032685604239,246.48811541980183,615.9055360616894,103.07439617177454,35.11037929740786,91.94191337113982,700.9247283081952,129.5196613635546,157.8757492579876,27.516110326435374,160.6367647779576,194.41104083940206,657.1758318083646,130.45647301512776,783.4797253621031,229.33176320992052,72.45459471509966,292.99160591336323,158.014576048695,246.39656614856528,200.00387016188242,133.9514238286656,334.98965601051157,143.15674699162457,73.56373516846715
2023-07-06,69.12047829873038,295.20514928792795,104.49301606343367,450.4782644167327,420.8329012912436,172.53895373442364,65.48918235767452,449.7051476586972,296.82824171321874,245.11933118146848,623.3561172065107,102.87475306816138,35.40697728556853,93.11064618102853,707.3375298161397,130.23950395352608,158.27057572278156,27.184137200040706,157.8400366945756,200.1200239509724,668.2077924379125,128.7339721208382,784.610742252192,226.04943757881048,72.06531001710862,294.70384271899644,158.602071442166,246.8800920466739,197.8120286916584,131.09031644211208,339.57279084404195,146.36732614981344,74.23239714596332
2023-07-07,68.87416227191896,303.2300099572208,102.80988292716566,456.98448907958675,418.24502665857534,170.85694177477345,65.17030828312832,449.4219237648089,301.21397259609984,242.0842574820036,615.5218821261632,103.20107980520818,35.77346487852754,91.02891819146765,698.5473957295648,126.58877935095047,157.01126862107103,26.932420976160692,159.40172790333574,190.61194020237372,677.4686571052883,127.63922720490613,779.0690327405216,228.4466033830347,73.25231803788692,292.9105224403265,157.2155048388282,245.70230574644802,196.19085909568858,127.40376513522918,339.54024343791355,145.1443776481316,74.35760879675206
2023-07-10,71.44813635902626,302.6418502957002,101.32571031304505,455.49291116523625,418.90539907157023,170.36339943125714,64.62967472601774,441.52821240650826,304.3187309651681,240.06006108671343,634.6237567321213,102.76994277791454,35.45927247556991,90.47410161366422,700.3280235817039,124.82676262744525,155.80650013618433,27.302709354931423,156.34381669007456,192.86616007959176,689.3417922347193,129.1087592027589,782.9847062265333,224.1983592631584,72.22517237733238,289.09275086340347,156.4407219624572,245.8860995890072,193.2746192737115,126.9693527648276,342.91244813939795,143.29976272960332,73.37973784550277
2023-07-11,73.28580906374972,296.737716971057,102.03914761631812,463.2161080763108,413.73697721574536,167.0066305356593,64.41276094352902,442.06918640515545,301.36560611002244,244.88792240924835,641.802496783473,101.7758763087612,34.62048488526515,90.41535508348403,705.3635761970144,128.65471031280904,155.9846471677091,27.16408744435369,153.46584565415006,194.40969561673774,704.1789335568802,125.26252810501542,784.2900692818206,221.85906030279872,71.08791009914863,294.1763081025937,158.3620763456722,243.82996787790594,192.94110466721156,126.17299073920971,337.6878508287398,142.3225826313878,74.32947195440829
2023-07-12,72.41217529967942,299.8315040518106,100.95710910517016,456.14334207992584,419.13355141199486,160.71549523274012,66.16725838095279,447.1581096001406,302.3255517241976,243.91623486528107,636.8771376841139,102.08939234122205,34.747381001598825,89.27996451352924,706.2296921966247,129.21742442106796,155.47209302971524,28.51924452812483,153.09964179636646,187.264313055707,689.7455218852781,126.78194016053942,772.5173940778982,219.60531127269513,72.30229947185175,294.8126785088222,157.10661746365298,234.4049458017469,194.5556185036961,126.21425423409664,343.98618611136243,140.33895191610557,73.88577555197814
2023-07-13,72.88508790268565,308.1879819712583,101.5008005800028,452.0329778549777,425.0694700575894,159.82666875660684,66.35335001520684,451.0785069182077,309.92842664518724,244.91247250376773,672.2653883532433,102.02452768784754,34.94232808033046,88.56131128112237,709.9857950522473,129.86412762402125,157.43810269991607,28.800171813737418,151.58452006238,188.30560787781138,680.3557317031724,127.98456269948959,763.5426588617756,216.44822576242953,71.35699717759672,291.49642969815244,156.01566052600054,231.64231544812003,194.56851050233152,125.2364597956427,346.5895827440084,141.06395710670864,73.50377646814401
2023-07-14,74.85796841693893,302.1812768556776,103.55711625181911,453.12937455556926,423.3689095811054,163.1377949451614,66.91729990021554,445.99415527080976,311.801050250509,245.89843867810532,686.5651265321916,102.83804465430475,35.366309987087185,88.05699430748098,707.7082492250333,129.34810747612667,154.53994274036842,29.619364636397002,148.38704441845977,189.40234760530407,675.8567219076026,127.48134928621452,774.5893414251134,214.73314919985972,71.76848244901164,292.99560090775924,154.4135811195714,234.7604277748976,198.09185598567453,130.38542658136444,345.44377132554797,141.44027219546643,73.81305725860528
2023-07-17,75.9412994899385,313.9280240785529,104.58266416251817,456.3936188207463,418.53332285415155,169.30647300677856,66.44928610275588,433.35934106811624,300.9603863789678,246.79590279749328,668.5252105162629,102.96009437637399,34.45070241965217,88.43411423776222,714.2290020332952,129.73808201328495,153.31596337734706,30.193725497093705,147.2799978742185,188.66099434335388,668.9071219237064,126.9165660763297,805.8042255988457,214.78376559609768,70.71247734173791,290.3266716560538,153.86548748112173,232.1689200603593,200.59773125406326,126.7644496130052,344.98879228684916,143.33520280276198,73.06615476338222
2023-07-18,76.66737273652559,313.76178485264876,104.54884661774447,459.668146159865,410.38994272753234,173.04503815321044,64.59284762537413,439.01297158656376,303.11165138329727,248.0593434639509,691.4669865240968,104.57296077780978,34.96644653468373,88.10341556771158,710.2196428402455,131.55205400332426,154.1743887323768,30.396605390204574,147.14618230413848,187.04677368646983,650.0614720952834,128.32528644239164,802.8006446405972,214.2864807643021,69.22263140383957,290.7300902507493,151.07762689945412,230.79493483138404,202.7254513513366,126.92651104933195,344.60017284647284,142.01461747484007,72.42411783440312
2023-07-19,79.32292960239673,319.20389458015046,103.63527110486757,459.18370386203304,411.5590564335332,174.43722979920003,64.5763421720078,430.76392976831033,303.0571138759512,247.93944635163487,721.8463332343763,108.26676288089901,35.381438967698166,87.32589549074525,718.0807285643359,127.9695144944852,153.2484080178943,29.349271282884043,148.73862128062913,182.30410293195885,646.3532408768656,128.2431926067437,802.3858275333081,213.2801156168666,69.5224202026726,287.2316418682005,154.7085818495361,227.46456710287958,202.90018041242686,128.51658416194456,348.01540874036823,143.47811770617238,70.57602307611283
2023-07-20,77.78972894775877,320.25216540874857,104.6499602829112,467.08038802166277,409.38919163663587,171.62452701121083,64.0560014194429,441.8036627211297,310.37260475112936,247.63109782170446,741.4885879613267,107.53590412241117,36.0009192326056,85.74651325018475,722.291551895055,130.13663085919038,152.6981140616893,29.747026341220618,147.1695769455693,183.5018523966548,640.0803255724895,130.05384146606525,781.3708673001267,211.0657347269742,70.63455320197174,280.3692599997806,153.39937175301267,227.06941560994116,203.895431890498,127.30341265998203,342.7124244022311,145.80817278466907,71.80369181392805
2023-07-21,77.16986880843318,308.1989598667865,105.31211894093649,468.3725299037857,406.56572703813134,165.68342458081096,63.80266394370527,445.7548962958053,314.9694720786182,247.6295909700283,731.8779950634356,108.59897082016153,35.29285407583618,84.22287628954012,721.372700861311,133.48471472041808,155.61243517136893,28.914749846733233,145.9652921122091,193.27602392392248,631.1566962842965,133.69544592417725,797.6745919062695,213.7993287933031,70.28187839115267,279.3308277634562,151.5466869564871,229.75542206267403,199.71667443539826,126.89275447125706,350.732803055926,146.965199031327,72.99251543522456
2023-07-24,74.51034627165221,301.75052185905173,107.82120270118202,469.31911151254224,402.1583345079484,167.58564177293817,63.30115225669767,458.57795207141885,318.0431525222263,245.48774314252412,745.4738312103148,110.90647219920142,35.3021878558209,83.37826633440264,721.987390417569,132.17323444868305,155.17846783336176,28.062520412092226,148.46826353335857,188.62173160320384,639.3061957375838,133.02136905189366,801.5027109841433,212.7911290876759,70.46815656509153,280.6732860990826,150.85606221331662,224.19202096309334,200.65501391367826,127.8854564699354,343.9131528502518,145.13070533645936,72.58687567042625
2023-07-25,70.94726468753355,306.5080470216666,106.8230022267226,471.2858701771039,397.70259378974635,173.82462013958346,61.973788574229076,456.2931696325107,324.1842095516483,242.81956538539146,746.8847406927568,111.84976713796732,34.38106688402191,82.65181261179615,724.2908847142609,133.17407285417164,153.7211991627107,29.209157031491802,149.87441408387633,191.7826318222278,649.0364070688345,129.55057702397417,799.6414057138877,212.81591306668201,70.27652222307822,281.38662594738804,146.63735774219978,224.67165150285484,199.9434933357758,122.6169780437928,346.06327072069365,142.94707411869078,72.14502981431912
2023-07-26,70.57032080005442,294.6183616881258,103.27726584271886,474.87846130922554,395.22657019096755,172.61164419475912,62.048280459676754,447.7792640208496,322.2184775013245,242.65872279916158,774.9413727611546,110.60471878839046,34.88006331214853,82.66579901389382,711.3500562958341,131.8222553817494,155.336427041906,29.710116882062916,148.4110536016843,193.20783227175625,635.3813546977372,129.17688108666906,792.5115629219721,214.9829743782655,70.68705282735627,279.61564195020844,145.52358836238574,224.64532605277958,199.59894860132852,121.93946674405882,344.4869915430472,145.55730020445412,71.62253981297764
2023-07-27,71.03327488147555,310.56360581184344,101.60507477821082,476.26156918806555,396.34034318688435,172.59378666128904,62.09330758773179,443.68953943402556,324.1392401997879,238.395332102487,804.611922197588,113.09600327016811,34.68914331604016,83.85320594177678,708.119520190388,131.8615455628004,154.13409141449338,30.247687413414347,146.78980077767218,196.48114253528917,634.9718086258692,129.15320496754953,768.0746522345823,215.18090842566153,69.74978659822598,279.9169253018506,149.4263804478151,220.27744926751265,199.29187451851828,120.41012096229036,339.6421780613605,144.095240316232,73.36565401895935
2023-07-28,73.73179042984107,303.72240207241197,102.4383402147853,470.64512750774054,393.5595229751775,166.33585449093997,64.11722101492262,449.29231123280147,320.9430206691406,239.17028901246005,797.9024391793362,114.52144438719075,34.49188684979582,83.65118293675945,700.7573577200724,133.18724918114034,158.23706647732874,30.067152772893802,145.9850822894367,196.393198547124,638.5496121885851,128.51320953409137,761.8250882545979,215.43061598730074,68.3302818882481,278.51399165762143,145.45699501353195,218.7915810910896,196.94394659152573,121.92345509248491,336.29315507030975,143.43883697572565,70.85012055686927
2023-07-31,75.37196045715467,296.7748442756055,101.50219844923909,475.70149908650126,396.94012221834686,163.0462844633065,64.63288467001216,443.87136634464264,322.21593365355017,237.4260130468877,781.1389042096962,114.63035157029839,34.06323953264352,85.95723635391899,693.9632268581325,130.63677473968121,156.6097914836353,30.061002270904176,146.32664514486282,197.70867069442235,650.8732707452372,124.93155989035554,777.4122779018858,213.4222073013545,68.67933888927763,283.48854207539324,143.9191356872799,216.23659706263766,194.43338468306882,121.108859963047,342.3966003346031,141.40346507992896,70.28910341449429
2023-08-01,76.97171121126176,300.9073752911689,100.54095933748756,474.5351996148676,400.92314258780823,167.78997871289732,66.30983499228202,450.8686162846728,318.94672671248287,241.8357944060964,769.1565217694788,112.30632892766411,34.14406495888384,87.68838502263631,701.4715965051719,130.49752926699338,157.1874090108165,30.414795724122516,146.76932228693028,196.48677825647312,641.1036138147205,125.18380337847312,775.4798189319176,213.49181634342145,69.56233229954697,282.91611607492564,143.54057144095782,216.89149258563734,201.18589008124636,118.50922227033688,347.76844935358565,140.88099081104912,70.22575386463116
2023-08-02,74.84882799738406,313.4972688426861,101.01111904969349,478.8738800643971,394.6368970414515,165.87003683570393,66.72850029396538,450.2888002337575,321.2903961288568,247.02033425696706,777.3041592519587,111.72376651510406,33.7630661046423,86.81202624318803,696.7872525009248,129.69615309345508,157.44704075082043,30.770214044300538,148.02993577575864,197.05732401923675,643.9276082422921,130.7063658210533,763.8393056833025,213.47018617569103,68.11886548521076,281.96243807467727,141.82965779911595,214.6966843083339,198.20896445464533,115.36670830671456,348.4813183586548,142.21264344537693,69.35520668895666
2023-08-03,71.67816676640987,314.35843612752154,101.97667157005883,483.347931074473,390.43542502265143,164.07981471891375,65.63435038246581,446.86155476417383,317.4338859134304,245.88485418469375,773.2198232096594,111.94296714000117,33.2711567162516,86.66665537044402,686.8474688551938,126.04728583568225,158.49234341417238,30.336743835197645,143.20807036951442,199.43988656474122,640.734476064543,131.72975544319576,770.6715025903947,211.07730312354104,68.89973326409641,276.95967667488156,141.0947791487672,213.33808271619378,196.30690535707032,118.21695111213874,350.06800830114287,139.66065755137865,67.94888605065721
2023-08-04,75.0694087264976,311.24129682278794,100.42494425554715,491.00296051077663,383.17314778471206,168.26040670031793,64.86088249639107,449.61315917853943,315.156913978756,242.19313383879197,776.1007897105793,113.3565324159558,31.92114915592064,85.35362145105216,700.6880413646372,126.88622953878937,159.40068714489766,30.960090879599107,144.5280378600385,200.0844024195092,655.8756955532151,130.8742983155951,770.4737182630589,212.98820227787556,68.29556004026186,281.07108920595033,141.67912748761592,209.91353699421754,195.88719822764548,115.0051528065261,350.60752894847514,139.0004559055008,67.00480845519428
2023-08-07,72.27144936113703,306.0646457577541,100.09911829620326,488.7519635115413,377.482232246244,168.34186508291762,63.91641102728054,454.40907084544773,320.58799437187787,241.6826498433411,802.089433149999,113.2105061381738,31.20241518801853,86.73435478978354,719.1236576354468,128.98263180348613,158.01250965423623,30.14765497393381,143.58509312223254,210.93261756470065,640.2184259013297,132.72574065375397,769.0445743627693,215.18514704856264,67.29838607569116,280.49830714369443,139.9918257965749,207.45784231169625,197.82220027199696,112.47577748903139,352.14802337506353,139.12647145600172,65.97803580738655
2023-08-08,71.14762854207453,308.38726464006896,100.07936190641907,489.17076836718917,376.6222464072687,167.45612215424424,63.90271716467436,461.87376592875216,323.361474507826,241.4741834405313,784.1432858028033,112.66579474573506,30.70695376217695,85.83165577620474,698.018900467577,128.97660356102836,161.94840545890062,30.281260595468733,145.63304806282258,215.30511090980468,636.5701886132146,132.24584630000527,746.8187792440061,215.69535362746143,67.36399853461377,278.230371645712,142.2136127485927,205.22072826331265,205.27668675474828,113.38414411004914,352.1611563332171,142.70066295360084,63.57567803639236
2023-08-09,70.7214337625569,305.615364010206,99.75360529442254,490.8133062065284,375.85261358094846,171.76616028370864,64.32826658280062,464.56004707045423,325.8176531899438,238.5217944586607,787.4516921141864,113.06170797829044,30.109816138435225,86.87171601125652,675.7257842512773,134.41516671960827,161.91727614424187,29.730334785570747,147.39924662437923,218.21300949897605,664.2924901393598,136.32436084269582,726.2570012527425,215.14285271295776,66.65816859613005,280.43580552316575,144.99314400103694,201.4412909223982,205.1817488057785,111.97018895950735,356.4542407427124,143.4877296611324,64.81080975899597
2023-08-10,70.09519613066804,304.95006535066415,100.55827163756629,489.21893853900445,377.1313800000188,175.77103309176763,66.42678963203879,462.2969731725621,337.087233156951,237.44295629111153,801.8771424728186,112.40998824578047,29.57409729207501,88.32129685853889,675.2908114450024,137.2834424063562,163.39859959507385,30.001474899430495,148.99615072436066,223.34812606874587,677.3226268622275,135.40589875536946,732.8235793075079,218.6435446392747,66.7147289605758,279.17933876174857,143.80437951774974,203.97134215067723,204.6196999402358,112.78198698922183,355.14688419271175,145.71885436343203,64.97551457386146
2023-08-11,72.27951067633578,314.36925027123607,100.41412485025552,498.13633676474853,375.84982090387143,176.6355267287083,65.66185379211716,465.5457837595874,338.7906312636613,238.75537109379826,779.3882827095512,109.65858257338708,28.994694385555583,88.93011525836229,682.7045127803525,139.85909414272137,162.66258716592083,30.142576858674683,147.02983998365264,229.96452924161562,667.590157630258,138.15831035673554,729.0220268033256,222.37644928694453,66.88098259517405,279.75888003553246,142.3691856475881,210.47503971608694,207.31791773299042,113.9384732768486,356.4571537649769,144.49990812521486,65.69792165763204
2023-08-14,72.18490642504847,314.868039539513,102.21641731872663,500.196490752436,375.99911604741277,181.29529070309158,64.86762326337633,457.3782254765293,334.6913589285305,239.21735457713282,790.7780376647694,108.6810026552782,30.972688961152144,89.16429605105411,684.4621784086697,136.96212280505227,159.9617064781005,29.005352249992374,150.98377904576034,235.9973004199304,667.7212789570933,135.35192217009637,724.8398730643007,225.8058928895059,66.50082675745314,277.3694561303918,141.66253422079245,209.65540646831315,209.3697236992752,109.0465994310159,357.4220950085288,143.2240220375316,65.13335747942433
2023-08-15,73.3686961834108,306.23635968158237,102.60854244876558,503.5803819539969,378.41069552165976,183.6436193826626,65.43341814176627,461.2290513277053,330.2020954218275,242.5721575797034,771.4265918188074,109.24864285451422,30.610986830952065,87.15567668643133,678.3432333368856,136.71617134021585,162.63677314327379,30.17684948956332,150.6360394248783,229.1418798758266,650.0379543776393,137.1527999896006,735.800952191561,224.42633075848272,65.59687070477126,280.269521906125,139.35113857313254,208.38570958684414,210.72315498567414,104.79393393216495,362.32912696455656,147.74800222237903,65.26025951968309
2023-08-16,73.32294839191077,306.6347776171472,103.09305360348421,498.89316692364696,373.97012076653704,182.49331336355073,65.59144911549842,456.4172313407871,323.4011520470486,241.62269389700683,750.2106131520251,110.24080423909942,28.80308995702896,85.82100635969772,693.9600103815507,136.2406162886478,163.03019703189472,30.097858278377004,148.85876460368314,234.56688014662743,642.5255788451711,135.25149616203962,746.1196203990172,219.95875819185414,65.39426801998675,278.9443023945388,138.80390016296812,206.99278951542576,211.81695154943137,107.11338292948906,364.782093167929,147.12960189294284,65.94088593907676
2023-08-17,74.51604100726293,309.14206154522094,105.26882378762195,483.74122681753624,374.15308627574416,183.52912840734277,64.15769107998328,457.7461112895487,328.179570073954,241.192542079094,760.5693610762759,111.73927439823795,29.510428171601482,87.18238808211765,709.3921216833387,135.1518806779005,162.32333189941707,28.532376143294158,145.8700444071509,240.7511226963039,634.6659219014977,136.18270146967765,749.9818593500453,222.92484248598024,63.85810618615238,280.060290557676,139.4638029492041,204.52241529573195,214.5256744828731,104.17579803713328,370.3639284708705,143.09322384029895,64.98213243988252
2023-08-18,74.30202747718062,310.7061768473481,101.50779175246126,490.661671454659,377.2530192638691,189.96932845494104,64.84377016638028,454.2763848700734,322.8114969980167,240.2955605424116,796.0375371327302,111.86310457679427,29.56881511615667,88.82317863940406,696.3949411984647,136.36592983971397,163.35431000671437,29.13535273262045,148.30604912552448,240.47157039786447,616.8730004158923,134.89735966835403,763.4740424273054,227.4003972072504,62.95351936884845,276.5945175127697,136.54686619031114,202.3447777946066,217.23357352292135,106.9410992564138,359.9064234275956,140.8963605109206,63.53109757523298
2023-08-21,72.94345252490422,309.3222903309202,100.74865317167674,494.19471120666714,369.64514144824886,188.20919094581024,66.19324382157714,461.56295041070416,331.45716054727154,241.33512040969694,785.2008613569908,112.16833983400423,30.940753859502735,88.21207479740035,717.2233901754673,131.06190899712107,164.49960723653373,29.55187226980368,149.40214924238003,242.75072580413445,623.7391121988853,136.22436704981155,758.2438627798059,226.81555385496077,61.959842565269234,278.75998694814535,139.0031871275706,207.53449146541385,215.02587602107772,103.33797362574408,361.9237470184291,138.8225370768131,64.13134101137061
2023-08-22,69.58850611983245,316.78578243184074,101.08224307468534,481.9058167665139,370.9229155529986,188.550719771272,66.72154893407927,465.87235054091013,319.2281205305013,240.31737034907647,783.7314367198386,111.80421855826303,30.759462337916194,89.4823780472388,697.7265854893349,130.45724768132874,164.12986862702894,29.486968723271985,146.64987067332976,254.09572792094286,636.6613333543188,141.45321518746306,768.6102371194188,228.71527504856417,61.97571531356873,283.29007108823265,140.0983180376525,207.0296613524552,220.27359236480473,100.69645704813672,358.3704952049661,144.01018094070528,64.84165092305369
2023-08-23,65.78275591231198,323.95091392040564,99.10134736306112,478.40877831552757,381.2444414283227,194.29520520781386,68.75831843761122,462.9973225649115,317.8733546562696,240.94095978661673,798.0799035802672,111.37528037780737,31.81684269328557,90.08963983567266,714.6741993521526,128.82315991237232,163.3629156353796,29.64942882550822,145.38876221689088,259.848832812721,651.0517160641112,140.89555147398056,779.4088650731301,233.7696098315257,62.77147673088247,285.2778197919134,142.6050799134655,212.1459893016917,224.69710222330883,100.55431007623041,363.03197150116625,143.47981358350611,64.79011596932895
2023-08-24,66.46884706862757,314.07318000795226,99.85080306877009,474.1985685562928,376.52211542226036,197.12529607963359,68.49744238476305,464.34135984171235,316.7962285482598,239.58028589565808,800.0343382183496,109.5186147920801,31.774164105588635,92.52633162959222,701.1880211736444,131.8780354696116,167.46969547448313,29.15414236253752,146.33396630877434,252.78058466210004,631.9311496675733,141.31158741591133,786.2282098635828,232.4407036108658,61.95012745879091,283.1761678866389,144.36393523473305,214.96083419608308,226.6419957579264,99.78793275898747,357.7504930074275,145.97376967349942,66.55132440194505
2023-08-25,65.73399715063984,313.10339382629246,97.04445988073756,477.74075150750394,385.0406000036389,200.53477510443813,70.81517293510336,462.576865174771,310.4612553288187,243.27324335978938,802.9033658237769,108.33700804728743,32.862885817769886,91.79699081284373,688.8341013936343,133.1989378296327,164.96282220004562,29.812206640219543,143.15602730934336,254.15960495297972,636.2359302280693,141.9643109311194,765.2603366454262,232.03033493906838,62.99206847898783,282.73357316371096,142.15689131894078,213.6566808892008,223.08009466245892,95.55205294842239,356.9935914020531,146.1900762782855,67.31932857734989
2023-08-28,66.4026980110179,317.39946019565184,96.99495684499864,491.60904015942845,381.6733481691783,199.4083330076948,72.6063778657534,460.8214698416267,310.022212467477,244.35207947961499,822.7305557461071,108.58726389011363,32.36207209877796,91.31247512136135,694.9110365626252,132.5765627630964,164.09836135880857,29.22131398769643,146.5040325328665,253.52489273041172,634.8621588809151,143.62864533787152,743.6811155952489,232.20013830348668,64.1521761350173,282.6827587201818,142.6067960457955,214.32608398787252,226.2269589264032,95.93708381814143,369.62224533695314,146.65653293007668,66.84938722123557
2023-08-29,68.59483852863727,316.06542032444247,95.8881659733468,484.07554369826795,383.70783524948865,197.78598538596867,71.77281347325066,458.18640118104565,308.35698791017836,246.47729735743476,831.0794198925989,108.44245175052922,32.69879653985323,91.20029979731802,697.3111480331042,131.1579395073264,162.8727658586565,29.32232723136534,146.96425356865436,259.06348084658816,641.6107669377699,142.44934748751567,723.9641325846615,234.442735707385,64.4261319940391,285.5724161596711,143.5225704134735,220.01421294412475,225.67707737520263,96.01795971269888,373.8467536864637,148.3366568915812,67.21261602520764
2023-08-30,66.30594562436029,304.3191054828808,95.1924850548869,484.3842688211226,376.2053961722088,197.69866588004618,72.48495615679595,458.10914536969693,309.8852085594074,248.02002308601558,803.709718604681,109.4005712230166,32.28667559212944,90.927857263586,690.0719733018406,133.49767776416317,160.67927124015915,30.218299623301277,153.90464936927987,250.6716502437998,634.0092972797031,143.9544035129721,709.0376938592449,233.8376957324164,64.58123243900607,283.67061154983685,143.70877875468165,223.09602309642275,225.52884847276778,94.0564582168839,380.09878356753507,151.0646182672841,67.62349096820158
2023-08-31,64.93477572382601,298.70214387762786,90.89412711682989,480.7554452949016,380.588442994269,195.28928687360417,71.46117819543876,463.5097019275781,315.6319515867651,246.81567421880516,812.3054914358032,108.255048938607,32.10229434390435,88.75797475398392,694.1586708046455,133.291775505879,159.45249752509858,30.163296934027954,153.29839083050393,246.31786997986814,639.4121444545094,143.24356386190863,707.1004705630615,230.3234941218824,64.50450562122172,283.2916279910053,142.13672266724035,224.87110350825571,219.57106879850895,93.1604451136281,381.8757904484691,155.26696799289374,66.14207467159606
2023-09-01,65.06574813262618,302.36408229146423,91.03420380969035,473.11212395505976,378.7045786112584,186.87862384225426,71.4731140565571,456.5750913795245,317.99606839593486,245.3326399355525,799.7005954353051,108.53897220736489,32.263270685974675,89.81581329322691,691.3602032558492,133.07995541698898,156.90925305608656,31.13015623997167,150.59834912354367,250.16955289033677,649.3349918026736,144.2354629693153,703.6386650597208,229.5086838493359,64.47514288181917,278.06690350262454,142.1128867517355,229.78440422118982,219.0106710035402,93.10157008578163,376.5902085501048,155.67018163556398,65.31530115641476
2023-09-04,66.26796025118287,310.02212691816703,93.52471280428054,464.2856216737477,381.71643961287566,189.09457165088637,71.03740822084167,462.8201296943806,320.1708101889508,248.7915011595536,778.7774086965326,107.61247650615648,32.32910032380727,91.2533032023194,696.509140515873,131.0520861790149,160.26669627314692,30.937350905141848,147.99734303079856,246.09751491483874,631.7965234014023,138.84984860775393,701.9776654629632,225.83530876519737,64.73658596519493,280.9517642376779,142.86641046356945,229.99834505395464,214.78633782818395,94.68335259755644,387.0842483034816,158.572619794714,63.921019412255255
2023-09-05,66.16526925720575,308.23872370124974,92.8241473525215,464.61421426750417,390.7248789256247,189.4801436589316,70.57337509925016,464.5611654258591,313.74033769734075,247.1435247589732,794.9911432691293,107.92460440826773,33.57362456345082,91.59832425496825,682.8591268273343,127.71962781987318,162.20914167408307,30.252287342597207,144.84223956468978,243.4358602563518,645.12184863031,138.00059965044116,689.7068782477617,228.81275439481533,65.56572775075983,285.81507307004193,145.53310007063362,233.58893389236553,212.79465611345648,95.93447967485048,393.83075500785213,162.4708372813271,64.10528842464964
2023-09-06,65.4799370024709,302.5075366404301,94.65446517352444,460.67663068031396,391.25217388979223,186.50820158726202,70.41308000757071,467.03210026325763,315.16727456966873,249.05966459457198,772.469853592023,107.81903372891031,33.30619560452861,90.42004249971353,674.8145356966688,125.88497201169274,162.91975665094728,30.52092965771592,147.32711171349783,245.16316858210897,647.3949742659329,138.20074879094227,699.6575555908255,223.84081402010523,65.53974467124279,286.85671195173495,149.13249602151694,229.9623968172008,209.75093547904657,91.69927601717711,386.39911350104654,162.1813291414729,63.3596069788603
2023-09-07,64.45115554806817,302.761049078458,95.77121467823875,460.9134137147782,391.44331880766117,187.89162729706302,68.51190372303125,467.91983612300186,314.8958349060509,249.14944119861434,763.0862007124501,107.59189271838255,33.55813706163049,92.40510933179301,656.8897613053275,127.08390709225523,165.31481734432012,29.697364577556858,146.84728802881395,246.62809009633045,675.068537077456,143.41237642182492,681.2421909681284,223.19154660526152,65.71601821265057,288.593090604623,149.5665447724082,226.9236789009427,207.16232735982564,88.93250261921195,375.79296521381724,158.9487750766434,64.57550793040834
2023-09-08,65.44619778893473,306.50835821745517,95.38158474419372,460.81949448387195,390.40100320907703,182.5980082224064,69.1880595223504,472.55155662378945,309.36125296063966,246.43700293539268,768.7093364939287,108.11619360503327,34.01115453226869,94.18715981463572,645.9555904761853,126.93126888283231,163.4189658467455,29.110960822591814,145.66652328892062,254.3287948018134,690.8589834310691,143.24596076438993,651.0556004911463,224.18411699718627,66.02654940091365,286.03778126450095,151.28741940396617,223.90998452479775,209.454085701418,89.36164506257627,368.34695804911524,158.23300363793487,64.73374739800745
2023-09-11,65.87578594639908,313.5375582983911,97.60350028443705,459.5204928829219,392.81984284175843,187.99943158191786,68.14671588773267,469.63189713605004,301.52660188347835,245.00948234182184,772.0141987095409,105.30006422631313,34.28941279256679,93.61202571586978,645.4001001818806,124.54755558092972,163.263032181242,30.194691783377746,144.57854906153193,242.64790834823336,708.6169218744033,144.5874552297293,652.4068916300965,225.59843226768476,66.1118989249294,290.91975174347226,152.86502598682713,222.5152912758664,213.58896039156997,92.65755600934449,373.18023921889994,159.10045734903036,63.84537017791599
2023-09-12,66.85758240746914,316.2864826575243,97.58104385308724,463.9711339509747,393.26517675405097,189.89139613158153,69.22096358345122,463.0368785898599,296.81150843711174,242.91523760738738,803.9586328728496,106.20462593316061,34.74855651330524,95.05538971692937,634.7715001262027,120.48508187855111,163.18295304738848,30.792888282149494,144.05734411358526,235.69505246950257,695.6054662265813,141.736263649776,644.1053615851511,222.91640952229463,66.24807885224213,289.4611489639696,154.21116954621803,219.48565034047311,214.36708152348228,92.5900498748517,375.37515768498105,160.2425609267701,64.5240712041266
2023-09-13,68.0650712751871,320.12516334462714,98.18246954720894,460.0390436032219,396.93519003673157,187.5333926655572,68.92615436829203,458.89517221107553,292.82261970241063,242.2597274768984,800.0420564612867,105.16498136215243,34.775019166199236,95.27332456450377,629.3508153335248,125.09451269337525,163.8645718157805,30.877195743176166,142.2247073989255,236.40828161466143,699.243654113698,141.74343195834052,663.7043339246138,219.00848767166744,65.96876519806611,291.67283609681385,152.37748313207268,214.73353404151655,213.0152208630395,94.53449943755514,370.96060519236113,159.53142669433737,64.97446822616435
2023-09-14,67.23424966635363,317.20384714556934,96.96222724723863,456.7403416172537,392.11554489921997,186.68168758412386,70.04251506189401,467.1700626151461,298.7143379247819,242.69408156271177,828.263550888767,108.34287197747246,34.90031045055957,94.03743848538956,642.7938976041081,122.67590262192273,162.20301589468298,29.5201281011677,144.253276384547,225.0588528208789,713.9411100580651,146.1825272654342,688.3672708787128,216.16161202783033,64.53951816747063,289.93464676239165,154.23199925266604,218.53954622159708,214.9198072784054,95.53436437466063,383.50762194853735,158.57276332981556,64.16228340730738
2023-09-15,65.55232438393848,320.295889934003,96.64962580698943,461.9349848291215,390.31266935109596,188.83316212197627,69.64812107719099,466.56042967808366,298.4895753558867,238.75293836586337,825.8333642330834,109.17455115772438,34.30467288422169,96.48972970239772,642.9357921974689,121.44282879451859,160.9924292994086,30.41500496745129,142.01139190620646,226.51124225836952,727.2905271836252,147.58101248361754,680.3198088289275,218.14934040125698,64.67939469409474,285.1123686547865,156.83848211289575,216.68919913542453,214.5099330167152,96.12605368885556,380.8041488390632,160.16850689445909,63.024877179399525
2023-09-18,64.7589966436238,329.0077233751038,96.72624404567478,455.6523336860026,390.72040302339263,190.22711160131587,68.01873503920838,475.3466707743123,307.08378638414126,239.1391837452215,822.3764636418368,109.26128536893575,34.867138965927936,97.09443151436254,645.4936554457797,124.23370334164514,163.1919943646829,29.794141179806683,144.48037515564627,232.15263214135155,731.662144758976,149.10631694366322,675.9909820465449,215.45333877796304,66.171121080683,281.4411070140564,160.48169427797237,216.55132214882704,218.05744602767197,96.17170893018287,385.9464140753123,161.1342920082514,62.34723752714013
2023-09-19,64.9528290108993,328.1050634166091,97.98409364249459,456.6688172253882,391.9959778875822,186.7514550174555,66.7348471653664,475.9449110165458,308.05633518568334,236.7688458433343,832.2517647122846,110.17406543843416,34.97710743936702,97.13363989941902,632.6240067974879,121.67106442310771,163.9933822527345,29.269466707247595,142.41831148527325,233.55478329852895,763.3917785793462,148.11956807907308,705.8953440231769,215.34185388056179,66.63784450020493,284.2909930659352,162.77260887167657,217.67243931451563,217.49018055303728,97.77067645870808,388.3679016256037,160.25376540864923,63.80043395771978
2023-09-20,65.59958763598262,322.9450749558142,96.36038530516365,468.87398489786256,390.0183982660899,189.32802996394355,67.12033457719019,479.9503884834025,317.53518544789387,239.2169157244338,846.9106847331981,109.95398058044314,34.57868161830922,100.34803333386782,632.2907701768287,121.47591017248503,164.59324962281545,29.396178213471536,146.8716065576169,236.27349443622361,743.1162280119457,146.48565096773913,706.1199136399167,217.75044602381126,65.46136610563097,285.8325958874341,164.423893412446,220.51138958743124,217.3423699510351,99.83445361510637,384.1107884672497,162.26339346130152,63.74224963273759
2023-09-21,65.6675772167476,323.2775022049194,97.6271644610215,462.202134109669,393.8034063987259,192.34955980703464,66.82488203961445,480.19469331600294,313.38101691131396,236.59126862119646,850.4029979474477,110.29466498518893,34.38461908008679,98.70348612644953,637.0228003764997,120.77762988771649,163.18773249343383,30.225301273493955,144.17192701041026,239.13739234343976,720.5423608847126,142.97178693186657,713.4016167641829,217.04109348880093,64.57568018545201,288.6986586262213,165.28383662482253,213.9457042541984,220.11935803397265,97.74592245916612,375.19984955016974,160.5723677132073,63.70470331355743
2023-09-22,65.78418370599792,312.15993579599393,94.98387465543598,457.7119026965602,390.9623248792964,195.03457079609495,66.41925407059085,484.36193557505214,318.91502411650924,237.99649582981857,797.4608109644696,109.92454844149836,34.295705604465674,98.65071584852397,616.2361864827819,119.29577965223532,160.6304621720302,29.62971090586814,143.4836461982651,235.41295655905748,708.0776946493847,142.50755059516717,706.1088177888379,217.5620785514612,64.27317027989072,284.3305554262364,163.0213388031669,213.00499679555,218.9309077102656,95.0379267953555,378.8859335660474,161.2541660083941,63.090186003497784
2023-09-25,65.56183789517699,305.1151589480961,96.61677479807611,470.6323879368549,388.3591377836736,199.41536334761798,65.57462915232105,481.7714032060701,326.27153468914406,237.81717832204063,808.9866973683094,109.60379989544515,33.225207956956226,101.80351450638982,614.1899160447435,119.61690650989777,159.2903262536477,30.139931328672883,145.47194368185512,227.75749390723385,710.7537269436727,144.66192072033172,724.2578155138937,219.1160106917397,64.85815688801293,282.92621327435165,160.35916829100728,212.12068969399354,215.50830476873668,93.6529176418335,375.0518135386359,159.32483878605976,63.64532523178485
2023-09-26,64.16355709321824,317.5728686261851,98.54067942016583,478.29594249567674,385.5897050208736,200.15783857549908,64.56420903011204,483.1559726848859,317.44744904754225,240.43043365631684,798.1437301686898,110.08178212789383,33.527707909262155,101.07146573665085,606.4810473850979,119.39867432880008,160.84411210431634,30.04927349912287,147.19440689233514,231.66020452674215,708.0851179071191,144.40120149617482,726.4456870993778,221.84028605123746,64.61326520548403,286.3013616513938,160.94431172770723,209.95381214101914,215.46743531146265,91.59026210933692,368.2043350273278,160.61480025674004,64.48355923118172
2023-09-27,64.12578465810164,318.0091025154578,97.45994146727475,479.5434669193059,393.9163945043174,203.86299221969978,64.4976519326734,482.52291039121593,315.67760571999264,237.20308409663542,790.117157394567,111.08494734734086,32.988410321076174,100.71300408911124,595.8110647556304,120.95730852413648,158.48964076539718,30.442834923996475,150.160484043586,230.09121684977117,698.2350353018148,145.58695653020715,751.4533447486178,225.07173746301632,64.57639925288034,283.90970055624587,160.4688636817435,204.98641873311846,214.00722964602627,92.41649235735706,366.446707895279,159.39600717753663,64.43121280738629
2023-09-28,63.76467034106317,323.3553964874411,94.98206625331073,483.0776271280325,393.80239385559696,205.48899287353356,63.17501917136436,487.4617873980455,318.47833223684984,241.26175929557442,776.4719658169582,110.31754922495875,31.96927184474757,99.62881594318914,609.7304426754748,121.55852701062254,157.1787890224286,30.53599090800944,150.01077825103667,220.94771722412784,673.8246290253154,148.36542313475573,763.274194020818,221.6333825883232,64.4987178936769,282.0108208204464,162.88383150451864,206.36864701810077,211.06089273699197,92.63954509598582,366.3620861958002,159.34553984001647,63.90398744245845
2023-09-29,63.80608847105972,317.5720631794717,92.82006773431296,475.30767530090975,389.4939982490456,207.08307315945478,63.609168048189595,495.5855345366784,317.4385236057734,243.04451800483093,777.2270074570702,110.79407238076057,32.444514269385486,100.42691897841367,610.876427633964,120.36268932383923,157.72958720030144,31.457429997594033,150.54489557666872,219.11537925344638,685.5477492253015,144.93216318919173,757.5790627156645,219.41209273246204,64.42526131098136,285.6860923965232,164.3347815905731,200.97208201190276,209.46065294200358,89.91982198686097,371.93570046669015,158.17331691107307,63.988884420483096
2023-10-02,63.98326654771053,319.0974003212464,87.7211530657587,477.75989535933275,387.2979726344957,210.29270903974458,63.80981138536949,499.27746822528917,313.9314966422093,240.45159571761613,791.8196899928901,111.64635812871872,32.585138983255035,100.74339886198436,615.0895378708994,117.86450287926581,159.78033704245422,31.358005593781495,150.210008739003,217.19292148326505,651.4941294230598,146.37082972332772,741.8823864325901,219.7259718627112,63.81821704868255,284.83545768211064,163.47889390867016,198.61474701634532,208.92594012489255,89.06549822141058,366.70410315058126,160.6305486173512,63.16487549776988
2023-10-03,64.76531293850742,323.85063162736503,89.35343259750283,474.4746586497859,386.55539300210705,209.67624164287142,64.32326143413187,498.18968557203067,316.2968639976739,239.9478330251313,810.5210210101164,111.68580795869578,32.520671877218575,101.22150646420239,631.4890542240556,116.72100411646744,161.78886291739758,30.812756643725784,150.3644115733394,213.56817275343758,646.6467896094643,144.70973007494254,752.943526115003,218.63775846525849,64.24257806989799,283.4662914528413,163.49701535090264,202.87241025594318,207.0039178157693,87.78935569612648,365.5724476270066,160.62305893327985,63.812600565748134
2023-10-04,64.83257563666957,325.6829597446041,87.37697267184457,476.54531648157996,387.9919600589285,212.25688578634373,64.01432568778084,498.3928859980842,319.9216956217077,237.55287082591613,780.6605625149335,110.17809072117475,32.16467936892956,102.70381756052811,652.4235261682046,115.01547311502455,161.6688858867505,30.468291442201455,151.78925405093923,214.86314765397287,635.1501171385753,143.20701179922696,750.748116811858,221.56160839376378,63.7636016949813,279.222810923421,166.43982234257328,204.38612850995756,204.00094936924376,88.32759050684889,369.8599698886936,160.84798390471624,65.25050597931839
2023-10-05,65.61552807369765,327.9528125358444,87.75343172636515,477.57257554294495,391.7270856125232,211.7044994185677,64.93934817107098,500.3448812149703,320.55254157997376,236.9328179799187,775.7918802471586,110.68132796885811,32.761977842807994,103.41908255108069,645.0991049496395,112.06540933768251,163.1243881550041,32.297320501365625,151.0147704712554,212.7718393093213,646.188677804899,141.1440957893077,774.856677456309,222.5928544254491,63.76304074844858,277.1930152371973,168.4720507347753,203.1486777971995,205.94340125767758,89.03321773424489,376.709410983668,161.20975441809486,68.65401516835561
2023-10-06,66.40742896588294,329.1038741285253,87.11147445812543,483.33600010734153,390.2757079527966,208.78372599055416,64.49160593194999,499.530309227743,332.1724149296118,237.720953519264,765.1360954841957,112.27998700045094,32.88424799640401,105.24614600320778,665.2329042810372,109.3823497016213,158.66400612891218,33.72707327182784,149.06106501503498,205.23463910476946,639.3431714339544,138.85899388015233,762.4207445103025,224.67893273453825,63.51008457792505,272.861551308614,168.5776695338018,200.74331948358144,205.3556870205904,88.69535899983741,381.3072972606506,160.18410516737515,69.44503858299795
2023-10-09,64.18600118909757,335.6746014083608,89.38813022336429,482.02725668983766,386.9573424655138,204.7775184832149,64.47399428476074,506.49305454793716,330.0646520243651,240.44990303895605,746.9300667030734,111.83563594895584,32.87091799790009,105.57162464035954,661.7945380361137,111.64829553048168,161.08087040435404,33.60535426651152,147.60503040404035,202.646098059291,653.3437566470824,137.31469045592223,739.3776941954166,221.64982155430795,64.03669438264411,269.2781611351112,167.70021085754396,201.0979717692014,201.02901882972802,89.01919701528698,379.7154579898087,156.29299230351424,69.6725745266029
2023-10-10,64.73971300739318,337.13252256714316,90.30435381633703,483.8514535766712,390.0658370527056,201.3268659820404,63.14453220592813,500.3127276164922,325.9883051705448,245.40846820946715,734.4823748300037,111.15230492500562,32.7462646737461,105.08934274740626,681.395910073075,108.55969698138026,165.32211108669517,33.716662036169666,150.38520356806214,202.75170599112448,664.6261028967768,135.14493773042875,718.6401393547308,227.8711902588379,65.53405282127136,266.5726940037265,169.36760039112986,204.527546204796,202.81518391327043,88.65278045549282,390.72095712027965,157.72387449133248,68.63386810764747
2023-10-11,64.21339907860752,329.5376771085106,90.14082673974131,483.12183550022985,393.305181827634,204.05918807747432,63.52021889182876,502.5452582118772,331.47152792287625,244.96682455920316,698.633284038807,114.23218824267543,32.23173966749069,106.09202259455964,677.7887396223354,111.08299435831005,163.50093043211217,33.207147233387985,148.98128834380432,205.1759933940948,667.8563418041352,136.4633013408849,720.628104977946,230.19216830442048,66.29976216295141,270.7728400040246,170.18993812501193,205.58628562618154,207.55229687413606,90.79126098788007,393.6920668345394,154.92101581368902,66.78353339729858
2023-10-12,65.06873714731229,334.342966458427,88.89697961201743,485.56772132457985,389.5674664253395,206.19992810680324,64.09954952310018,506.0668377666508,333.32554194069274,244.3610221280036,695.5399723251829,115.98572633112825,32.48264468359737,106.80757945467026,678.8241728118819,112.28700150984095,165.39934222804095,32.764065908686014,150.71573167641895,204.20884184089596,672.366467076309,138.42784814862017,698.9908119777512,227.63716579613788,65.80105422930517,268.9223771582321,169.84758690270627,210.70188537025177,210.79752042904437,89.75053700034363,398.62728375268154,154.86220807043296,67.1646185312635
2023-10-13,63.724424613183714,325.0447627636773,90.21116588495163,485.9486156718941,391.8274337611329,212.2450968004864,63.87740440978823,505.0349362958608,342.8111926092064,244.507305604589,683.9487767580173,117.13413962456211,32.357525550850845,105.65913940583884,679.8959655191883,113.82946774142623,163.1972632089188,31.94089553932158,150.51193457276813,199.50029085291305,654.9678336685766,138.45739691363357,715.5331775272756,229.60618534557085,65.7375092013301,272.5256034014635,173.9194745674035,212.25553351007082,209.88015667299268,92.58561859190552,407.2973265118579,155.40097634458184,68.52194104016047
2023-10-16,62.67504247993027,310.94676508291263,88.53350437297128,487.4536756801978,391.59674807344106,215.9872322721794,62.476972888794215,497.2046611612383,347.0443493220184,241.16597709732284,680.0802862782375,117.229609294384,31.996958242129807,106.49958671588418,657.924162658768,117.30383034215556,162.60453601996696,31.828759114759094,158.53641639461054,193.8251995989177,641.0805948974698,141.8149930698416,692.5190126380176,230.87690537709338,65.28434248601458,268.27172920376745,175.1978618508195,214.02022637217883,209.9575203169989,96.47727595598087,403.07721664612126,157.18854190622298,68.89453325907058
2023-10-17,63.99952723627482,307.6823745209543,86.18452663433389,483.22440827022706,391.40967357515456,218.68227802791785,62.49998431093006,498.62110082035497,356.67916246927365,241.21209054461173,672.5452525601429,117.9467550069379,31.046199423012485,104.10025252927106,656.6080041317772,115.54549432473249,161.48415198929348,32.48550010221055,160.17728998105397,193.5248044819977,642.3292163822658,140.81174144932422,705.0850294563206,232.88507881462374,66.08030856835487,270.9481117028021,175.35878729970153,211.95067433226927,209.57949029818008,96.70317363589325,399.44335157474666,160.58081914251048,70.76004480419061
2023-10-18,63.842795777787096,314.7228712877344,87.1632011828447,480.2132710752114,393.21565469830114,215.66503136259695,61.68742712379826,501.4820635038084,359.5376396853101,247.8270475211303,670.3549104871752,117.21536792243647,31.57192351086086,104.08547649939732,649.9314771067421,114.46071295295904,161.18330450288553,33.2418693357556,161.5411831482431,190.13869965129663,667.372327730146,138.67378882311598,694.2833067241154,235.84188171168577,67.29106700773953,272.03463472345453,172.3513098614065,212.30910361391798,205.99722935634827,101.60445568478553,401.18330848513926,162.29072767757214,70.34105562674272
2023-10-19,66.36634817898945,311.42966401419335,85.73115421116347,482.3302259173929,397.0095321819722,224.1438932617214,63.20571905801772,508.3547850146565,355.8052449363505,246.20914623668713,658.1570351747918,117.0499540335159,30.526335971291157,106.02452550222917,639.4540132422843,112.34931339748404,160.45477487723093,32.29459275449948,163.5837818662762,186.2851932432034,674.4964964107659,140.8844683710595,686.3592235861106,234.12856783588865,66.67135684517619,269.22474593369384,171.4044232256063,212.57810210529226,202.4346401342095,100.31718809727782,402.2045303103282,162.39334729932293,67.35709311538675
2023-10-20,67.28049144590784,319.98835247121724,84.79776671450668,471.50286811341056,393.8618383771247,220.9729141854348,64.36017735357166,502.5252324652288,353.92345323346314,250.43436611735765,660.3678277196071,117.40027694595713,30.48269878191496,107.44095960428565,643.6934585243201,115.81938925514864,164.2481316818647,32.52042551345252,163.49709286703492,186.95146111547982,666.7765029878965,141.22028897527738,665.885622102182,232.44090918139352,67.319999198196,270.8044688944599,171.14089666908083,213.92349826187314,206.46867004283857,99.55259804963762,394.3705255189022,163.7514434361616,67.95416980304591
2023-10-23,68.39151656765014,311.9206570944259,82.36080577734454,473.3301370105943,394.76294336398075,219.57264281273308,65.77878093723314,502.7127695063303,360.93811795412097,252.72610568742243,645.4838064579629,116.1426754430553,29.806046762518577,108.08342446380368,644.7966641123465,118.4186509574184,165.44469734527254,31.624127244177846,162.0819403433768,178.75468095132442,670.9944956558845,148.09040165218846,667.7847762451748,233.00254089527198,67.3268645740057,271.8966671904383,170.81078166493526,215.892755360654,204.49838704803147,98.11751553867273,387.45941944723677,163.71202699921838,66.74738907657732
2023-10-24,70.55953176636889,309.1344133668345,79.2610021137674,466.4050888720991,395.4130664476642,222.1978055405789,66.13600610141359,498.43141411383647,357.8303938809367,251.1208879273403,653.1677319593863,116.37293301240189,29.580626765294223,107.15490050558772,639.5148317655261,118.45138458647028,168.12017356714807,31.75768955661665,161.0668336064928,177.19984593314996,695.2389330730983,150.1955242457527,681.7572453162088,234.91712561055584,67.30755563742402,275.3057832890978,167.47875516561308,220.81629974416492,206.53305713293096,99.07227089360096,383.5224485147372,165.73373493984982,68.01005259447902
2023-10-25,69.51187634898704,304.7678299158148,77.69170813399445,469.9767963291587,395.0790881544421,230.9075852615727,64.6390961181462,493.9244590742994,358.01026745618526,252.8855203734492,661.6773744928995,116.55653223335442,29.777743580886135,107.34552867763176,650.4364679345515,117.39599796261832,167.28705883832978,32.24113865957246,166.03803865521755,174.83893780322748,698.8807061646912,149.24975169936226,689.834378965574,230.9456362242356,67.05146392118621,273.85239730353464,166.73474736345946,212.98206083274448,212.0583248137531,94.2790048389666,386.2097300615131,163.00128595253597,66.65134215137186
2023-10-26,69.72575972535003,309.4614745659885,76.09091134081964,463.2692580413699,389.7323293539905,231.82767246444425,63.63898771870651,501.20890861281976,351.69885776733577,254.352661541677,683.384939987256,116.71716527994737,28.854620967248586,107.9423753075214,647.9702261137536,117.33231974984439,170.48401938229455,32.282734571991384,167.71525995636327,172.40742498123916,694.9857841665166,152.14052678579228,691.882120060106,231.70984820817722,67.87720946274698,278.4899245308294,164.17469575255967,211.54877735133115,216.15035796865251,98.09228660495323,384.9333488462259,163.6064834901231,67.03979147224709
2023-10-27,70.08455427727236,311.2284765841506,78.18067735402501,452.4738066842947,387.0932428499887,234.5416423142661,63.17411256555587,503.03116372665744,357.85757161420446,258.5180094975124,687.3519879374389,119.00754489072037,28.938276443639765,107.52577342967209,632.2566062094841,115.44072990761596,170.5360807509813,32.30623396478896,168.4875011510116,179.29614744363639,706.048133586259,154.25014209376624,719.1082959460974,230.90547423986504,67.4875663509009,282.05141430384504,165.28958033780694,211.47757783341297,216.05774505625052,97.7591944582856,384.5232332709583,163.6302820717539,66.72191546370094
2023-10-30,70.93105896892015,316.3995515328577,77.34157565136483,458.09225657665127,381.9505208488899,236.70932764919894,63.70779253802886,502.81081493238713,358.2923498296153,258.03330839073453,680.0877813271261,119.06813067767949,28.668918533655706,109.19841310606758,611.4262593035473,115.2030714083594,166.80231838624738,31.57558412900491,166.6612776320033,184.49832218896245,723.2952429382381,154.45759872726458,720.1428904890815,233.51736860566143,68.42481363014365,280.56076324693106,166.83400669661316,208.65816749360212,215.05307388949566,98.92333290825177,381.1433984372029,162.9071526781409,64.94950756212057
2023-10-31,71.62726002993,310.52717487374855,76.12720768015919,466.57798139349535,379.23415899376573,239.9731738707164,64.7736136458881,508.148538127368,357.0066617272849,257.05691959358546,667.2178681200495,116.49060525958267,29.076393035777034,110.21335678636648,616.1984972766102,109.99859487471346,166.49610869796402,32.01469047003999,170.86429357554908,185.69219024027413,726.3717966373774,152.703956969023,725.9752425476906,233.00095343893068,67.85351109899972,277.4536725384088,164.74070743954186,209.69586679657507,211.3206498452454,98.34820571668584,388.29050076758136,159.92980953779184,65.43246705621434
2023-11-01,72.47962612975618,308.68373541566297,77.08562713004218,465.57557748457657,382.54658436720746,235.40897488084605,66.64184915894755,516.4849505136608,344.8429488479127,260.164580688438,659.2097813002919,118.69053370574089,29.61411056653362,108.64319016304317,621.983667491923,108.76130879625151,167.59641003795994,32.05214786384862,168.5171954448496,180.49792605329134,730.0085605333948,153.9290144218086,723.6324483787573,231.16983917199812,67.48466792601158,274.5492715710195,166.42275757075544,203.36045925460613,213.99955789985094,98.2016403296367,391.25898793402064,161.25169934328974,65.5635855271934
2023-11-02,71.88555317624044,316.261154254772,74.55480355581271,473.8633155847014,378.06154267997215,234.0507010506192,68.09498877430651,529.5471866140797,345.9373564870359,256.81559274369863,671.0754478254257,118.69130433479775,29.070422058939073,108.98322011230977,609.170852312859,109.12345801530431,165.83111119180694,30.71958041811856,163.25170352611082,178.19413418396968,737.8074634217962,157.25955543936868,745.7913263187748,227.57228210873163,67.32507638680663,273.0013230744419,166.21410308357426,207.5794381491285,214.5190030345626,99.91322232290793,403.65003584617403,158.0360195486115,65.06436064276613
2023-11-03,72.77844194153066,318.1973789460083,76.12829003659675,471.61693242038865,378.97121072143347,230.8966413943369,69.19750324548491,530.0474414710247,353.75111780764274,260.53405291826095,653.326365833707,121.1365350846004,29.567073068528142,108.776246082035,617.514219733419,108.2366754386353,168.55298068925083,30.79095655875265,166.09174895129868,175.83268172174286,742.2953381262818,159.66091582540466,750.7109477923296,228.99187672065347,66.73878626640246,273.96149823788124,164.55411141632067,207.58694269149566,213.2373948789731,99.50928944535492,394.0454440671262,158.11908708274387,64.95646451240707
2023-11-06,70.46403770004218,320.6628939039005,77.39592929771607,473.76138480034984,382.2421784378724,228.73059486044244,68.98459755370932,530.7352106078102,354.67354234520957,254.6636917818529,640.8614660297624,122.75126328346981,29.169080243474415,108.43851547083896,617.0873010335149,105.90692827269795,171.76223663611495,30.775369554780006,163.41104437901186,178.29208844440313,737.9120996179128,159.83787086216444,773.3941439412994,227.75200748993066,67.67485348505156,273.14940970191867,164.736961367794,208.55410706452432,212.36837051595666,97.51897016318138,396.67903332358566,160.46834398954653,65.62897668810882
2023-11-07,71.38005226533,317.61556017469013,78.4722902354494,476.1867421376193,385.8594255131384,229.16105177823374,69.6122486715478,528.179364708011,358.67633343255255,251.62154681431898,636.3858576326875,121.72930092682975,31.058437638448478,109.40971418272952,606.5642338742733,103.58098708941178,168.30873361234282,30.029937885737667,160.79738589395131,174.64398451861226,730.9687894576742,162.1368978693347,770.2282424808536,229.53980223898787,66.84182814436527,272.2296545016602,162.68700066624115,209.94579090313565,211.9482235622302,101.02145062774302,393.122582937107,158.34488626947845,65.95295951419212
2023-11-08,71.11972928069655,321.19408116582815,78.40054230549003,475.4627103672188,383.19451356133436,228.06956943879163,68.04116856098598,535.4331675741912,366.00708888220584,254.07296812416473,630.3162812084264,120.82187997238347,31.347134744670374,108.04670035526141,617.7854566292377,99.6427681463403,167.45703959179465,29.350297133490606,164.72700047505901,178.6961024068944,739.7355038367936,167.5164673299273,770.4619601927784,231.142188662181,65.60139427291118,271.48270941489454,162.9600133458843,207.2649206895404,212.72084788328607,97.14388718904378,396.0092196203565,157.48213532610697,65.1186012924874
2023-11-09,72.26888732818631,331.6328205300912,79.80904112472537,470.527634225509,386.0171093726918,227.03922837145566,69.21082440993733,536.9941429051844,357.74977750458226,253.57508456487471,619.5273915407765,119.69440725438409,31.177937881463237,108.46469294891926,626.9167692525743,98.80471782699247,169.9084203489016,28.292380446714976,162.12614538893155,186.67567026203238,722.589265459739,171.13288308745916,770.1116952565633,231.0357578896531,66.35718300894894,273.7800254148493,165.9622319184347,206.59350183062494,213.1873631083418,96.6635009682003,390.05036693432777,157.86022281195264,64.94991414073823
2023-11-10,69.43955539142586,339.79752930159697,80.06515882374711,466.33233083439893,387.4687425669932,224.92103715196203,69.42781838793458,545.5037638177315,360.1077140193781,252.46614794875018,606.3106784342453,118.67226096052761,31.64348417171667,108.40359163928461,632.6473352507444,98.36788883152109,168.09274323190195,28.666856622544245,159.6552922187977,185.07794462014397,704.6522451819183,168.45495812408356,784.8520627777647,233.67473713878445,67.2467628011764,276.9272218270861,165.19882303679586,208.63751985141627,216.17115094909533,95.0020936685214,391.2395697417671,157.62747599398324,63.00602737053982
2023-11-13,69.93349930230174,334.70401447274565,81.75905983424829,461.7930990467712,388.9120705679801,225.3993013442202,67.66447958609918,543.8492007971324,362.2454373790967,255.14255064890705,606.5384482576394,120.10711832990437,31.959378840844764,109.25556780646819,639.0003293586144,97.94111800706577,166.1872969975621,29.663635873893536,162.05983264960727,184.8245359965281,713.8838174000315,169.61419399987264,770.9292275083553,232.90935782233356,68.33937624794358,277.03987477486544,166.0716303922317,212.50561744665288,216.22383767976885,93.26018411689569,391.9923592996692,156.51692087955905,61.59977233098021
2023-11-14,71.15432659294092,332.9686396792475,77.12752589261909,463.512414453998,390.09705086164587,233.5089841039077,67.66763185519257,550.5309897985189,366.0533088051092,253.7699347860514,610.9636195893822,119.91664304828674,31.582301863738014,108.52420590357897,632.4555328481666,97.93910690921675,166.21955916544712,29.31744450144417,161.44274423521168,177.60520689469638,699.2782280090715,168.79242723966146,798.6323224087889,234.54016912647674,67.56882134916964,281.68800048135455,166.098886056814,209.13721843256386,216.0801511292245,95.1073181469871,385.9764292134174,154.45270519369961,63.444675641323784
2023-11-15,71.61566410916498,329.70407442021383,76.98964921829128,465.435993621316,389.3710854045922,239.29774006875306,67.77547533167869,554.8273370621488,366.6471374785014,253.78553690187076,622.4685731351956,121.37862744266515,30.688748279852835,108.51718848695695,653.635972457169,97.24122234941635,167.15263625971895,30.125628448800622,158.07078664637967,176.21504996091528,677.0202642799534,169.11064638335185,805.2068126003477,236.2078916766627,68.8693820564933,281.9969270030253,163.55569958570706,206.57266321749688,214.04607444433313,95.50283915387223,398.96995807163006,154.33629302834055,64.88641948989745
2023-11-16,71.44948001898891,321.6392483790308,75.78787234847435,461.1092674891763,388.9421308271712,241.08118420301903,67.11683617078354,559.9373762304817,372.8373430616156,253.2349178940539,634.5241656864634,118.47863410113796,29.43837267911517,109.75399221704579,649.3305444714442,100.81968605615494,167.01164213015193,29.484874614207985,163.30795326955575,178.7076822954515,699.2601008480043,167.45294348322963,811.486985750399,234.10051422842577,67.47196753641178,284.23301927547425,162.5767581907948,203.70361615724238,210.33043108302854,95.85240568905498,399.46364945893225,153.3980460285358,64.18372848393673
2023-11-17,72.63927493570702,304.9412125591521,76.75533410501112,464.12967650543965,383.9428777157321,232.82296664665677,67.7191580294371,553.0289785647454,382.2745663303339,258.70273683286706,640.2027933147408,118.38550148092624,29.334714611501592,107.29858540234396,646.4607465162521,100.08080853077654,165.8063284064354,29.74132380945622,163.7508407930673,181.73933059887247,693.0189416267084,169.19394006321082,811.6980029616277,235.64794786001823,67.43029190982092,289.47479089995414,157.31604086851667,205.60168813355452,212.7358463515312,93.46924798226642,409.89948714938055,153.47046172365518,64.0593855337126
2023-11-20,73.2274953745754,310.9538249699539,76.97763779753969,464.9125918681877,387.47251406452955,236.9578114340553,68.06920838275668,543.9672964702403,376.33297357211126,261.6033213526461,636.4845043818174,117.54728865015643,29.57624984807693,107.77384903182063,644.3000687483216,101.31790024703633,163.38925838452786,28.650667835744912,168.57877558108126,177.4628257530466,672.3010627678689,168.2778164546411,811.2670975718546,234.52762371753857,67.26769589930097,285.5129458940147,158.874208212559,201.19937834446725,212.87211062118573,93.9069294613887,413.76673237988064,153.95228853638127,62.939729623365416
2023-11-21,72.59434190400121,306.362815037203,74.65865074599007,467.77365680309566,384.4321589790976,237.61854353443098,67.96330871012078,537.4800020175086,369.41500614225134,260.850803987383,619.2374030914806,119.09363393246292,30.303914194689924,108.92965307198489,648.0013023627298,101.43335120662098,161.42544297558794,29.17399144592127,173.11028314175087,176.20068788558905,671.9472640576588,166.00320763191502,805.7010674610409,231.4992457205311,67.05686883192959,286.8852388484246,159.6052924504858,201.9847689846822,206.36125314889105,93.99843320800638,417.4623324188192,153.96273538461767,64.12029977125934
2023-11-22,72.44815617757074,309.10985860494674,73.22488889191136,471.5953542499797,387.7547660558835,234.59707637684545,66.52933479823596,535.0821547121806,363.7896055515781,262.5122265916576,612.9334907121638,120.2464180114543,29.48311407193539,107.75025965291853,640.220719699055,101.90517329864961,157.5649243739899,29.00587731296758,171.93412246435142,177.57750664415687,672.8019076514545,163.35199010745268,768.33652380367,229.6883345102367,66.07242653398043,283.56310665909143,158.05364600412355,204.42921884826174,203.08958992726681,90.59517486891193,414.24447546223576,153.43487665039885,63.76662244605311
2023-11-23,71.44098002337924,307.58456781160737,73.55715908021568,466.32490323893944,392.0067793236843,233.84505701880175,67.52094731979291,536.8922659384219,356.7798670086896,257.6001561810375,626.7254607076628,118.91977141815067,29.44308638306373,106.90569175336246,654.2148865317212,101.79494928642005,155.06282142127938,28.845527578988953,175.7226511021739,174.3343407792654,651.5242605795455,165.4082903169182,752.7252500026535,225.6652452173357,65.35240694750257,284.32583700258834,158.91369763298337,205.50192736783293,200.36084381001774,92.13584811313694,418.3552080372988,154.3275053040959,62.63540831396366
2023-11-24,70.46061794039525,309.56818124136487,74.37215046108616,460.05085775753093,399.3447476823408,233.1522627106807,68.46342989341086,529.6896126378175,357.8752386373679,254.43084860207733,628.3068294181902,119.63524805888645,29.71085259107696,105.83390316728935,635.2326242717493,102.29663682042136,154.32060739809415,28.58352833308348,172.56900551483793,174.03915530291616,651.2041846604967,168.3311644944667,721.0330307636,222.52731385157037,65.70838790931634,278.1672304235175,157.33035745279628,212.59530701447557,199.63903184152926,93.37259295094745,408.62792306098316,155.7048568628213,62.227021908169604
